
> nx run ngx-xmpp:test --browsers=ChromeHeadlessInsecure --watch=false --include=**/multi-user-chat.plugin.spec.ts

Browserslist: caniuse-lite is outdated. Please run:
  npx update-browserslist-db@latest
  Why you should do it regularly: https://github.com/browserslist/update-db#readme
- Generating browser application bundles (phase: setup)...
[32m✔[39m Browser application bundle generation complete.
[32m01 01 2026 00:06:21.537:INFO [karma-server]: [39mKarma v6.4.2 server started at http://localhost:9876/
[32m01 01 2026 00:06:21.539:INFO [launcher]: [39mLaunching browsers ChromeHeadlessInsecure with concurrency unlimited
[32m01 01 2026 00:06:21.542:INFO [launcher]: [39mStarting browser ChromeHeadless
[32m01 01 2026 00:06:22.162:INFO [Chrome Headless 115.0.5790.98 (Mac OS 10.15.7)]: [39mConnected on socket 7sa4I76hb9jy5kCeAAAB with id 97736178
LOG LOG: [36m'[Ejabberd API] Requesting muc_online_rooms from http://localhost:52810/api/ with user local-admin@local-jabber.entenhausen.pazz.de'[39m
LOG: '[Ejabberd API] Requesting muc_online_rooms from http://localhost:52810/api/ with user local-admin@local-jabber.entenhausen.pazz.de'
LOG LOG: [36m'[Ejabberd API] Response muc_online_rooms: 200 OK'[39m
LOG: '[Ejabberd API] Response muc_online_rooms: 200 OK'
LOG LOG: [36m'[Ejabberd API] Requesting destroy_room from http://localhost:52810/api/ with user local-admin@local-jabber.entenhausen.pazz.de'[39m
LOG: '[Ejabberd API] Requesting destroy_room from http://localhost:52810/api/ with user local-admin@local-jabber.entenhausen.pazz.de'
LOG LOG: [36m'[Ejabberd API] Response destroy_room: 200 OK'[39m
LOG: '[Ejabberd API] Response destroy_room: 200 OK'
LOG LOG: [36m'[Ejabberd API] Requesting registered_users from http://localhost:52810/api/ with user local-admin@local-jabber.entenhausen.pazz.de'[39m
LOG: '[Ejabberd API] Requesting registered_users from http://localhost:52810/api/ with user local-admin@local-jabber.entenhausen.pazz.de'
LOG LOG: [36m'[Ejabberd API] Response registered_users: 200 OK'[39m
LOG: '[Ejabberd API] Response registered_users: 200 OK'
LOG LOG: [36m'[Ejabberd API] Requesting registered_users from http://localhost:52810/api/ with user local-admin@local-jabber.entenhausen.pazz.de'[39m
LOG: '[Ejabberd API] Requesting registered_users from http://localhost:52810/api/ with user local-admin@local-jabber.entenhausen.pazz.de'
LOG LOG: [36m'[Ejabberd API] Requesting registered_users from http://localhost:52810/api/ with user local-admin@local-jabber.entenhausen.pazz.de'[39m
LOG: '[Ejabberd API] Requesting registered_users from http://localhost:52810/api/ with user local-admin@local-jabber.entenhausen.pazz.de'
LOG LOG: [36m'[Ejabberd API] Requesting registered_users from http://localhost:52810/api/ with user local-admin@local-jabber.entenhausen.pazz.de'[39m
LOG: '[Ejabberd API] Requesting registered_users from http://localhost:52810/api/ with user local-admin@local-jabber.entenhausen.pazz.de'
LOG LOG: [36m'[Ejabberd API] Requesting registered_users from http://localhost:52810/api/ with user local-admin@local-jabber.entenhausen.pazz.de'[39m
LOG: '[Ejabberd API] Requesting registered_users from http://localhost:52810/api/ with user local-admin@local-jabber.entenhausen.pazz.de'
LOG LOG: [36m'[Ejabberd API] Requesting registered_users from http://localhost:52810/api/ with user local-admin@local-jabber.entenhausen.pazz.de'[39m
LOG: '[Ejabberd API] Requesting registered_users from http://localhost:52810/api/ with user local-admin@local-jabber.entenhausen.pazz.de'
LOG LOG: [36m'[Ejabberd API] Response registered_users: 200 OK'[39m
LOG: '[Ejabberd API] Response registered_users: 200 OK'
LOG LOG: [36m'[Ejabberd API] Response registered_users: 200 OK'[39m
LOG: '[Ejabberd API] Response registered_users: 200 OK'
LOG LOG: [36m'[Ejabberd API] Response registered_users: 200 OK'[39m
LOG: '[Ejabberd API] Response registered_users: 200 OK'
LOG LOG: [36m'[Ejabberd API] Response registered_users: 200 OK'[39m
LOG: '[Ejabberd API] Response registered_users: 200 OK'
LOG LOG: [36m'[Ejabberd API] Response registered_users: 200 OK'[39m
LOG: '[Ejabberd API] Response registered_users: 200 OK'
LOG LOG: [36m'[Ejabberd API] Requesting registered_users from http://localhost:52810/api/ with user local-admin@local-jabber.entenhausen.pazz.de'[39m
LOG: '[Ejabberd API] Requesting registered_users from http://localhost:52810/api/ with user local-admin@local-jabber.entenhausen.pazz.de'
LOG LOG: [36m'[Ejabberd API] Response registered_users: 200 OK'[39m
LOG: '[Ejabberd API] Response registered_users: 200 OK'
LOG LOG: [36m'[Ejabberd API] Requesting check_account from http://localhost:52810/api/ with user local-admin@local-jabber.entenhausen.pazz.de'[39m
LOG: '[Ejabberd API] Requesting check_account from http://localhost:52810/api/ with user local-admin@local-jabber.entenhausen.pazz.de'
LOG LOG: [36m'[Ejabberd API] Response check_account: 200 OK'[39m
LOG: '[Ejabberd API] Response check_account: 200 OK'
LOG LOG: [36m'[Ejabberd API] Requesting register from http://localhost:52810/api/ with user local-admin@local-jabber.entenhausen.pazz.de'[39m
LOG: '[Ejabberd API] Requesting register from http://localhost:52810/api/ with user local-admin@local-jabber.entenhausen.pazz.de'
LOG LOG: [36m'[Ejabberd API] Response register: 200 OK'[39m
LOG: '[Ejabberd API] Response register: 200 OK'
LOG LOG: [36m'[Ejabberd API] Requesting registered_users from http://localhost:52810/api/ with user local-admin@local-jabber.entenhausen.pazz.de'[39m
LOG: '[Ejabberd API] Requesting registered_users from http://localhost:52810/api/ with user local-admin@local-jabber.entenhausen.pazz.de'
LOG LOG: [36m'[Ejabberd API] Response registered_users: 200 OK'[39m
LOG: '[Ejabberd API] Response registered_users: 200 OK'
LOG LOG: [36m'[Ejabberd API] Requesting registered_users from http://localhost:52810/api/ with user local-admin@local-jabber.entenhausen.pazz.de'[39m
LOG: '[Ejabberd API] Requesting registered_users from http://localhost:52810/api/ with user local-admin@local-jabber.entenhausen.pazz.de'
LOG LOG: [36m'[Ejabberd API] Response registered_users: 200 OK'[39m
LOG: '[Ejabberd API] Response registered_users: 200 OK'
LOG LOG: [36m'[Ejabberd API] Requesting check_account from http://localhost:52810/api/ with user local-admin@local-jabber.entenhausen.pazz.de'[39m
LOG: '[Ejabberd API] Requesting check_account from http://localhost:52810/api/ with user local-admin@local-jabber.entenhausen.pazz.de'
LOG LOG: [36m'[Ejabberd API] Response check_account: 200 OK'[39m
LOG: '[Ejabberd API] Response check_account: 200 OK'
LOG LOG: [36m'[Ejabberd API] Requesting unregister from http://localhost:52810/api/ with user local-admin@local-jabber.entenhausen.pazz.de'[39m
LOG: '[Ejabberd API] Requesting unregister from http://localhost:52810/api/ with user local-admin@local-jabber.entenhausen.pazz.de'
LOG LOG: [36m'[Ejabberd API] Response unregister: 200 OK'[39m
LOG: '[Ejabberd API] Response unregister: 200 OK'
LOG LOG: [36m'[Ejabberd API] Requesting destroy_room from http://localhost:52810/api/ with user local-admin@local-jabber.entenhausen.pazz.de'[39m
LOG: '[Ejabberd API] Requesting destroy_room from http://localhost:52810/api/ with user local-admin@local-jabber.entenhausen.pazz.de'
LOG LOG: [36m'[Ejabberd API] Requesting destroy_room from http://localhost:52810/api/ with user local-admin@local-jabber.entenhausen.pazz.de'[39m
LOG: '[Ejabberd API] Requesting destroy_room from http://localhost:52810/api/ with user local-admin@local-jabber.entenhausen.pazz.de'
LOG LOG: [36m'[Ejabberd API] Requesting destroy_room from http://localhost:52810/api/ with user local-admin@local-jabber.entenhausen.pazz.de'[39m
LOG: '[Ejabberd API] Requesting destroy_room from http://localhost:52810/api/ with user local-admin@local-jabber.entenhausen.pazz.de'
LOG LOG: [36m'[Ejabberd API] Requesting destroy_room from http://localhost:52810/api/ with user local-admin@local-jabber.entenhausen.pazz.de'[39m
LOG: '[Ejabberd API] Requesting destroy_room from http://localhost:52810/api/ with user local-admin@local-jabber.entenhausen.pazz.de'
LOG LOG: [36m'[Ejabberd API] Requesting destroy_room from http://localhost:52810/api/ with user local-admin@local-jabber.entenhausen.pazz.de'[39m
LOG: '[Ejabberd API] Requesting destroy_room from http://localhost:52810/api/ with user local-admin@local-jabber.entenhausen.pazz.de'
LOG LOG: [36m'[Ejabberd API] Requesting destroy_room from http://localhost:52810/api/ with user local-admin@local-jabber.entenhausen.pazz.de'[39m
LOG: '[Ejabberd API] Requesting destroy_room from http://localhost:52810/api/ with user local-admin@local-jabber.entenhausen.pazz.de'
LOG LOG: [36m'[Ejabberd API] Response destroy_room: 400 Bad Request'[39m
LOG: '[Ejabberd API] Response destroy_room: 400 Bad Request'
LOG LOG: [36m'[Ejabberd API] Response destroy_room: 400 Bad Request'[39m
LOG: '[Ejabberd API] Response destroy_room: 400 Bad Request'
LOG LOG: [36m'[Ejabberd API] Response destroy_room: 400 Bad Request'[39m
LOG: '[Ejabberd API] Response destroy_room: 400 Bad Request'
LOG LOG: [36m'[Ejabberd API] Response destroy_room: 400 Bad Request'[39m
LOG: '[Ejabberd API] Response destroy_room: 400 Bad Request'
LOG LOG: [36m'[Ejabberd API] Response destroy_room: 400 Bad Request'[39m
LOG: '[Ejabberd API] Response destroy_room: 400 Bad Request'
LOG LOG: [36m'[Ejabberd API] Response destroy_room: 400 Bad Request'[39m
LOG: '[Ejabberd API] Response destroy_room: 400 Bad Request'
LOG LOG: [36m'[Ejabberd API] Requesting registered_users from http://localhost:52810/api/ with user local-admin@local-jabber.entenhausen.pazz.de'[39m
LOG: '[Ejabberd API] Requesting registered_users from http://localhost:52810/api/ with user local-admin@local-jabber.entenhausen.pazz.de'
LOG LOG: [36m'[Ejabberd API] Requesting registered_users from http://localhost:52810/api/ with user local-admin@local-jabber.entenhausen.pazz.de'[39m
LOG: '[Ejabberd API] Requesting registered_users from http://localhost:52810/api/ with user local-admin@local-jabber.entenhausen.pazz.de'
LOG LOG: [36m'[Ejabberd API] Requesting registered_users from http://localhost:52810/api/ with user local-admin@local-jabber.entenhausen.pazz.de'[39m
LOG: '[Ejabberd API] Requesting registered_users from http://localhost:52810/api/ with user local-admin@local-jabber.entenhausen.pazz.de'
LOG LOG: [36m'[Ejabberd API] Requesting registered_users from http://localhost:52810/api/ with user local-admin@local-jabber.entenhausen.pazz.de'[39m
LOG: '[Ejabberd API] Requesting registered_users from http://localhost:52810/api/ with user local-admin@local-jabber.entenhausen.pazz.de'
LOG LOG: [36m'[Ejabberd API] Requesting registered_users from http://localhost:52810/api/ with user local-admin@local-jabber.entenhausen.pazz.de'[39m
LOG: '[Ejabberd API] Requesting registered_users from http://localhost:52810/api/ with user local-admin@local-jabber.entenhausen.pazz.de'
LOG LOG: [36m'[Ejabberd API] Response registered_users: 200 OK'[39m
LOG: '[Ejabberd API] Response registered_users: 200 OK'
LOG LOG: [36m'[Ejabberd API] Response registered_users: 200 OK'[39m
LOG: '[Ejabberd API] Response registered_users: 200 OK'
LOG LOG: [36m'[Ejabberd API] Response registered_users: 200 OK'[39m
LOG: '[Ejabberd API] Response registered_users: 200 OK'
LOG LOG: [36m'[Ejabberd API] Response registered_users: 200 OK'[39m
LOG: '[Ejabberd API] Response registered_users: 200 OK'
LOG LOG: [36m'[Ejabberd API] Response registered_users: 200 OK'[39m
LOG: '[Ejabberd API] Response registered_users: 200 OK'
  multi user chat plugin
    room messaging
      [31m✗ [39m[31mshould be able to send messages[39m
	Error: Timeout - Async function did not complete within 60000ms (set by jasmine.DEFAULT_TIMEOUT_INTERVAL)
	    at <Jasmine>
LOG LOG: [36m'[Ejabberd API] Requesting muc_online_rooms from http://localhost:52810/api/ with user local-admin@local-jabber.entenhausen.pazz.de'[39m
LOG: '[Ejabberd API] Requesting muc_online_rooms from http://localhost:52810/api/ with user local-admin@local-jabber.entenhausen.pazz.de'
LOG LOG: [36m'[Ejabberd API] Response muc_online_rooms: 200 OK'[39m
LOG: '[Ejabberd API] Response muc_online_rooms: 200 OK'
LOG LOG: [36m'[Ejabberd API] Requesting destroy_room from http://localhost:52810/api/ with user local-admin@local-jabber.entenhausen.pazz.de'[39m
LOG: '[Ejabberd API] Requesting destroy_room from http://localhost:52810/api/ with user local-admin@local-jabber.entenhausen.pazz.de'
LOG LOG: [36m'[Ejabberd API] Response destroy_room: 200 OK'[39m
LOG: '[Ejabberd API] Response destroy_room: 200 OK'
LOG LOG: [36m'[Ejabberd API] Requesting registered_users from http://localhost:52810/api/ with user local-admin@local-jabber.entenhausen.pazz.de'[39m
LOG: '[Ejabberd API] Requesting registered_users from http://localhost:52810/api/ with user local-admin@local-jabber.entenhausen.pazz.de'
LOG LOG: [36m'[Ejabberd API] Response registered_users: 200 OK'[39m
LOG: '[Ejabberd API] Response registered_users: 200 OK'
LOG LOG: [36m'[Ejabberd API] Requesting registered_users from http://localhost:52810/api/ with user local-admin@local-jabber.entenhausen.pazz.de'[39m
LOG: '[Ejabberd API] Requesting registered_users from http://localhost:52810/api/ with user local-admin@local-jabber.entenhausen.pazz.de'
LOG LOG: [36m'[Ejabberd API] Requesting registered_users from http://localhost:52810/api/ with user local-admin@local-jabber.entenhausen.pazz.de'[39m
LOG: '[Ejabberd API] Requesting registered_users from http://localhost:52810/api/ with user local-admin@local-jabber.entenhausen.pazz.de'
LOG LOG: [36m'[Ejabberd API] Requesting registered_users from http://localhost:52810/api/ with user local-admin@local-jabber.entenhausen.pazz.de'[39m
LOG: '[Ejabberd API] Requesting registered_users from http://localhost:52810/api/ with user local-admin@local-jabber.entenhausen.pazz.de'
LOG LOG: [36m'[Ejabberd API] Requesting registered_users from http://localhost:52810/api/ with user local-admin@local-jabber.entenhausen.pazz.de'[39m
LOG: '[Ejabberd API] Requesting registered_users from http://localhost:52810/api/ with user local-admin@local-jabber.entenhausen.pazz.de'
LOG LOG: [36m'[Ejabberd API] Requesting registered_users from http://localhost:52810/api/ with user local-admin@local-jabber.entenhausen.pazz.de'[39m
LOG: '[Ejabberd API] Requesting registered_users from http://localhost:52810/api/ with user local-admin@local-jabber.entenhausen.pazz.de'
LOG LOG: [36m'[Ejabberd API] Response registered_users: 200 OK'[39m
LOG: '[Ejabberd API] Response registered_users: 200 OK'
LOG LOG: [36m'[Ejabberd API] Response registered_users: 200 OK'[39m
LOG: '[Ejabberd API] Response registered_users: 200 OK'
LOG LOG: [36m'[Ejabberd API] Response registered_users: 200 OK'[39m
LOG: '[Ejabberd API] Response registered_users: 200 OK'
LOG LOG: [36m'[Ejabberd API] Response registered_users: 200 OK'[39m
LOG: '[Ejabberd API] Response registered_users: 200 OK'
LOG LOG: [36m'[Ejabberd API] Response registered_users: 200 OK'[39m
LOG: '[Ejabberd API] Response registered_users: 200 OK'
LOG LOG: [36m'[Ejabberd API] Requesting registered_users from http://localhost:52810/api/ with user local-admin@local-jabber.entenhausen.pazz.de'[39m
LOG: '[Ejabberd API] Requesting registered_users from http://localhost:52810/api/ with user local-admin@local-jabber.entenhausen.pazz.de'
LOG LOG: [36m'[Ejabberd API] Response registered_users: 200 OK'[39m
LOG: '[Ejabberd API] Response registered_users: 200 OK'
LOG LOG: [36m'[Ejabberd API] Requesting check_account from http://localhost:52810/api/ with user local-admin@local-jabber.entenhausen.pazz.de'[39m
LOG: '[Ejabberd API] Requesting check_account from http://localhost:52810/api/ with user local-admin@local-jabber.entenhausen.pazz.de'
LOG LOG: [36m'[Ejabberd API] Response check_account: 200 OK'[39m
LOG: '[Ejabberd API] Response check_account: 200 OK'
LOG LOG: [36m'[Ejabberd API] Requesting register from http://localhost:52810/api/ with user local-admin@local-jabber.entenhausen.pazz.de'[39m
LOG: '[Ejabberd API] Requesting register from http://localhost:52810/api/ with user local-admin@local-jabber.entenhausen.pazz.de'
LOG LOG: [36m'[Ejabberd API] Response register: 200 OK'[39m
LOG: '[Ejabberd API] Response register: 200 OK'
LOG LOG: [36m'[Ejabberd API] Requesting registered_users from http://localhost:52810/api/ with user local-admin@local-jabber.entenhausen.pazz.de'[39m
LOG: '[Ejabberd API] Requesting registered_users from http://localhost:52810/api/ with user local-admin@local-jabber.entenhausen.pazz.de'
LOG LOG: [36m'[Ejabberd API] Response registered_users: 200 OK'[39m
LOG: '[Ejabberd API] Response registered_users: 200 OK'
LOG LOG: [36m'[Ejabberd API] Requesting registered_users from http://localhost:52810/api/ with user local-admin@local-jabber.entenhausen.pazz.de'[39m
LOG: '[Ejabberd API] Requesting registered_users from http://localhost:52810/api/ with user local-admin@local-jabber.entenhausen.pazz.de'
LOG LOG: [36m'[Ejabberd API] Response registered_users: 200 OK'[39m
LOG: '[Ejabberd API] Response registered_users: 200 OK'
LOG LOG: [36m'[Ejabberd API] Requesting check_account from http://localhost:52810/api/ with user local-admin@local-jabber.entenhausen.pazz.de'[39m
LOG: '[Ejabberd API] Requesting check_account from http://localhost:52810/api/ with user local-admin@local-jabber.entenhausen.pazz.de'
LOG LOG: [36m'[Ejabberd API] Response check_account: 200 OK'[39m
LOG: '[Ejabberd API] Response check_account: 200 OK'
LOG LOG: [36m'[Ejabberd API] Requesting register from http://localhost:52810/api/ with user local-admin@local-jabber.entenhausen.pazz.de'[39m
LOG: '[Ejabberd API] Requesting register from http://localhost:52810/api/ with user local-admin@local-jabber.entenhausen.pazz.de'
LOG LOG: [36m'[Ejabberd API] Response register: 200 OK'[39m
LOG: '[Ejabberd API] Response register: 200 OK'
LOG LOG: [36m'[Ejabberd API] Requesting registered_users from http://localhost:52810/api/ with user local-admin@local-jabber.entenhausen.pazz.de'[39m
LOG: '[Ejabberd API] Requesting registered_users from http://localhost:52810/api/ with user local-admin@local-jabber.entenhausen.pazz.de'
LOG LOG: [36m'[Ejabberd API] Response registered_users: 200 OK'[39m
LOG: '[Ejabberd API] Response registered_users: 200 OK'
LOG LOG: [36m'[Ejabberd API] Requesting check_account from http://localhost:52810/api/ with user local-admin@local-jabber.entenhausen.pazz.de'[39m
LOG: '[Ejabberd API] Requesting check_account from http://localhost:52810/api/ with user local-admin@local-jabber.entenhausen.pazz.de'
LOG LOG: [36m'[Ejabberd API] Response check_account: 200 OK'[39m
LOG: '[Ejabberd API] Response check_account: 200 OK'
LOG LOG: [36m'[Ejabberd API] Requesting unregister from http://localhost:52810/api/ with user local-admin@local-jabber.entenhausen.pazz.de'[39m
LOG: '[Ejabberd API] Requesting unregister from http://localhost:52810/api/ with user local-admin@local-jabber.entenhausen.pazz.de'
LOG LOG: [36m'[Ejabberd API] Response unregister: 200 OK'[39m
LOG: '[Ejabberd API] Response unregister: 200 OK'
LOG LOG: [36m'[Ejabberd API] Requesting destroy_room from http://localhost:52810/api/ with user local-admin@local-jabber.entenhausen.pazz.de'[39m
LOG: '[Ejabberd API] Requesting destroy_room from http://localhost:52810/api/ with user local-admin@local-jabber.entenhausen.pazz.de'
LOG LOG: [36m'[Ejabberd API] Requesting destroy_room from http://localhost:52810/api/ with user local-admin@local-jabber.entenhausen.pazz.de'[39m
LOG: '[Ejabberd API] Requesting destroy_room from http://localhost:52810/api/ with user local-admin@local-jabber.entenhausen.pazz.de'
LOG LOG: [36m'[Ejabberd API] Requesting destroy_room from http://localhost:52810/api/ with user local-admin@local-jabber.entenhausen.pazz.de'[39m
LOG: '[Ejabberd API] Requesting destroy_room from http://localhost:52810/api/ with user local-admin@local-jabber.entenhausen.pazz.de'
LOG LOG: [36m'[Ejabberd API] Requesting destroy_room from http://localhost:52810/api/ with user local-admin@local-jabber.entenhausen.pazz.de'[39m
LOG: '[Ejabberd API] Requesting destroy_room from http://localhost:52810/api/ with user local-admin@local-jabber.entenhausen.pazz.de'
LOG LOG: [36m'[Ejabberd API] Requesting destroy_room from http://localhost:52810/api/ with user local-admin@local-jabber.entenhausen.pazz.de'[39m
LOG: '[Ejabberd API] Requesting destroy_room from http://localhost:52810/api/ with user local-admin@local-jabber.entenhausen.pazz.de'
LOG LOG: [36m'[Ejabberd API] Requesting destroy_room from http://localhost:52810/api/ with user local-admin@local-jabber.entenhausen.pazz.de'[39m
LOG: '[Ejabberd API] Requesting destroy_room from http://localhost:52810/api/ with user local-admin@local-jabber.entenhausen.pazz.de'
LOG LOG: [36m'[Ejabberd API] Response destroy_room: 200 OK'[39m
LOG: '[Ejabberd API] Response destroy_room: 200 OK'
LOG LOG: [36m'[Ejabberd API] Response destroy_room: 400 Bad Request'[39m
LOG: '[Ejabberd API] Response destroy_room: 400 Bad Request'
LOG LOG: [36m'[Ejabberd API] Response destroy_room: 400 Bad Request'[39m
LOG: '[Ejabberd API] Response destroy_room: 400 Bad Request'
LOG LOG: [36m'[Ejabberd API] Response destroy_room: 400 Bad Request'[39m
LOG: '[Ejabberd API] Response destroy_room: 400 Bad Request'
LOG LOG: [36m'[Ejabberd API] Response destroy_room: 400 Bad Request'[39m
LOG: '[Ejabberd API] Response destroy_room: 400 Bad Request'
LOG LOG: [36m'[Ejabberd API] Response destroy_room: 400 Bad Request'[39m
LOG: '[Ejabberd API] Response destroy_room: 400 Bad Request'
LOG LOG: [36m'[Ejabberd API] Requesting registered_users from http://localhost:52810/api/ with user local-admin@local-jabber.entenhausen.pazz.de'[39m
LOG: '[Ejabberd API] Requesting registered_users from http://localhost:52810/api/ with user local-admin@local-jabber.entenhausen.pazz.de'
LOG LOG: [36m'[Ejabberd API] Requesting registered_users from http://localhost:52810/api/ with user local-admin@local-jabber.entenhausen.pazz.de'[39m
LOG: '[Ejabberd API] Requesting registered_users from http://localhost:52810/api/ with user local-admin@local-jabber.entenhausen.pazz.de'
LOG LOG: [36m'[Ejabberd API] Requesting registered_users from http://localhost:52810/api/ with user local-admin@local-jabber.entenhausen.pazz.de'[39m
LOG: '[Ejabberd API] Requesting registered_users from http://localhost:52810/api/ with user local-admin@local-jabber.entenhausen.pazz.de'
LOG LOG: [36m'[Ejabberd API] Requesting registered_users from http://localhost:52810/api/ with user local-admin@local-jabber.entenhausen.pazz.de'[39m
LOG: '[Ejabberd API] Requesting registered_users from http://localhost:52810/api/ with user local-admin@local-jabber.entenhausen.pazz.de'
LOG LOG: [36m'[Ejabberd API] Requesting registered_users from http://localhost:52810/api/ with user local-admin@local-jabber.entenhausen.pazz.de'[39m
LOG: '[Ejabberd API] Requesting registered_users from http://localhost:52810/api/ with user local-admin@local-jabber.entenhausen.pazz.de'
LOG LOG: [36m'[Ejabberd API] Response registered_users: 200 OK'[39m
LOG: '[Ejabberd API] Response registered_users: 200 OK'
LOG LOG: [36m'[Ejabberd API] Response registered_users: 200 OK'[39m
LOG: '[Ejabberd API] Response registered_users: 200 OK'
LOG LOG: [36m'[Ejabberd API] Response registered_users: 200 OK'[39m
LOG: '[Ejabberd API] Response registered_users: 200 OK'
LOG LOG: [36m'[Ejabberd API] Response registered_users: 200 OK'[39m
LOG: '[Ejabberd API] Response registered_users: 200 OK'
LOG LOG: [36m'[Ejabberd API] Response registered_users: 200 OK'[39m
LOG: '[Ejabberd API] Response registered_users: 200 OK'
LOG LOG: [36m'[Ejabberd API] Requesting check_account from http://localhost:52810/api/ with user local-admin@local-jabber.entenhausen.pazz.de'[39m
LOG: '[Ejabberd API] Requesting check_account from http://localhost:52810/api/ with user local-admin@local-jabber.entenhausen.pazz.de'
LOG LOG: [36m'[Ejabberd API] Response check_account: 200 OK'[39m
LOG: '[Ejabberd API] Response check_account: 200 OK'
LOG LOG: [36m'[Ejabberd API] Requesting unregister from http://localhost:52810/api/ with user local-admin@local-jabber.entenhausen.pazz.de'[39m
LOG: '[Ejabberd API] Requesting unregister from http://localhost:52810/api/ with user local-admin@local-jabber.entenhausen.pazz.de'
LOG LOG: [36m'[Ejabberd API] Response unregister: 200 OK'[39m
LOG: '[Ejabberd API] Response unregister: 200 OK'
      [31m✗ [39m[31mshould be able to receive messages[39m
	<iq xmlns="jabber:client" xml:lang="en" to="hero@local-jabber.entenhausen.pazz.de/10797384053784907852520706" from="princessroom-gg33ms@conference.local-jabber.entenhausen.pazz.de" type="error" id="37a53133-fe8a-4812-b6e3-da7f20d699e8:sendIQ"><query xmlns="http://jabber.org/protocol/muc#owner"><x xmlns="jabber:x:data" type="submit"><field var="FORM_TYPE"><value>http://jabber.org/protocol/muc#roomconfig</value></field><field var="muc#roomconfig_enablelogging"><value>1</value></field><field var="muc#roomconfig_persistentroom"><value>1</value></field></x></query><error type="modify"><not-acceptable xmlns="urn:ietf:params:xml:ns:xmpp-stanzas"></not-acceptable></error></iq> thrown
	Uncaught Error: Error in stream occurred error=<stream:error xmlns:stream="http://etherx.jabber.org/streams"><conflict xmlns="urn:ietf:params:xml:ns:xmpp-streams"/><text xmlns="urn:ietf:params:xml:ns:xmpp-streams" xml:lang="en">User removed</text></stream:error> ; errors=<conflict xmlns="urn:ietf:params:xml:ns:xmpp-streams"/>
	<text xmlns="urn:ietf:params:xml:ns:xmpp-streams" xml:lang="en">User removed</text>
	 thrown
LOG LOG: [36m'[Ejabberd API] Requesting muc_online_rooms from http://localhost:52810/api/ with user local-admin@local-jabber.entenhausen.pazz.de'[39m
LOG: '[Ejabberd API] Requesting muc_online_rooms from http://localhost:52810/api/ with user local-admin@local-jabber.entenhausen.pazz.de'
LOG LOG: [36m'[Ejabberd API] Response muc_online_rooms: 200 OK'[39m
LOG: '[Ejabberd API] Response muc_online_rooms: 200 OK'
LOG LOG: [36m'[Ejabberd API] Requesting registered_users from http://localhost:52810/api/ with user local-admin@local-jabber.entenhausen.pazz.de'[39m
LOG: '[Ejabberd API] Requesting registered_users from http://localhost:52810/api/ with user local-admin@local-jabber.entenhausen.pazz.de'
LOG LOG: [36m'[Ejabberd API] Response registered_users: 200 OK'[39m
LOG: '[Ejabberd API] Response registered_users: 200 OK'
LOG LOG: [36m'[Ejabberd API] Requesting registered_users from http://localhost:52810/api/ with user local-admin@local-jabber.entenhausen.pazz.de'[39m
LOG: '[Ejabberd API] Requesting registered_users from http://localhost:52810/api/ with user local-admin@local-jabber.entenhausen.pazz.de'
LOG LOG: [36m'[Ejabberd API] Requesting registered_users from http://localhost:52810/api/ with user local-admin@local-jabber.entenhausen.pazz.de'[39m
LOG: '[Ejabberd API] Requesting registered_users from http://localhost:52810/api/ with user local-admin@local-jabber.entenhausen.pazz.de'
LOG LOG: [36m'[Ejabberd API] Requesting registered_users from http://localhost:52810/api/ with user local-admin@local-jabber.entenhausen.pazz.de'[39m
LOG: '[Ejabberd API] Requesting registered_users from http://localhost:52810/api/ with user local-admin@local-jabber.entenhausen.pazz.de'
LOG LOG: [36m'[Ejabberd API] Requesting registered_users from http://localhost:52810/api/ with user local-admin@local-jabber.entenhausen.pazz.de'[39m
LOG: '[Ejabberd API] Requesting registered_users from http://localhost:52810/api/ with user local-admin@local-jabber.entenhausen.pazz.de'
LOG LOG: [36m'[Ejabberd API] Requesting registered_users from http://localhost:52810/api/ with user local-admin@local-jabber.entenhausen.pazz.de'[39m
LOG: '[Ejabberd API] Requesting registered_users from http://localhost:52810/api/ with user local-admin@local-jabber.entenhausen.pazz.de'
LOG LOG: [36m'[Ejabberd API] Response registered_users: 200 OK'[39m
LOG: '[Ejabberd API] Response registered_users: 200 OK'
LOG LOG: [36m'[Ejabberd API] Response registered_users: 200 OK'[39m
LOG: '[Ejabberd API] Response registered_users: 200 OK'
LOG LOG: [36m'[Ejabberd API] Response registered_users: 200 OK'[39m
LOG: '[Ejabberd API] Response registered_users: 200 OK'
LOG LOG: [36m'[Ejabberd API] Response registered_users: 200 OK'[39m
LOG: '[Ejabberd API] Response registered_users: 200 OK'
LOG LOG: [36m'[Ejabberd API] Response registered_users: 200 OK'[39m
LOG: '[Ejabberd API] Response registered_users: 200 OK'
LOG LOG: [36m'[Ejabberd API] Requesting registered_users from http://localhost:52810/api/ with user local-admin@local-jabber.entenhausen.pazz.de'[39m
LOG: '[Ejabberd API] Requesting registered_users from http://localhost:52810/api/ with user local-admin@local-jabber.entenhausen.pazz.de'
LOG LOG: [36m'[Ejabberd API] Response registered_users: 200 OK'[39m
LOG: '[Ejabberd API] Response registered_users: 200 OK'
LOG LOG: [36m'[Ejabberd API] Requesting check_account from http://localhost:52810/api/ with user local-admin@local-jabber.entenhausen.pazz.de'[39m
LOG: '[Ejabberd API] Requesting check_account from http://localhost:52810/api/ with user local-admin@local-jabber.entenhausen.pazz.de'
LOG LOG: [36m'[Ejabberd API] Response check_account: 200 OK'[39m
LOG: '[Ejabberd API] Response check_account: 200 OK'
LOG LOG: [36m'[Ejabberd API] Requesting register from http://localhost:52810/api/ with user local-admin@local-jabber.entenhausen.pazz.de'[39m
LOG: '[Ejabberd API] Requesting register from http://localhost:52810/api/ with user local-admin@local-jabber.entenhausen.pazz.de'
LOG LOG: [36m'[Ejabberd API] Response register: 200 OK'[39m
LOG: '[Ejabberd API] Response register: 200 OK'
LOG LOG: [36m'[Ejabberd API] Requesting destroy_room from http://localhost:52810/api/ with user local-admin@local-jabber.entenhausen.pazz.de'[39m
LOG: '[Ejabberd API] Requesting destroy_room from http://localhost:52810/api/ with user local-admin@local-jabber.entenhausen.pazz.de'
LOG LOG: [36m'[Ejabberd API] Requesting destroy_room from http://localhost:52810/api/ with user local-admin@local-jabber.entenhausen.pazz.de'[39m
LOG: '[Ejabberd API] Requesting destroy_room from http://localhost:52810/api/ with user local-admin@local-jabber.entenhausen.pazz.de'
LOG LOG: [36m'[Ejabberd API] Requesting destroy_room from http://localhost:52810/api/ with user local-admin@local-jabber.entenhausen.pazz.de'[39m
LOG: '[Ejabberd API] Requesting destroy_room from http://localhost:52810/api/ with user local-admin@local-jabber.entenhausen.pazz.de'
LOG LOG: [36m'[Ejabberd API] Requesting destroy_room from http://localhost:52810/api/ with user local-admin@local-jabber.entenhausen.pazz.de'[39m
LOG: '[Ejabberd API] Requesting destroy_room from http://localhost:52810/api/ with user local-admin@local-jabber.entenhausen.pazz.de'
LOG LOG: [36m'[Ejabberd API] Requesting destroy_room from http://localhost:52810/api/ with user local-admin@local-jabber.entenhausen.pazz.de'[39m
LOG: '[Ejabberd API] Requesting destroy_room from http://localhost:52810/api/ with user local-admin@local-jabber.entenhausen.pazz.de'
LOG LOG: [36m'[Ejabberd API] Requesting destroy_room from http://localhost:52810/api/ with user local-admin@local-jabber.entenhausen.pazz.de'[39m
LOG: '[Ejabberd API] Requesting destroy_room from http://localhost:52810/api/ with user local-admin@local-jabber.entenhausen.pazz.de'
LOG LOG: [36m'[Ejabberd API] Response destroy_room: 400 Bad Request'[39m
LOG: '[Ejabberd API] Response destroy_room: 400 Bad Request'
LOG LOG: [36m'[Ejabberd API] Response destroy_room: 400 Bad Request'[39m
LOG: '[Ejabberd API] Response destroy_room: 400 Bad Request'
LOG LOG: [36m'[Ejabberd API] Response destroy_room: 400 Bad Request'[39m
LOG: '[Ejabberd API] Response destroy_room: 400 Bad Request'
LOG LOG: [36m'[Ejabberd API] Response destroy_room: 400 Bad Request'[39m
LOG: '[Ejabberd API] Response destroy_room: 400 Bad Request'
LOG LOG: [36m'[Ejabberd API] Response destroy_room: 400 Bad Request'[39m
LOG: '[Ejabberd API] Response destroy_room: 400 Bad Request'
LOG LOG: [36m'[Ejabberd API] Response destroy_room: 400 Bad Request'[39m
LOG: '[Ejabberd API] Response destroy_room: 400 Bad Request'
LOG LOG: [36m'[Ejabberd API] Requesting registered_users from http://localhost:52810/api/ with user local-admin@local-jabber.entenhausen.pazz.de'[39m
LOG: '[Ejabberd API] Requesting registered_users from http://localhost:52810/api/ with user local-admin@local-jabber.entenhausen.pazz.de'
LOG LOG: [36m'[Ejabberd API] Requesting registered_users from http://localhost:52810/api/ with user local-admin@local-jabber.entenhausen.pazz.de'[39m
LOG: '[Ejabberd API] Requesting registered_users from http://localhost:52810/api/ with user local-admin@local-jabber.entenhausen.pazz.de'
LOG LOG: [36m'[Ejabberd API] Requesting registered_users from http://localhost:52810/api/ with user local-admin@local-jabber.entenhausen.pazz.de'[39m
LOG: '[Ejabberd API] Requesting registered_users from http://localhost:52810/api/ with user local-admin@local-jabber.entenhausen.pazz.de'
LOG LOG: [36m'[Ejabberd API] Requesting registered_users from http://localhost:52810/api/ with user local-admin@local-jabber.entenhausen.pazz.de'[39m
LOG: '[Ejabberd API] Requesting registered_users from http://localhost:52810/api/ with user local-admin@local-jabber.entenhausen.pazz.de'
LOG LOG: [36m'[Ejabberd API] Requesting registered_users from http://localhost:52810/api/ with user local-admin@local-jabber.entenhausen.pazz.de'[39m
LOG: '[Ejabberd API] Requesting registered_users from http://localhost:52810/api/ with user local-admin@local-jabber.entenhausen.pazz.de'
LOG LOG: [36m'[Ejabberd API] Response registered_users: 200 OK'[39m
LOG: '[Ejabberd API] Response registered_users: 200 OK'
LOG LOG: [36m'[Ejabberd API] Response registered_users: 200 OK'[39m
LOG: '[Ejabberd API] Response registered_users: 200 OK'
LOG LOG: [36m'[Ejabberd API] Response registered_users: 200 OK'[39m
LOG: '[Ejabberd API] Response registered_users: 200 OK'
LOG LOG: [36m'[Ejabberd API] Response registered_users: 200 OK'[39m
LOG: '[Ejabberd API] Response registered_users: 200 OK'
LOG LOG: [36m'[Ejabberd API] Response registered_users: 200 OK'[39m
LOG: '[Ejabberd API] Response registered_users: 200 OK'
LOG LOG: [36m'[Ejabberd API] Requesting check_account from http://localhost:52810/api/ with user local-admin@local-jabber.entenhausen.pazz.de'[39m
LOG: '[Ejabberd API] Requesting check_account from http://localhost:52810/api/ with user local-admin@local-jabber.entenhausen.pazz.de'
LOG LOG: [36m'[Ejabberd API] Response check_account: 200 OK'[39m
LOG: '[Ejabberd API] Response check_account: 200 OK'
LOG LOG: [36m'[Ejabberd API] Requesting unregister from http://localhost:52810/api/ with user local-admin@local-jabber.entenhausen.pazz.de'[39m
LOG: '[Ejabberd API] Requesting unregister from http://localhost:52810/api/ with user local-admin@local-jabber.entenhausen.pazz.de'
LOG LOG: [36m'[Ejabberd API] Response unregister: 200 OK'[39m
LOG: '[Ejabberd API] Response unregister: 200 OK'
    room operations handling
      [32m✓ [39mshould be able to change room topic
LOG LOG: [36m'[Ejabberd API] Requesting muc_online_rooms from http://localhost:52810/api/ with user local-admin@local-jabber.entenhausen.pazz.de'[39m
LOG: '[Ejabberd API] Requesting muc_online_rooms from http://localhost:52810/api/ with user local-admin@local-jabber.entenhausen.pazz.de'
LOG LOG: [36m'[Ejabberd API] Response muc_online_rooms: 200 OK'[39m
LOG: '[Ejabberd API] Response muc_online_rooms: 200 OK'
LOG LOG: [36m'[Ejabberd API] Requesting destroy_room from http://localhost:52810/api/ with user local-admin@local-jabber.entenhausen.pazz.de'[39m
LOG: '[Ejabberd API] Requesting destroy_room from http://localhost:52810/api/ with user local-admin@local-jabber.entenhausen.pazz.de'
LOG LOG: [36m'[Ejabberd API] Response destroy_room: 200 OK'[39m
LOG: '[Ejabberd API] Response destroy_room: 200 OK'
LOG LOG: [36m'[Ejabberd API] Requesting registered_users from http://localhost:52810/api/ with user local-admin@local-jabber.entenhausen.pazz.de'[39m
LOG: '[Ejabberd API] Requesting registered_users from http://localhost:52810/api/ with user local-admin@local-jabber.entenhausen.pazz.de'
LOG LOG: [36m'[Ejabberd API] Response registered_users: 200 OK'[39m
LOG: '[Ejabberd API] Response registered_users: 200 OK'
LOG LOG: [36m'[Ejabberd API] Requesting registered_users from http://localhost:52810/api/ with user local-admin@local-jabber.entenhausen.pazz.de'[39m
LOG: '[Ejabberd API] Requesting registered_users from http://localhost:52810/api/ with user local-admin@local-jabber.entenhausen.pazz.de'
LOG LOG: [36m'[Ejabberd API] Requesting registered_users from http://localhost:52810/api/ with user local-admin@local-jabber.entenhausen.pazz.de'[39m
LOG: '[Ejabberd API] Requesting registered_users from http://localhost:52810/api/ with user local-admin@local-jabber.entenhausen.pazz.de'
LOG LOG: [36m'[Ejabberd API] Requesting registered_users from http://localhost:52810/api/ with user local-admin@local-jabber.entenhausen.pazz.de'[39m
LOG: '[Ejabberd API] Requesting registered_users from http://localhost:52810/api/ with user local-admin@local-jabber.entenhausen.pazz.de'
LOG LOG: [36m'[Ejabberd API] Requesting registered_users from http://localhost:52810/api/ with user local-admin@local-jabber.entenhausen.pazz.de'[39m
LOG: '[Ejabberd API] Requesting registered_users from http://localhost:52810/api/ with user local-admin@local-jabber.entenhausen.pazz.de'
LOG LOG: [36m'[Ejabberd API] Requesting registered_users from http://localhost:52810/api/ with user local-admin@local-jabber.entenhausen.pazz.de'[39m
LOG: '[Ejabberd API] Requesting registered_users from http://localhost:52810/api/ with user local-admin@local-jabber.entenhausen.pazz.de'
LOG LOG: [36m'[Ejabberd API] Response registered_users: 200 OK'[39m
LOG: '[Ejabberd API] Response registered_users: 200 OK'
LOG LOG: [36m'[Ejabberd API] Response registered_users: 200 OK'[39m
LOG: '[Ejabberd API] Response registered_users: 200 OK'
LOG LOG: [36m'[Ejabberd API] Response registered_users: 200 OK'[39m
LOG: '[Ejabberd API] Response registered_users: 200 OK'
LOG LOG: [36m'[Ejabberd API] Response registered_users: 200 OK'[39m
LOG: '[Ejabberd API] Response registered_users: 200 OK'
LOG LOG: [36m'[Ejabberd API] Response registered_users: 200 OK'[39m
LOG: '[Ejabberd API] Response registered_users: 200 OK'
LOG LOG: [36m'[Ejabberd API] Requesting registered_users from http://localhost:52810/api/ with user local-admin@local-jabber.entenhausen.pazz.de'[39m
LOG: '[Ejabberd API] Requesting registered_users from http://localhost:52810/api/ with user local-admin@local-jabber.entenhausen.pazz.de'
LOG LOG: [36m'[Ejabberd API] Response registered_users: 200 OK'[39m
LOG: '[Ejabberd API] Response registered_users: 200 OK'
LOG LOG: [36m'[Ejabberd API] Requesting check_account from http://localhost:52810/api/ with user local-admin@local-jabber.entenhausen.pazz.de'[39m
LOG: '[Ejabberd API] Requesting check_account from http://localhost:52810/api/ with user local-admin@local-jabber.entenhausen.pazz.de'
LOG LOG: [36m'[Ejabberd API] Response check_account: 200 OK'[39m
LOG: '[Ejabberd API] Response check_account: 200 OK'
LOG LOG: [36m'[Ejabberd API] Requesting register from http://localhost:52810/api/ with user local-admin@local-jabber.entenhausen.pazz.de'[39m
LOG: '[Ejabberd API] Requesting register from http://localhost:52810/api/ with user local-admin@local-jabber.entenhausen.pazz.de'
LOG LOG: [36m'[Ejabberd API] Response register: 200 OK'[39m
LOG: '[Ejabberd API] Response register: 200 OK'
LOG LOG: [36m'[Ejabberd API] Requesting registered_users from http://localhost:52810/api/ with user local-admin@local-jabber.entenhausen.pazz.de'[39m
LOG: '[Ejabberd API] Requesting registered_users from http://localhost:52810/api/ with user local-admin@local-jabber.entenhausen.pazz.de'
LOG LOG: [36m'[Ejabberd API] Response registered_users: 200 OK'[39m
LOG: '[Ejabberd API] Response registered_users: 200 OK'
LOG LOG: [36m'[Ejabberd API] Requesting check_account from http://localhost:52810/api/ with user local-admin@local-jabber.entenhausen.pazz.de'[39m
LOG: '[Ejabberd API] Requesting check_account from http://localhost:52810/api/ with user local-admin@local-jabber.entenhausen.pazz.de'
LOG LOG: [36m'[Ejabberd API] Response check_account: 200 OK'[39m
LOG: '[Ejabberd API] Response check_account: 200 OK'
LOG LOG: [36m'[Ejabberd API] Requesting register from http://localhost:52810/api/ with user local-admin@local-jabber.entenhausen.pazz.de'[39m
LOG: '[Ejabberd API] Requesting register from http://localhost:52810/api/ with user local-admin@local-jabber.entenhausen.pazz.de'
LOG LOG: [36m'[Ejabberd API] Response register: 200 OK'[39m
LOG: '[Ejabberd API] Response register: 200 OK'
LOG LOG: [36m'[Ejabberd API] Requesting get_room_occupants from http://localhost:52810/api/ with user local-admin@local-jabber.entenhausen.pazz.de'[39m
LOG: '[Ejabberd API] Requesting get_room_occupants from http://localhost:52810/api/ with user local-admin@local-jabber.entenhausen.pazz.de'
LOG LOG: [36m'[Ejabberd API] Response get_room_occupants: 200 OK'[39m
LOG: '[Ejabberd API] Response get_room_occupants: 200 OK'
LOG LOG: [36m'[Ejabberd API] Requesting get_room_occupants from http://localhost:52810/api/ with user local-admin@local-jabber.entenhausen.pazz.de'[39m
LOG: '[Ejabberd API] Requesting get_room_occupants from http://localhost:52810/api/ with user local-admin@local-jabber.entenhausen.pazz.de'
LOG LOG: [36m'[Ejabberd API] Response get_room_occupants: 200 OK'[39m
LOG: '[Ejabberd API] Response get_room_occupants: 200 OK'
LOG LOG: [36m'[Ejabberd API] Requesting get_room_affiliation from http://localhost:52810/api/ with user local-admin@local-jabber.entenhausen.pazz.de'[39m
LOG: '[Ejabberd API] Requesting get_room_affiliation from http://localhost:52810/api/ with user local-admin@local-jabber.entenhausen.pazz.de'
LOG LOG: [36m'[Ejabberd API] Response get_room_affiliation: 200 OK'[39m
LOG: '[Ejabberd API] Response get_room_affiliation: 200 OK'
LOG LOG: [36m'[Ejabberd API] Requesting get_room_occupants from http://localhost:52810/api/ with user local-admin@local-jabber.entenhausen.pazz.de'[39m
LOG: '[Ejabberd API] Requesting get_room_occupants from http://localhost:52810/api/ with user local-admin@local-jabber.entenhausen.pazz.de'
LOG LOG: [36m'[Ejabberd API] Response get_room_occupants: 200 OK'[39m
LOG: '[Ejabberd API] Response get_room_occupants: 200 OK'
LOG LOG: [36m<xml:debug:log><outgoing:xml><open xmlns="urn:ietf:params:xml:ns:xmpp-framing" to="local-jabber.entenhausen.pazz.de" version="1.0"></open></outgoing:xml><incoming:xml><open xmlns="urn:ietf:params:xml:ns:xmpp-framing" id="8609011722204371497" version="1.0" xml:lang="en" from="local-jabber.entenhausen.pazz.de"></open><stream:features xmlns:stream="http://etherx.jabber.org/streams"><mechanisms xmlns="urn:ietf:params:xml:ns:xmpp-sasl"><mechanism>PLAIN</mechanism><mechanism>SCRAM-SHA-1</mechanism><mechanism>X-OAUTH2</mechanism></mechanisms><register xmlns="http://jabber.org/features/iq-register"></register></stream:features><stream:features xmlns:stream="http://etherx.jabber.org/streams"><mechanisms xmlns="urn:ietf:params:xml:ns:xmpp-sasl"><mechanism>PLAIN</mechanism><mechanism>SCRAM-SHA-1</mechanism><mechanism>X-OAUTH2</mechanism></mechanisms><register xmlns="http://jabber.org/features/iq-register"></register></stream:features></incoming:xml><outgoing:xml><auth xmlns="urn:ietf:params:xml:ns:xmpp-sasl" mechanism="SCRAM-SHA-1">biwsbj1oZXJvLHI9TS9LK1JhVU5DeGtTbmRyNk5ZRVIvQT09</auth></outgoing:xml><incoming:xml><challenge xmlns="urn:ietf:params:xml:ns:xmpp-sasl">cj1NL0srUmFVTkN4a1NuZHI2TllFUi9BPT1Rbk52NG1TNnJlOVREM21WMmRIMTFRPT0scz1NajhVbXF3czVLK2VJUUZ3Z3hUcmhBPT0saT00MDk2</challenge></incoming:xml><outgoing:xml><response xmlns="urn:ietf:params:xml:ns:xmpp-sasl">Yz1iaXdzLHI9TS9LK1JhVU5DeGtTbmRyNk5ZRVIvQT09UW5OdjRtUzZyZTlURDNtVjJkSDExUT09LHA9aXBTdm0yK2RhT2prbTJkcDFjY09ZUTdPT1BBPQ==</response></outgoing:xml><incoming:xml><success xmlns="urn:ietf:params:xml:ns:xmpp-sasl">dj0vNUI3TTgvQ1VOcHE2WVNiZU40QlFtWjFJam89</success></incoming:xml><outgoing:xml><open xmlns="urn:ietf:params:xml:ns:xmpp-framing" to="local-jabber.entenhausen.pazz.de" version="1.0"></open></outgoing:xml><incoming:xml><open xmlns="urn:ietf:params:xml:ns:xmpp-framing" id="5365580634170856885" version="1.0" xml:lang="en" from="local-jabber.entenhausen.pazz.de"></open><stream:features xmlns:stream="http://etherx.jabber.org/streams"><bind xmlns="urn:ietf:params:xml:ns:xmpp-bind"></bind><session xmlns="urn:ietf:params:xml:ns:xmpp-session"><optional></optional></session><c xmlns="http://jabber.org/protocol/caps" ver="55W0fZiAYW8VIbjTRZlOlKIFYc8=" node="http://www.process-one.net/en/ejabberd/" hash="sha-1"></c><sm xmlns="urn:xmpp:sm:2"></sm><sm xmlns="urn:xmpp:sm:3"></sm><ver xmlns="urn:xmpp:features:rosterver"></ver><csi xmlns="urn:xmpp:csi:0"></csi></stream:features></incoming:xml><outgoing:xml><iq type="set" id="_bind_auth_2" xmlns="jabber:client"><bind xmlns="urn:ietf:params:xml:ns:xmpp-bind"></bind></iq></outgoing:xml><incoming:xml><iq xmlns="jabber:client" type="result" id="_bind_auth_2"><bind xmlns="urn:ietf:params:xml:ns:xmpp-bind"><jid>hero@local-jabber.entenhausen.pazz.de/1751852887554350527695206</jid></bind></iq></incoming:xml><outgoing:xml><iq type="set" id="_session_auth_2" xmlns="jabber:client"><session xmlns="urn:ietf:params:xml:ns:xmpp-session"></session></iq><iq type="get" to="local-jabber.entenhausen.pazz.de" from="hero@local-jabber.entenhausen.pazz.de/1751852887554350527695206" xmlns="jabber:client" id="059ec7c2-c979-4bd8-bcf4-31a783aee9fc:sendIQ"><time xmlns="urn:xmpp:time"></time></iq><iq type="get" xmlns="jabber:client" id="72238653-b05e-49f3-858b-f9216b367c3e:sendIQ"><pubsub xmlns="http://jabber.org/protocol/pubsub"><items node="ngxchat:unreadmessagedate"></items></pubsub></iq><iq type="set" id="enable_carbons" xmlns="jabber:client"><enable xmlns="urn:xmpp:carbons:2"></enable></iq><iq type="get" xmlns="jabber:client" id="25a16c31-f797-41fc-a01c-d1959b1b84db:sendIQ"><pubsub xmlns="http://jabber.org/protocol/pubsub"><items node="ngxchat:contactmessagestates"></items></pubsub></iq><iq type="get" xmlns="jabber:client" id="ea5d20b6-0548-4f67-91cc-61c65eed632f:sendIQ"><query xmlns="jabber:iq:roster"></query></iq><iq type="get" to="local-jabber.entenhausen.pazz.de" xmlns="jabber:client" id="38a215d2-36f4-4048-8b3c-81372996b6ee:sendIQ"><query xmlns="http://jabber.org/protocol/disco#items"></query></iq><iq type="get" to="conference.local-jabber.entenhausen.pazz.de" xmlns="jabber:client" id="d4f2671c-4df5-4e14-976a-2b0f2be38c19:sendIQ"><query xmlns="http://jabber.org/protocol/disco#items"></query></iq><iq type="set" xmlns="jabber:client" id="2e3350c4-5823-445f-abd8-6b53491f1a16:sendIQ"><query xmlns="urn:xmpp:mam:2"><set xmlns="http://jabber.org/protocol/rsm"><max>20</max><before></before></set></query></iq></outgoing:xml><incoming:xml><iq xmlns="jabber:client" xml:lang="en" to="hero@local-jabber.entenhausen.pazz.de/1751852887554350527695206" from="local-jabber.entenhausen.pazz.de" type="result" id="_session_auth_2"></iq><iq xmlns="jabber:client" xml:lang="en" to="hero@local-jabber.entenhausen.pazz.de/1751852887554350527695206" from="local-jabber.entenhausen.pazz.de" type="result" id="059ec7c2-c979-4bd8-bcf4-31a783aee9fc:sendIQ"><time xmlns="urn:xmpp:time"><tzo>+00:00</tzo><utc>2025-12-31T23:07:41.420690Z</utc></time></iq><iq xmlns="jabber:client" xml:lang="en" to="hero@local-jabber.entenhausen.pazz.de/1751852887554350527695206" from="hero@local-jabber.entenhausen.pazz.de" type="error" id="72238653-b05e-49f3-858b-f9216b367c3e:sendIQ"><pubsub xmlns="http://jabber.org/protocol/pubsub"><items node="ngxchat:unreadmessagedate"></items></pubsub><error type="cancel"><item-not-found xmlns="urn:ietf:params:xml:ns:xmpp-stanzas"></item-not-found><text xmlns="urn:ietf:params:xml:ns:xmpp-stanzas" xml:lang="en">Node not found</text></error></iq><iq xmlns="jabber:client" xml:lang="en" to="hero@local-jabber.entenhausen.pazz.de/1751852887554350527695206" from="hero@local-jabber.entenhausen.pazz.de" type="result" id="enable_carbons"></iq><iq xmlns="jabber:client" xml:lang="en" to="hero@local-jabber.entenhausen.pazz.de/1751852887554350527695206" from="hero@local-jabber.entenhausen.pazz.de" type="error" id="25a16c31-f797-41fc-a01c-d1959b1b84db:sendIQ"><pubsub xmlns="http://jabber.org/protocol/pubsub"><items node="ngxchat:contactmessagestates"></items></pubsub><error type="cancel"><item-not-found xmlns="urn:ietf:params:xml:ns:xmpp-stanzas"></item-not-found><text xmlns="urn:ietf:params:xml:ns:xmpp-stanzas" xml:lang="en">Node not found</text></error></iq><iq xmlns="jabber:client" xml:lang="en" to="hero@local-jabber.entenhausen.pazz.de/1751852887554350527695206" from="hero@local-jabber.entenhausen.pazz.de" type="result" id="ea5d20b6-0548-4f67-91cc-61c65eed632f:sendIQ"><query xmlns="jabber:iq:roster"></query></iq><iq xmlns="jabber:client" xml:lang="en" to="hero@local-jabber.entenhausen.pazz.de/1751852887554350527695206" from="local-jabber.entenhausen.pazz.de" type="result" id="38a215d2-36f4-4048-8b3c-81372996b6ee:sendIQ"><query xmlns="http://jabber.org/protocol/disco#items"><item jid="conference.local-jabber.entenhausen.pazz.de"></item><item jid="pubsub.local-jabber.entenhausen.pazz.de"></item><item jid="upload.local-jabber.entenhausen.pazz.de"></item></query></iq></incoming:xml><outgoing:xml><iq type="get" to="conference.local-jabber.entenhausen.pazz.de" xmlns="jabber:client" id="8699339a-7ab5-4552-a410-465fe3378ecd:sendIQ"><query xmlns="http://jabber.org/protocol/disco#info"></query></iq><iq type="get" to="pubsub.local-jabber.entenhausen.pazz.de" xmlns="jabber:client" id="9ac3ee33-c3ba-4bf0-b422-aad75f02b8c6:sendIQ"><query xmlns="http://jabber.org/protocol/disco#info"></query></iq><iq type="get" to="upload.local-jabber.entenhausen.pazz.de" xmlns="jabber:client" id="f211ea9b-7a9e-4295-b568-20dfd064e607:sendIQ"><query xmlns="http://jabber.org/protocol/disco#info"></query></iq></outgoing:xml><incoming:xml><iq xmlns="jabber:client" xml:lang="en" to="hero@local-jabber.entenhausen.pazz.de/1751852887554350527695206" from="conference.local-jabber.entenhausen.pazz.de" type="result" id="d4f2671c-4df5-4e14-976a-2b0f2be38c19:sendIQ"><query xmlns="http://jabber.org/protocol/disco#items"><item name="heroroom-8l7u3io (private, 0)" jid="heroroom-8l7u3io@conference.local-jabber.entenhausen.pazz.de"></item></query></iq><iq xmlns="jabber:client" xml:lang="en" to="hero@local-jabber.entenhausen.pazz.de/1751852887554350527695206" from="hero@local-jabber.entenhausen.pazz.de" type="result" id="2e3350c4-5823-445f-abd8-6b53491f1a16:sendIQ"><fin xmlns="urn:xmpp:mam:2" complete="true"><set xmlns="http://jabber.org/protocol/rsm"><count>0</count></set></fin></iq><iq xmlns="jabber:client" xml:lang="en" to="hero@local-jabber.entenhausen.pazz.de/1751852887554350527695206" from="conference.local-jabber.entenhausen.pazz.de" type="result" id="8699339a-7ab5-4552-a410-465fe3378ecd:sendIQ"><query xmlns="http://jabber.org/protocol/disco#info"><identity name="Chatrooms" type="text" category="conference"></identity><feature var="http://jabber.org/protocol/disco#info"></feature><feature var="http://jabber.org/protocol/disco#items"></feature><feature var="http://jabber.org/protocol/muc"></feature><feature var="vcard-temp"></feature><feature var="urn:xmpp:mucsub:0"></feature><feature var="http://jabber.org/protocol/muc#unique"></feature><feature var="jabber:iq:register"></feature><feature var="http://jabber.org/protocol/rsm"></feature><feature var="urn:xmpp:mam:tmp"></feature><feature var="urn:xmpp:mam:0"></feature><feature var="urn:xmpp:mam:1"></feature><feature var="urn:xmpp:mam:2"></feature><x xmlns="jabber:x:data" type="result"><field var="FORM_TYPE" type="hidden"><value>http://jabber.org/network/serverinfo</value></field></x></query></iq><iq xmlns="jabber:client" xml:lang="en" to="hero@local-jabber.entenhausen.pazz.de/1751852887554350527695206" from="pubsub.local-jabber.entenhausen.pazz.de" type="result" id="9ac3ee33-c3ba-4bf0-b422-aad75f02b8c6:sendIQ"><query xmlns="http://jabber.org/protocol/disco#info"><identity name="Publish-Subscribe" type="service" category="pubsub"></identity><feature var="http://jabber.org/protocol/disco#info"></feature><feature var="http://jabber.org/protocol/disco#items"></feature><feature var="http://jabber.org/protocol/pubsub"></feature><feature var="http://jabber.org/protocol/commands"></feature><feature var="vcard-temp"></feature><feature var="http://jabber.org/protocol/pubsub#access-authorize"></feature><feature var="http://jabber.org/protocol/pubsub#access-open"></feature><feature var="http://jabber.org/protocol/pubsub#access-presence"></feature><feature var="http://jabber.org/protocol/pubsub#access-whitelist"></feature><feature var="http://jabber.org/protocol/pubsub#auto-create"></feature><feature var="http://jabber.org/protocol/pubsub#auto-subscribe"></feature><feature var="http://jabber.org/protocol/pubsub#collections"></feature><feature var="http://jabber.org/protocol/pubsub#config-node"></feature><feature var="http://jabber.org/protocol/pubsub#config-node-max"></feature><feature var="http://jabber.org/protocol/pubsub#create-and-configure"></feature><feature var="http://jabber.org/protocol/pubsub#create-nodes"></feature><feature var="http://jabber.org/protocol/pubsub#delete-items"></feature><feature var="http://jabber.org/protocol/pubsub#delete-nodes"></feature><feature var="http://jabber.org/protocol/pubsub#filtered-notifications"></feature><feature var="http://jabber.org/protocol/pubsub#get-pending"></feature><feature var="http://jabber.org/protocol/pubsub#instant-nodes"></feature><feature var="http://jabber.org/protocol/pubsub#item-ids"></feature><feature var="http://jabber.org/protocol/pubsub#last-published"></feature><feature var="http://jabber.org/protocol/pubsub#manage-subscriptions"></feature><feature var="http://jabber.org/protocol/pubsub#member-affiliation"></feature><feature var="http://jabber.org/protocol/pubsub#modify-affiliations"></feature><feature var="http://jabber.org/protocol/pubsub#multi-items"></feature><feature var="http://jabber.org/protocol/pubsub#outcast-affiliation"></feature><feature var="http://jabber.org/protocol/pubsub#persistent-items"></feature><feature var="http://jabber.org/protocol/pubsub#presence-notifications"></feature><feature var="http://jabber.org/protocol/pubsub#presence-subscribe"></feature><feature var="http://jabber.org/protocol/pubsub#publish"></feature><feature var="http://jabber.org/protocol/pubsub#publish-only-affiliation"></feature><feature var="http://jabber.org/protocol/pubsub#publish-options"></feature><feature var="http://jabber.org/protocol/pubsub#publisher-affiliation"></feature><feature var="http://jabber.org/protocol/pubsub#purge-nodes"></feature><feature var="http://jabber.org/protocol/pubsub#retract-items"></feature><feature var="http://jabber.org/protocol/pubsub#retrieve-affiliations"></feature><feature var="http://jabber.org/protocol/pubsub#retrieve-default"></feature><feature var="http://jabber.org/protocol/pubsub#retrieve-items"></feature><feature var="http://jabber.org/protocol/pubsub#retrieve-subscriptions"></feature><feature var="http://jabber.org/protocol/rsm"></feature><feature var="http://jabber.org/protocol/pubsub#shim"></feature><feature var="http://jabber.org/protocol/pubsub#subscribe"></feature><feature var="http://jabber.org/protocol/pubsub#subscription-notifications"></feature><x xmlns="jabber:x:data" type="result"><field var="FORM_TYPE" type="hidden"><value>http://jabber.org/network/serverinfo</value></field></x></query></iq><iq xmlns="jabber:client" xml:lang="en" to="hero@local-jabber.entenhausen.pazz.de/1751852887554350527695206" from="upload.local-jabber.entenhausen.pazz.de" type="result" id="f211ea9b-7a9e-4295-b568-20dfd064e607:sendIQ"><query xmlns="http://jabber.org/protocol/disco#info"><identity name="HTTP File Upload" type="file" category="store"></identity><feature var="urn:xmpp:http:upload"></feature><feature var="urn:xmpp:http:upload:0"></feature><feature var="eu:siacs:conversations:http:upload"></feature><feature var="vcard-temp"></feature><feature var="http://jabber.org/protocol/disco#info"></feature><feature var="http://jabber.org/protocol/disco#items"></feature><x xmlns="jabber:x:data" type="result"><field var="FORM_TYPE" type="hidden"><value>urn:xmpp:http:upload</value></field><field var="max-file-size" type="text-single" label="Maximum file size"><value>104857600</value></field></x><x xmlns="jabber:x:data" type="result"><field var="FORM_TYPE" type="hidden"><value>urn:xmpp:http:upload:0</value></field><field var="max-file-size" type="text-single" label="Maximum file size"><value>104857600</value></field></x><x xmlns="jabber:x:data" type="result"><field var="FORM_TYPE" type="hidden"><value>http://jabber.org/network/serverinfo</value></field></x></query></iq></incoming:xml><outgoing:xml><iq type="get" to="local-jabber.entenhausen.pazz.de" xmlns="jabber:client" id="f2c59862-cb72-46d0-bcb4-8768ffee4946:sendIQ"><query xmlns="http://jabber.org/protocol/disco#info"></query></iq></outgoing:xml><incoming:xml><iq xmlns="jabber:client" xml:lang="en" to="hero@local-jabber.entenhausen.pazz.de/1751852887554350527695206" from="local-jabber.entenhausen.pazz.de" type="result" id="f2c59862-cb72-46d0-bcb4-8768ffee4946:sendIQ"><query xmlns="http://jabber.org/protocol/disco#info"><identity type="pep" category="pubsub"></identity><identity name="ejabberd" type="im" category="server"></identity><feature var="http://jabber.org/protocol/commands"></feature><feature var="http://jabber.org/protocol/disco#info"></feature><feature var="http://jabber.org/protocol/disco#items"></feature><feature var="http://jabber.org/protocol/offline"></feature><feature var="http://jabber.org/protocol/pubsub"></feature><feature var="http://jabber.org/protocol/pubsub#access-authorize"></feature><feature var="http://jabber.org/protocol/pubsub#access-open"></feature><feature var="http://jabber.org/protocol/pubsub#access-presence"></feature><feature var="http://jabber.org/protocol/pubsub#access-whitelist"></feature><feature var="http://jabber.org/protocol/pubsub#auto-create"></feature><feature var="http://jabber.org/protocol/pubsub#auto-subscribe"></feature><feature var="http://jabber.org/protocol/pubsub#collections"></feature><feature var="http://jabber.org/protocol/pubsub#config-node"></feature><feature var="http://jabber.org/protocol/pubsub#config-node-max"></feature><feature var="http://jabber.org/protocol/pubsub#create-and-configure"></feature><feature var="http://jabber.org/protocol/pubsub#create-nodes"></feature><feature var="http://jabber.org/protocol/pubsub#delete-items"></feature><feature var="http://jabber.org/protocol/pubsub#delete-nodes"></feature><feature var="http://jabber.org/protocol/pubsub#filtered-notifications"></feature><feature var="http://jabber.org/protocol/pubsub#get-pending"></feature><feature var="http://jabber.org/protocol/pubsub#instant-nodes"></feature><feature var="http://jabber.org/protocol/pubsub#item-ids"></feature><feature var="http://jabber.org/protocol/pubsub#last-published"></feature><feature var="http://jabber.org/protocol/pubsub#manage-subscriptions"></feature><feature var="http://jabber.org/protocol/pubsub#member-affiliation"></feature><feature var="http://jabber.org/protocol/pubsub#modify-affiliations"></feature><feature var="http://jabber.org/protocol/pubsub#multi-items"></feature><feature var="http://jabber.org/protocol/pubsub#outcast-affiliation"></feature><feature var="http://jabber.org/protocol/pubsub#persistent-items"></feature><feature var="http://jabber.org/protocol/pubsub#presence-notifications"></feature><feature var="http://jabber.org/protocol/pubsub#presence-subscribe"></feature><feature var="http://jabber.org/protocol/pubsub#publish"></feature><feature var="http://jabber.org/protocol/pubsub#publish-only-affiliation"></feature><feature var="http://jabber.org/protocol/pubsub#publish-options"></feature><feature var="http://jabber.org/protocol/pubsub#publisher-affiliation"></feature><feature var="http://jabber.org/protocol/pubsub#purge-nodes"></feature><feature var="http://jabber.org/protocol/pubsub#retract-items"></feature><feature var="http://jabber.org/protocol/pubsub#retrieve-affiliations"></feature><feature var="http://jabber.org/protocol/pubsub#retrieve-default"></feature><feature var="http://jabber.org/protocol/pubsub#retrieve-items"></feature><feature var="http://jabber.org/protocol/pubsub#retrieve-subscriptions"></feature><feature var="http://jabber.org/protocol/pubsub#shim"></feature><feature var="http://jabber.org/protocol/pubsub#subscribe"></feature><feature var="http://jabber.org/protocol/pubsub#subscription-notifications"></feature><feature var="http://jabber.org/protocol/rsm"></feature><feature var="http://jabber.org/protocol/stats"></feature><feature var="iq"></feature><feature var="jabber:iq:last"></feature><feature var="jabber:iq:privacy"></feature><feature var="jabber:iq:register"></feature><feature var="jabber:iq:version"></feature><feature var="msgoffline"></feature><feature var="presence"></feature><feature var="urn:xmpp:blocking"></feature><feature var="urn:xmpp:carbons:2"></feature><feature var="urn:xmpp:carbons:rules:0"></feature><feature var="urn:xmpp:mam:0"></feature><feature var="urn:xmpp:mam:1"></feature><feature var="urn:xmpp:mam:2"></feature><feature var="urn:xmpp:mam:tmp"></feature><feature var="urn:xmpp:ping"></feature><feature var="urn:xmpp:time"></feature><feature var="vcard-temp"></feature><x xmlns="jabber:x:data" type="result"><field var="FORM_TYPE" type="hidden"><value>http://jabber.org/network/serverinfo</value></field></x></query></iq></incoming:xml><outgoing:xml><iq type="set" xmlns="jabber:client" id="9a33f97d-dfba-4eda-883f-5b13e19f2f68:sendIQ"><prefs xmlns="urn:xmpp:mam:2" default="always"></prefs></iq></outgoing:xml><incoming:xml><iq xmlns="jabber:client" xml:lang="en" to="hero@local-jabber.entenhausen.pazz.de/1751852887554350527695206" from="hero@local-jabber.entenhausen.pazz.de" type="result" id="9a33f97d-dfba-4eda-883f-5b13e19f2f68:sendIQ"><prefs xmlns="urn:xmpp:mam:2" default="always"><always></always><never></never></prefs></iq></incoming:xml><outgoing:xml><presence type="available" xmlns="jabber:client"></presence></outgoing:xml></xml:debug:log>[39m
LOG: <xml:debug:log><outgoing:xml><open xmlns="urn:ietf:params:xml:ns:xmpp-framing" to="local-jabber.entenhausen.pazz.de" version="1.0"></open></outgoing:xml><incoming:xml><open xmlns="urn:ietf:params:xml:ns:xmpp-framing" id="8609011722204371497" version="1.0" xml:lang="en" from="local-jabber.entenhausen.pazz.de"></open><stream:features xmlns:stream="http://etherx.jabber.org/streams"><mechanisms xmlns="urn:ietf:params:xml:ns:xmpp-sasl"><mechanism>PLAIN</mechanism><mechanism>SCRAM-SHA-1</mechanism><mechanism>X-OAUTH2</mechanism></mechanisms><register xmlns="http://jabber.org/features/iq-register"></register></stream:features><stream:features xmlns:stream="http://etherx.jabber.org/streams"><mechanisms xmlns="urn:ietf:params:xml:ns:xmpp-sasl"><mechanism>PLAIN</mechanism><mechanism>SCRAM-SHA-1</mechanism><mechanism>X-OAUTH2</mechanism></mechanisms><register xmlns="http://jabber.org/features/iq-register"></register></stream:features></incoming:xml><outgoing:xml><auth xmlns="urn:ietf:params:xml:ns:xmpp-sasl" mechanism="SCRAM-SHA-1">biwsbj1oZXJvLHI9TS9LK1JhVU5DeGtTbmRyNk5ZRVIvQT09</auth></outgoing:xml><incoming:xml><challenge xmlns="urn:ietf:params:xml:ns:xmpp-sasl">cj1NL0srUmFVTkN4a1NuZHI2TllFUi9BPT1Rbk52NG1TNnJlOVREM21WMmRIMTFRPT0scz1NajhVbXF3czVLK2VJUUZ3Z3hUcmhBPT0saT00MDk2</challenge></incoming:xml><outgoing:xml><response xmlns="urn:ietf:params:xml:ns:xmpp-sasl">Yz1iaXdzLHI9TS9LK1JhVU5DeGtTbmRyNk5ZRVIvQT09UW5OdjRtUzZyZTlURDNtVjJkSDExUT09LHA9aXBTdm0yK2RhT2prbTJkcDFjY09ZUTdPT1BBPQ==</response></outgoing:xml><incoming:xml><success xmlns="urn:ietf:params:xml:ns:xmpp-sasl">dj0vNUI3TTgvQ1VOcHE2WVNiZU40QlFtWjFJam89</success></incoming:xml><outgoing:xml><open xmlns="urn:ietf:params:xml:ns:xmpp-framing" to="local-jabber.entenhausen.pazz.de" version="1.0"></open></outgoing:xml><incoming:xml><open xmlns="urn:ietf:params:xml:ns:xmpp-framing" id="5365580634170856885" version="1.0" xml:lang="en" from="local-jabber.entenhausen.pazz.de"></open><stream:features xmlns:stream="http://etherx.jabber.org/streams"><bind xmlns="urn:ietf:params:xml:ns:xmpp-bind"></bind><session xmlns="urn:ietf:params:xml:ns:xmpp-session"><optional></optional></session><c xmlns="http://jabber.org/protocol/caps" ver="55W0fZiAYW8VIbjTRZlOlKIFYc8=" node="http://www.process-one.net/en/ejabberd/" hash="sha-1"></c><sm xmlns="urn:xmpp:sm:2"></sm><sm xmlns="urn:xmpp:sm:3"></sm><ver xmlns="urn:xmpp:features:rosterver"></ver><csi xmlns="urn:xmpp:csi:0"></csi></stream:features></incoming:xml><outgoing:xml><iq type="set" id="_bind_auth_2" xmlns="jabber:client"><bind xmlns="urn:ietf:params:xml:ns:xmpp-bind"></bind></iq></outgoing:xml><incoming:xml><iq xmlns="jabber:client" type="result" id="_bind_auth_2"><bind xmlns="urn:ietf:params:xml:ns:xmpp-bind"><jid>hero@local-jabber.entenhausen.pazz.de/1751852887554350527695206</jid></bind></iq></incoming:xml><outgoing:xml><iq type="set" id="_session_auth_2" xmlns="jabber:client"><session xmlns="urn:ietf:params:xml:ns:xmpp-session"></session></iq><iq type="get" to="local-jabber.entenhausen.pazz.de" from="hero@local-jabber.entenhausen.pazz.de/1751852887554350527695206" xmlns="jabber:client" id="059ec7c2-c979-4bd8-bcf4-31a783aee9fc:sendIQ"><time xmlns="urn:xmpp:time"></time></iq><iq type="get" xmlns="jabber:client" id="72238653-b05e-49f3-858b-f9216b367c3e:sendIQ"><pubsub xmlns="http://jabber.org/protocol/pubsub"><items node="ngxchat:unreadmessagedate"></items></pubsub></iq><iq type="set" id="enable_carbons" xmlns="jabber:client"><enable xmlns="urn:xmpp:carbons:2"></enable></iq><iq type="get" xmlns="jabber:client" id="25a16c31-f797-41fc-a01c-d1959b1b84db:sendIQ"><pubsub xmlns="http://jabber.org/protocol/pubsub"><items node="ngxchat:contactmessagestates"></items></pubsub></iq><iq type="get" xmlns="jabber:client" id="ea5d20b6-0548-4f67-91cc-61c65eed632f:sendIQ"><query xmlns="jabber:iq:roster"></query></iq><iq type="get" to="local-jabber.entenhausen.pazz.de" xmlns="jabber:client" id="38a215d2-36f4-4048-8b3c-81372996b6ee:sendIQ"><query xmlns="http://jabber.org/protocol/disco#items"></query></iq><iq type="get" to="conference.local-jabber.entenhausen.pazz.de" xmlns="jabber:client" id="d4f2671c-4df5-4e14-976a-2b0f2be38c19:sendIQ"><query xmlns="http://jabber.org/protocol/disco#items"></query></iq><iq type="set" xmlns="jabber:client" id="2e3350c4-5823-445f-abd8-6b53491f1a16:sendIQ"><query xmlns="urn:xmpp:mam:2"><set xmlns="http://jabber.org/protocol/rsm"><max>20</max><before></before></set></query></iq></outgoing:xml><incoming:xml><iq xmlns="jabber:client" xml:lang="en" to="hero@local-jabber.entenhausen.pazz.de/1751852887554350527695206" from="local-jabber.entenhausen.pazz.de" type="result" id="_session_auth_2"></iq><iq xmlns="jabber:client" xml:lang="en" to="hero@local-jabber.entenhausen.pazz.de/1751852887554350527695206" from="local-jabber.entenhausen.pazz.de" type="result" id="059ec7c2-c979-4bd8-bcf4-31a783aee9fc:sendIQ"><time xmlns="urn:xmpp:time"><tzo>+00:00</tzo><utc>2025-12-31T23:07:41.420690Z</utc></time></iq><iq xmlns="jabber:client" xml:lang="en" to="hero@local-jabber.entenhausen.pazz.de/1751852887554350527695206" from="hero@local-jabber.entenhausen.pazz.de" type="error" id="72238653-b05e-49f3-858b-f9216b367c3e:sendIQ"><pubsub xmlns="http://jabber.org/protocol/pubsub"><items node="ngxchat:unreadmessagedate"></items></pubsub><error type="cancel"><item-not-found xmlns="urn:ietf:params:xml:ns:xmpp-stanzas"></item-not-found><text xmlns="urn:ietf:params:xml:ns:xmpp-stanzas" xml:lang="en">Node not found</text></error></iq><iq xmlns="jabber:client" xml:lang="en" to="hero@local-jabber.entenhausen.pazz.de/1751852887554350527695206" from="hero@local-jabber.entenhausen.pazz.de" type="result" id="enable_carbons"></iq><iq xmlns="jabber:client" xml:lang="en" to="hero@local-jabber.entenhausen.pazz.de/1751852887554350527695206" from="hero@local-jabber.entenhausen.pazz.de" type="error" id="25a16c31-f797-41fc-a01c-d1959b1b84db:sendIQ"><pubsub xmlns="http://jabber.org/protocol/pubsub"><items node="ngxchat:contactmessagestates"></items></pubsub><error type="cancel"><item-not-found xmlns="urn:ietf:params:xml:ns:xmpp-stanzas"></item-not-found><text xmlns="urn:ietf:params:xml:ns:xmpp-stanzas" xml:lang="en">Node not found</text></error></iq><iq xmlns="jabber:client" xml:lang="en" to="hero@local-jabber.entenhausen.pazz.de/1751852887554350527695206" from="hero@local-jabber.entenhausen.pazz.de" type="result" id="ea5d20b6-0548-4f67-91cc-61c65eed632f:sendIQ"><query xmlns="jabber:iq:roster"></query></iq><iq xmlns="jabber:client" xml:lang="en" to="hero@local-jabber.entenhausen.pazz.de/1751852887554350527695206" from="local-jabber.entenhausen.pazz.de" type="result" id="38a215d2-36f4-4048-8b3c-81372996b6ee:sendIQ"><query xmlns="http://jabber.org/protocol/disco#items"><item jid="conference.local-jabber.entenhausen.pazz.de"></item><item jid="pubsub.local-jabber.entenhausen.pazz.de"></item><item jid="upload.local-jabber.entenhausen.pazz.de"></item></query></iq></incoming:xml><outgoing:xml><iq type="get" to="conference.local-jabber.entenhausen.pazz.de" xmlns="jabber:client" id="8699339a-7ab5-4552-a410-465fe3378ecd:sendIQ"><query xmlns="http://jabber.org/protocol/disco#info"></query></iq><iq type="get" to="pubsub.local-jabber.entenhausen.pazz.de" xmlns="jabber:client" id="9ac3ee33-c3ba-4bf0-b422-aad75f02b8c6:sendIQ"><query xmlns="http://jabber.org/protocol/disco#info"></query></iq><iq type="get" to="upload.local-jabber.entenhausen.pazz.de" xmlns="jabber:client" id="f211ea9b-7a9e-4295-b568-20dfd064e607:sendIQ"><query xmlns="http://jabber.org/protocol/disco#info"></query></iq></outgoing:xml><incoming:xml><iq xmlns="jabber:client" xml:lang="en" to="hero@local-jabber.entenhausen.pazz.de/1751852887554350527695206" from="conference.local-jabber.entenhausen.pazz.de" type="result" id="d4f2671c-4df5-4e14-976a-2b0f2be38c19:sendIQ"><query xmlns="http://jabber.org/protocol/disco#items"><item name="heroroom-8l7u3io (private, 0)" jid="heroroom-8l7u3io@conference.local-jabber.entenhausen.pazz.de"></item></query></iq><iq xmlns="jabber:client" xml:lang="en" to="hero@local-jabber.entenhausen.pazz.de/1751852887554350527695206" from="hero@local-jabber.entenhausen.pazz.de" type="result" id="2e3350c4-5823-445f-abd8-6b53491f1a16:sendIQ"><fin xmlns="urn:xmpp:mam:2" complete="true"><set xmlns="http://jabber.org/protocol/rsm"><count>0</count></set></fin></iq><iq xmlns="jabber:client" xml:lang="en" to="hero@local-jabber.entenhausen.pazz.de/1751852887554350527695206" from="conference.local-jabber.entenhausen.pazz.de" type="result" id="8699339a-7ab5-4552-a410-465fe3378ecd:sendIQ"><query xmlns="http://jabber.org/protocol/disco#info"><identity name="Chatrooms" type="text" category="conference"></identity><feature var="http://jabber.org/protocol/disco#info"></feature><feature var="http://jabber.org/protocol/disco#items"></feature><feature var="http://jabber.org/protocol/muc"></feature><feature var="vcard-temp"></feature><feature var="urn:xmpp:mucsub:0"></feature><feature var="http://jabber.org/protocol/muc#unique"></feature><feature var="jabber:iq:register"></feature><feature var="http://jabber.org/protocol/rsm"></feature><feature var="urn:xmpp:mam:tmp"></feature><feature var="urn:xmpp:mam:0"></feature><feature var="urn:xmpp:mam:1"></feature><feature var="urn:xmpp:mam:2"></feature><x xmlns="jabber:x:data" type="result"><field var="FORM_TYPE" type="hidden"><value>http://jabber.org/network/serverinfo</value></field></x></query></iq><iq xmlns="jabber:client" xml:lang="en" to="hero@local-jabber.entenhausen.pazz.de/1751852887554350527695206" from="pubsub.local-jabber.entenhausen.pazz.de" type="result" id="9ac3ee33-c3ba-4bf0-b422-aad75f02b8c6:sendIQ"><query xmlns="http://jabber.org/protocol/disco#info"><identity name="Publish-Subscribe" type="service" category="pubsub"></identity><feature var="http://jabber.org/protocol/disco#info"></feature><feature var="http://jabber.org/protocol/disco#items"></feature><feature var="http://jabber.org/protocol/pubsub"></feature><feature var="http://jabber.org/protocol/commands"></feature><feature var="vcard-temp"></feature><feature var="http://jabber.org/protocol/pubsub#access-authorize"></feature><feature var="http://jabber.org/protocol/pubsub#access-open"></feature><feature var="http://jabber.org/protocol/pubsub#access-presence"></feature><feature var="http://jabber.org/protocol/pubsub#access-whitelist"></feature><feature var="http://jabber.org/protocol/pubsub#auto-create"></feature><feature var="http://jabber.org/protocol/pubsub#auto-subscribe"></feature><feature var="http://jabber.org/protocol/pubsub#collections"></feature><feature var="http://jabber.org/protocol/pubsub#config-node"></feature><feature var="http://jabber.org/protocol/pubsub#config-node-max"></feature><feature var="http://jabber.org/protocol/pubsub#create-and-configure"></feature><feature var="http://jabber.org/protocol/pubsub#create-nodes"></feature><feature var="http://jabber.org/protocol/pubsub#delete-items"></feature><feature var="http://jabber.org/protocol/pubsub#delete-nodes"></feature><feature var="http://jabber.org/protocol/pubsub#filtered-notifications"></feature><feature var="http://jabber.org/protocol/pubsub#get-pending"></feature><feature var="http://jabber.org/protocol/pubsub#instant-nodes"></feature><feature var="http://jabber.org/protocol/pubsub#item-ids"></feature><feature var="http://jabber.org/protocol/pubsub#last-published"></feature><feature var="http://jabber.org/protocol/pubsub#manage-subscriptions"></feature><feature var="http://jabber.org/protocol/pubsub#member-affiliation"></feature><feature var="http://jabber.org/protocol/pubsub#modify-affiliations"></feature><feature var="http://jabber.org/protocol/pubsub#multi-items"></feature><feature var="http://jabber.org/protocol/pubsub#outcast-affiliation"></feature><feature var="http://jabber.org/protocol/pubsub#persistent-items"></feature><feature var="http://jabber.org/protocol/pubsub#presence-notifications"></feature><feature var="http://jabber.org/protocol/pubsub#presence-subscribe"></feature><feature var="http://jabber.org/protocol/pubsub#publish"></feature><feature var="http://jabber.org/protocol/pubsub#publish-only-affiliation"></feature><feature var="http://jabber.org/protocol/pubsub#publish-options"></feature><feature var="http://jabber.org/protocol/pubsub#publisher-affiliation"></feature><feature var="http://jabber.org/protocol/pubsub#purge-nodes"></feature><feature var="http://jabber.org/protocol/pubsub#retract-items"></feature><feature var="http://jabber.org/protocol/pubsub#retrieve-affiliations"></feature><feature var="http://jabber.org/protocol/pubsub#retrieve-default"></feature><feature var="http://jabber.org/protocol/pubsub#retrieve-items"></feature><feature var="http://jabber.org/protocol/pubsub#retrieve-subscriptions"></feature><feature var="http://jabber.org/protocol/rsm"></feature><feature var="http://jabber.org/protocol/pubsub#shim"></feature><feature var="http://jabber.org/protocol/pubsub#subscribe"></feature><feature var="http://jabber.org/protocol/pubsub#subscription-notifications"></feature><x xmlns="jabber:x:data" type="result"><field var="FORM_TYPE" type="hidden"><value>http://jabber.org/network/serverinfo</value></field></x></query></iq><iq xmlns="jabber:client" xml:lang="en" to="hero@local-jabber.entenhausen.pazz.de/1751852887554350527695206" from="upload.local-jabber.entenhausen.pazz.de" type="result" id="f211ea9b-7a9e-4295-b568-20dfd064e607:sendIQ"><query xmlns="http://jabber.org/protocol/disco#info"><identity name="HTTP File Upload" type="file" category="store"></identity><feature var="urn:xmpp:http:upload"></feature><feature var="urn:xmpp:http:upload:0"></feature><feature var="eu:siacs:conversations:http:upload"></feature><feature var="vcard-temp"></feature><feature var="http://jabber.org/protocol/disco#info"></feature><feature var="http://jabber.org/protocol/disco#items"></feature><x xmlns="jabber:x:data" type="result"><field var="FORM_TYPE" type="hidden"><value>urn:xmpp:http:upload</value></field><field var="max-file-size" type="text-single" label="Maximum file size"><value>104857600</value></field></x><x xmlns="jabber:x:data" type="result"><field var="FORM_TYPE" type="hidden"><value>urn:xmpp:http:upload:0</value></field><field var="max-file-size" type="text-single" label="Maximum file size"><value>104857600</value></field></x><x xmlns="jabber:x:data" type="result"><field var="FORM_TYPE" type="hidden"><value>http://jabber.org/network/serverinfo</value></field></x></query></iq></incoming:xml><outgoing:xml><iq type="get" to="local-jabber.entenhausen.pazz.de" xmlns="jabber:client" id="f2c59862-cb72-46d0-bcb4-8768ffee4946:sendIQ"><query xmlns="http://jabber.org/protocol/disco#info"></query></iq></outgoing:xml><incoming:xml><iq xmlns="jabber:client" xml:lang="en" to="hero@local-jabber.entenhausen.pazz.de/1751852887554350527695206" from="local-jabber.entenhausen.pazz.de" type="result" id="f2c59862-cb72-46d0-bcb4-8768ffee4946:sendIQ"><query xmlns="http://jabber.org/protocol/disco#info"><identity type="pep" category="pubsub"></identity><identity name="ejabberd" type="im" category="server"></identity><feature var="http://jabber.org/protocol/commands"></feature><feature var="http://jabber.org/protocol/disco#info"></feature><feature var="http://jabber.org/protocol/disco#items"></feature><feature var="http://jabber.org/protocol/offline"></feature><feature var="http://jabber.org/protocol/pubsub"></feature><feature var="http://jabber.org/protocol/pubsub#access-authorize"></feature><feature var="http://jabber.org/protocol/pubsub#access-open"></feature><feature var="http://jabber.org/protocol/pubsub#access-presence"></feature><feature var="http://jabber.org/protocol/pubsub#access-whitelist"></feature><feature var="http://jabber.org/protocol/pubsub#auto-create"></feature><feature var="http://jabber.org/protocol/pubsub#auto-subscribe"></feature><feature var="http://jabber.org/protocol/pubsub#collections"></feature><feature var="http://jabber.org/protocol/pubsub#config-node"></feature><feature var="http://jabber.org/protocol/pubsub#config-node-max"></feature><feature var="http://jabber.org/protocol/pubsub#create-and-configure"></feature><feature var="http://jabber.org/protocol/pubsub#create-nodes"></feature><feature var="http://jabber.org/protocol/pubsub#delete-items"></feature><feature var="http://jabber.org/protocol/pubsub#delete-nodes"></feature><feature var="http://jabber.org/protocol/pubsub#filtered-notifications"></feature><feature var="http://jabber.org/protocol/pubsub#get-pending"></feature><feature var="http://jabber.org/protocol/pubsub#instant-nodes"></feature><feature var="http://jabber.org/protocol/pubsub#item-ids"></feature><feature var="http://jabber.org/protocol/pubsub#last-published"></feature><feature var="http://jabber.org/protocol/pubsub#manage-subscriptions"></feature><feature var="http://jabber.org/protocol/pubsub#member-affiliation"></feature><feature var="http://jabber.org/protocol/pubsub#modify-affiliations"></feature><feature var="http://jabber.org/protocol/pubsub#multi-items"></feature><feature var="http://jabber.org/protocol/pubsub#outcast-affiliation"></feature><feature var="http://jabber.org/protocol/pubsub#persistent-items"></feature><feature var="http://jabber.org/protocol/pubsub#presence-notifications"></feature><feature var="http://jabber.org/protocol/pubsub#presence-subscribe"></feature><feature var="http://jabber.org/protocol/pubsub#publish"></feature><feature var="http://jabber.org/protocol/pubsub#publish-only-affiliation"></feature><feature var="http://jabber.org/protocol/pubsub#publish-options"></feature><feature var="http://jabber.org/protocol/pubsub#publisher-affiliation"></feature><feature var="http://jabber.org/protocol/pubsub#purge-nodes"></feature><feature var="http://jabber.org/protocol/pubsub#retract-items"></feature><feature var="http://jabber.org/protocol/pubsub#retrieve-affiliations"></feature><feature var="http://jabber.org/protocol/pubsub#retrieve-default"></feature><feature var="http://jabber.org/protocol/pubsub#retrieve-items"></feature><feature var="http://jabber.org/protocol/pubsub#retrieve-subscriptions"></feature><feature var="http://jabber.org/protocol/pubsub#shim"></feature><feature var="http://jabber.org/protocol/pubsub#subscribe"></feature><feature var="http://jabber.org/protocol/pubsub#subscription-notifications"></feature><feature var="http://jabber.org/protocol/rsm"></feature><feature var="http://jabber.org/protocol/stats"></feature><feature var="iq"></feature><feature var="jabber:iq:last"></feature><feature var="jabber:iq:privacy"></feature><feature var="jabber:iq:register"></feature><feature var="jabber:iq:version"></feature><feature var="msgoffline"></feature><feature var="presence"></feature><feature var="urn:xmpp:blocking"></feature><feature var="urn:xmpp:carbons:2"></feature><feature var="urn:xmpp:carbons:rules:0"></feature><feature var="urn:xmpp:mam:0"></feature><feature var="urn:xmpp:mam:1"></feature><feature var="urn:xmpp:mam:2"></feature><feature var="urn:xmpp:mam:tmp"></feature><feature var="urn:xmpp:ping"></feature><feature var="urn:xmpp:time"></feature><feature var="vcard-temp"></feature><x xmlns="jabber:x:data" type="result"><field var="FORM_TYPE" type="hidden"><value>http://jabber.org/network/serverinfo</value></field></x></query></iq></incoming:xml><outgoing:xml><iq type="set" xmlns="jabber:client" id="9a33f97d-dfba-4eda-883f-5b13e19f2f68:sendIQ"><prefs xmlns="urn:xmpp:mam:2" default="always"></prefs></iq></outgoing:xml><incoming:xml><iq xmlns="jabber:client" xml:lang="en" to="hero@local-jabber.entenhausen.pazz.de/1751852887554350527695206" from="hero@local-jabber.entenhausen.pazz.de" type="result" id="9a33f97d-dfba-4eda-883f-5b13e19f2f68:sendIQ"><prefs xmlns="urn:xmpp:mam:2" default="always"><always></always><never></never></prefs></iq></incoming:xml><outgoing:xml><presence type="available" xmlns="jabber:client"></presence></outgoing:xml></xml:debug:log>
LOG LOG: [36m'[Ejabberd API] Requesting destroy_room from http://localhost:52810/api/ with user local-admin@local-jabber.entenhausen.pazz.de'[39m
LOG: '[Ejabberd API] Requesting destroy_room from http://localhost:52810/api/ with user local-admin@local-jabber.entenhausen.pazz.de'
LOG LOG: [36m'[Ejabberd API] Requesting destroy_room from http://localhost:52810/api/ with user local-admin@local-jabber.entenhausen.pazz.de'[39m
LOG: '[Ejabberd API] Requesting destroy_room from http://localhost:52810/api/ with user local-admin@local-jabber.entenhausen.pazz.de'
LOG LOG: [36m'[Ejabberd API] Requesting destroy_room from http://localhost:52810/api/ with user local-admin@local-jabber.entenhausen.pazz.de'[39m
LOG: '[Ejabberd API] Requesting destroy_room from http://localhost:52810/api/ with user local-admin@local-jabber.entenhausen.pazz.de'
LOG LOG: [36m'[Ejabberd API] Requesting destroy_room from http://localhost:52810/api/ with user local-admin@local-jabber.entenhausen.pazz.de'[39m
LOG: '[Ejabberd API] Requesting destroy_room from http://localhost:52810/api/ with user local-admin@local-jabber.entenhausen.pazz.de'
LOG LOG: [36m'[Ejabberd API] Requesting destroy_room from http://localhost:52810/api/ with user local-admin@local-jabber.entenhausen.pazz.de'[39m
LOG: '[Ejabberd API] Requesting destroy_room from http://localhost:52810/api/ with user local-admin@local-jabber.entenhausen.pazz.de'
LOG LOG: [36m'[Ejabberd API] Requesting destroy_room from http://localhost:52810/api/ with user local-admin@local-jabber.entenhausen.pazz.de'[39m
LOG: '[Ejabberd API] Requesting destroy_room from http://localhost:52810/api/ with user local-admin@local-jabber.entenhausen.pazz.de'
LOG LOG: [36m'[Ejabberd API] Response destroy_room: 400 Bad Request'[39m
LOG: '[Ejabberd API] Response destroy_room: 400 Bad Request'
LOG LOG: [36m'[Ejabberd API] Response destroy_room: 400 Bad Request'[39m
LOG: '[Ejabberd API] Response destroy_room: 400 Bad Request'
LOG LOG: [36m'[Ejabberd API] Response destroy_room: 400 Bad Request'[39m
LOG: '[Ejabberd API] Response destroy_room: 400 Bad Request'
LOG LOG: [36m'[Ejabberd API] Response destroy_room: 200 OK'[39m
LOG: '[Ejabberd API] Response destroy_room: 200 OK'
LOG LOG: [36m'[Ejabberd API] Response destroy_room: 400 Bad Request'[39m
LOG: '[Ejabberd API] Response destroy_room: 400 Bad Request'
LOG LOG: [36m'[Ejabberd API] Response destroy_room: 400 Bad Request'[39m
LOG: '[Ejabberd API] Response destroy_room: 400 Bad Request'
LOG LOG: [36m'[Ejabberd API] Requesting registered_users from http://localhost:52810/api/ with user local-admin@local-jabber.entenhausen.pazz.de'[39m
LOG: '[Ejabberd API] Requesting registered_users from http://localhost:52810/api/ with user local-admin@local-jabber.entenhausen.pazz.de'
LOG LOG: [36m'[Ejabberd API] Requesting registered_users from http://localhost:52810/api/ with user local-admin@local-jabber.entenhausen.pazz.de'[39m
LOG: '[Ejabberd API] Requesting registered_users from http://localhost:52810/api/ with user local-admin@local-jabber.entenhausen.pazz.de'
LOG LOG: [36m'[Ejabberd API] Requesting registered_users from http://localhost:52810/api/ with user local-admin@local-jabber.entenhausen.pazz.de'[39m
LOG: '[Ejabberd API] Requesting registered_users from http://localhost:52810/api/ with user local-admin@local-jabber.entenhausen.pazz.de'
LOG LOG: [36m'[Ejabberd API] Requesting registered_users from http://localhost:52810/api/ with user local-admin@local-jabber.entenhausen.pazz.de'[39m
LOG: '[Ejabberd API] Requesting registered_users from http://localhost:52810/api/ with user local-admin@local-jabber.entenhausen.pazz.de'
LOG LOG: [36m'[Ejabberd API] Requesting registered_users from http://localhost:52810/api/ with user local-admin@local-jabber.entenhausen.pazz.de'[39m
LOG: '[Ejabberd API] Requesting registered_users from http://localhost:52810/api/ with user local-admin@local-jabber.entenhausen.pazz.de'
LOG LOG: [36m'[Ejabberd API] Response registered_users: 200 OK'[39m
LOG: '[Ejabberd API] Response registered_users: 200 OK'
LOG LOG: [36m'[Ejabberd API] Response registered_users: 200 OK'[39m
LOG: '[Ejabberd API] Response registered_users: 200 OK'
LOG LOG: [36m'[Ejabberd API] Requesting check_account from http://localhost:52810/api/ with user local-admin@local-jabber.entenhausen.pazz.de'[39m
LOG: '[Ejabberd API] Requesting check_account from http://localhost:52810/api/ with user local-admin@local-jabber.entenhausen.pazz.de'
LOG LOG: [36m'[Ejabberd API] Response registered_users: 200 OK'[39m
LOG: '[Ejabberd API] Response registered_users: 200 OK'
LOG LOG: [36m'[Ejabberd API] Response registered_users: 200 OK'[39m
LOG: '[Ejabberd API] Response registered_users: 200 OK'
LOG LOG: [36m'[Ejabberd API] Response registered_users: 200 OK'[39m
LOG: '[Ejabberd API] Response registered_users: 200 OK'
LOG LOG: [36m'[Ejabberd API] Requesting check_account from http://localhost:52810/api/ with user local-admin@local-jabber.entenhausen.pazz.de'[39m
LOG: '[Ejabberd API] Requesting check_account from http://localhost:52810/api/ with user local-admin@local-jabber.entenhausen.pazz.de'
LOG LOG: [36m'[Ejabberd API] Response check_account: 200 OK'[39m
LOG: '[Ejabberd API] Response check_account: 200 OK'
LOG LOG: [36m'[Ejabberd API] Requesting unregister from http://localhost:52810/api/ with user local-admin@local-jabber.entenhausen.pazz.de'[39m
LOG: '[Ejabberd API] Requesting unregister from http://localhost:52810/api/ with user local-admin@local-jabber.entenhausen.pazz.de'
LOG LOG: [36m'[Ejabberd API] Response check_account: 200 OK'[39m
LOG: '[Ejabberd API] Response check_account: 200 OK'
LOG LOG: [36m'[Ejabberd API] Requesting unregister from http://localhost:52810/api/ with user local-admin@local-jabber.entenhausen.pazz.de'[39m
LOG: '[Ejabberd API] Requesting unregister from http://localhost:52810/api/ with user local-admin@local-jabber.entenhausen.pazz.de'
LOG LOG: [36m'[Ejabberd API] Response unregister: 200 OK'[39m
LOG: '[Ejabberd API] Response unregister: 200 OK'
LOG LOG: [36m'[Ejabberd API] Response unregister: 200 OK'[39m
LOG: '[Ejabberd API] Response unregister: 200 OK'
      [32m✓ [39mshould handle banning and unbanning of a room occupant
LOG LOG: [36m'[Ejabberd API] Requesting muc_online_rooms from http://localhost:52810/api/ with user local-admin@local-jabber.entenhausen.pazz.de'[39m
LOG: '[Ejabberd API] Requesting muc_online_rooms from http://localhost:52810/api/ with user local-admin@local-jabber.entenhausen.pazz.de'
LOG LOG: [36m'[Ejabberd API] Response muc_online_rooms: 200 OK'[39m
LOG: '[Ejabberd API] Response muc_online_rooms: 200 OK'
LOG LOG: [36m'[Ejabberd API] Requesting registered_users from http://localhost:52810/api/ with user local-admin@local-jabber.entenhausen.pazz.de'[39m
LOG: '[Ejabberd API] Requesting registered_users from http://localhost:52810/api/ with user local-admin@local-jabber.entenhausen.pazz.de'
LOG LOG: [36m'[Ejabberd API] Response registered_users: 200 OK'[39m
LOG: '[Ejabberd API] Response registered_users: 200 OK'
LOG LOG: [36m'[Ejabberd API] Requesting registered_users from http://localhost:52810/api/ with user local-admin@local-jabber.entenhausen.pazz.de'[39m
LOG: '[Ejabberd API] Requesting registered_users from http://localhost:52810/api/ with user local-admin@local-jabber.entenhausen.pazz.de'
LOG LOG: [36m'[Ejabberd API] Requesting registered_users from http://localhost:52810/api/ with user local-admin@local-jabber.entenhausen.pazz.de'[39m
LOG: '[Ejabberd API] Requesting registered_users from http://localhost:52810/api/ with user local-admin@local-jabber.entenhausen.pazz.de'
LOG LOG: [36m'[Ejabberd API] Requesting registered_users from http://localhost:52810/api/ with user local-admin@local-jabber.entenhausen.pazz.de'[39m
LOG: '[Ejabberd API] Requesting registered_users from http://localhost:52810/api/ with user local-admin@local-jabber.entenhausen.pazz.de'
LOG LOG: [36m'[Ejabberd API] Requesting registered_users from http://localhost:52810/api/ with user local-admin@local-jabber.entenhausen.pazz.de'[39m
LOG: '[Ejabberd API] Requesting registered_users from http://localhost:52810/api/ with user local-admin@local-jabber.entenhausen.pazz.de'
LOG LOG: [36m'[Ejabberd API] Requesting registered_users from http://localhost:52810/api/ with user local-admin@local-jabber.entenhausen.pazz.de'[39m
LOG: '[Ejabberd API] Requesting registered_users from http://localhost:52810/api/ with user local-admin@local-jabber.entenhausen.pazz.de'
LOG LOG: [36m'[Ejabberd API] Response registered_users: 200 OK'[39m
LOG: '[Ejabberd API] Response registered_users: 200 OK'
LOG LOG: [36m'[Ejabberd API] Response registered_users: 200 OK'[39m
LOG: '[Ejabberd API] Response registered_users: 200 OK'
LOG LOG: [36m'[Ejabberd API] Response registered_users: 200 OK'[39m
LOG: '[Ejabberd API] Response registered_users: 200 OK'
LOG LOG: [36m'[Ejabberd API] Response registered_users: 200 OK'[39m
LOG: '[Ejabberd API] Response registered_users: 200 OK'
LOG LOG: [36m'[Ejabberd API] Response registered_users: 200 OK'[39m
LOG: '[Ejabberd API] Response registered_users: 200 OK'
LOG LOG: [36m'[Ejabberd API] Requesting registered_users from http://localhost:52810/api/ with user local-admin@local-jabber.entenhausen.pazz.de'[39m
LOG: '[Ejabberd API] Requesting registered_users from http://localhost:52810/api/ with user local-admin@local-jabber.entenhausen.pazz.de'
LOG LOG: [36m'[Ejabberd API] Response registered_users: 200 OK'[39m
LOG: '[Ejabberd API] Response registered_users: 200 OK'
LOG LOG: [36m'[Ejabberd API] Requesting check_account from http://localhost:52810/api/ with user local-admin@local-jabber.entenhausen.pazz.de'[39m
LOG: '[Ejabberd API] Requesting check_account from http://localhost:52810/api/ with user local-admin@local-jabber.entenhausen.pazz.de'
LOG LOG: [36m'[Ejabberd API] Response check_account: 200 OK'[39m
LOG: '[Ejabberd API] Response check_account: 200 OK'
LOG LOG: [36m'[Ejabberd API] Requesting register from http://localhost:52810/api/ with user local-admin@local-jabber.entenhausen.pazz.de'[39m
LOG: '[Ejabberd API] Requesting register from http://localhost:52810/api/ with user local-admin@local-jabber.entenhausen.pazz.de'
LOG LOG: [36m'[Ejabberd API] Response register: 200 OK'[39m
LOG: '[Ejabberd API] Response register: 200 OK'
LOG LOG: [36m'[Ejabberd API] Requesting registered_users from http://localhost:52810/api/ with user local-admin@local-jabber.entenhausen.pazz.de'[39m
LOG: '[Ejabberd API] Requesting registered_users from http://localhost:52810/api/ with user local-admin@local-jabber.entenhausen.pazz.de'
LOG LOG: [36m'[Ejabberd API] Response registered_users: 200 OK'[39m
LOG: '[Ejabberd API] Response registered_users: 200 OK'
LOG LOG: [36m'[Ejabberd API] Requesting check_account from http://localhost:52810/api/ with user local-admin@local-jabber.entenhausen.pazz.de'[39m
LOG: '[Ejabberd API] Requesting check_account from http://localhost:52810/api/ with user local-admin@local-jabber.entenhausen.pazz.de'
LOG LOG: [36m'[Ejabberd API] Response check_account: 200 OK'[39m
LOG: '[Ejabberd API] Response check_account: 200 OK'
LOG LOG: [36m'[Ejabberd API] Requesting register from http://localhost:52810/api/ with user local-admin@local-jabber.entenhausen.pazz.de'[39m
LOG: '[Ejabberd API] Requesting register from http://localhost:52810/api/ with user local-admin@local-jabber.entenhausen.pazz.de'
LOG LOG: [36m'[Ejabberd API] Response register: 200 OK'[39m
LOG: '[Ejabberd API] Response register: 200 OK'
LOG LOG: [36m'[Ejabberd API] Requesting destroy_room from http://localhost:52810/api/ with user local-admin@local-jabber.entenhausen.pazz.de'[39m
LOG: '[Ejabberd API] Requesting destroy_room from http://localhost:52810/api/ with user local-admin@local-jabber.entenhausen.pazz.de'
LOG LOG: [36m'[Ejabberd API] Requesting destroy_room from http://localhost:52810/api/ with user local-admin@local-jabber.entenhausen.pazz.de'[39m
LOG: '[Ejabberd API] Requesting destroy_room from http://localhost:52810/api/ with user local-admin@local-jabber.entenhausen.pazz.de'
LOG LOG: [36m'[Ejabberd API] Requesting destroy_room from http://localhost:52810/api/ with user local-admin@local-jabber.entenhausen.pazz.de'[39m
LOG: '[Ejabberd API] Requesting destroy_room from http://localhost:52810/api/ with user local-admin@local-jabber.entenhausen.pazz.de'
LOG LOG: [36m'[Ejabberd API] Requesting destroy_room from http://localhost:52810/api/ with user local-admin@local-jabber.entenhausen.pazz.de'[39m
LOG: '[Ejabberd API] Requesting destroy_room from http://localhost:52810/api/ with user local-admin@local-jabber.entenhausen.pazz.de'
LOG LOG: [36m'[Ejabberd API] Requesting destroy_room from http://localhost:52810/api/ with user local-admin@local-jabber.entenhausen.pazz.de'[39m
LOG: '[Ejabberd API] Requesting destroy_room from http://localhost:52810/api/ with user local-admin@local-jabber.entenhausen.pazz.de'
LOG LOG: [36m'[Ejabberd API] Requesting destroy_room from http://localhost:52810/api/ with user local-admin@local-jabber.entenhausen.pazz.de'[39m
LOG: '[Ejabberd API] Requesting destroy_room from http://localhost:52810/api/ with user local-admin@local-jabber.entenhausen.pazz.de'
LOG LOG: [36m'[Ejabberd API] Response destroy_room: 400 Bad Request'[39m
LOG: '[Ejabberd API] Response destroy_room: 400 Bad Request'
LOG LOG: [36m'[Ejabberd API] Response destroy_room: 400 Bad Request'[39m
LOG: '[Ejabberd API] Response destroy_room: 400 Bad Request'
LOG LOG: [36m'[Ejabberd API] Response destroy_room: 400 Bad Request'[39m
LOG: '[Ejabberd API] Response destroy_room: 400 Bad Request'
LOG LOG: [36m'[Ejabberd API] Response destroy_room: 400 Bad Request'[39m
LOG: '[Ejabberd API] Response destroy_room: 400 Bad Request'
LOG LOG: [36m'[Ejabberd API] Response destroy_room: 400 Bad Request'[39m
LOG: '[Ejabberd API] Response destroy_room: 400 Bad Request'
LOG LOG: [36m'[Ejabberd API] Response destroy_room: 400 Bad Request'[39m
LOG: '[Ejabberd API] Response destroy_room: 400 Bad Request'
LOG LOG: [36m'[Ejabberd API] Requesting registered_users from http://localhost:52810/api/ with user local-admin@local-jabber.entenhausen.pazz.de'[39m
LOG: '[Ejabberd API] Requesting registered_users from http://localhost:52810/api/ with user local-admin@local-jabber.entenhausen.pazz.de'
LOG LOG: [36m'[Ejabberd API] Requesting registered_users from http://localhost:52810/api/ with user local-admin@local-jabber.entenhausen.pazz.de'[39m
LOG: '[Ejabberd API] Requesting registered_users from http://localhost:52810/api/ with user local-admin@local-jabber.entenhausen.pazz.de'
LOG LOG: [36m'[Ejabberd API] Requesting registered_users from http://localhost:52810/api/ with user local-admin@local-jabber.entenhausen.pazz.de'[39m
LOG: '[Ejabberd API] Requesting registered_users from http://localhost:52810/api/ with user local-admin@local-jabber.entenhausen.pazz.de'
LOG LOG: [36m'[Ejabberd API] Requesting registered_users from http://localhost:52810/api/ with user local-admin@local-jabber.entenhausen.pazz.de'[39m
LOG: '[Ejabberd API] Requesting registered_users from http://localhost:52810/api/ with user local-admin@local-jabber.entenhausen.pazz.de'
LOG LOG: [36m'[Ejabberd API] Requesting registered_users from http://localhost:52810/api/ with user local-admin@local-jabber.entenhausen.pazz.de'[39m
LOG: '[Ejabberd API] Requesting registered_users from http://localhost:52810/api/ with user local-admin@local-jabber.entenhausen.pazz.de'
LOG LOG: [36m'[Ejabberd API] Response registered_users: 200 OK'[39m
LOG: '[Ejabberd API] Response registered_users: 200 OK'
LOG LOG: [36m'[Ejabberd API] Response registered_users: 200 OK'[39m
LOG: '[Ejabberd API] Response registered_users: 200 OK'
LOG LOG: [36m'[Ejabberd API] Requesting check_account from http://localhost:52810/api/ with user local-admin@local-jabber.entenhausen.pazz.de'[39m
LOG: '[Ejabberd API] Requesting check_account from http://localhost:52810/api/ with user local-admin@local-jabber.entenhausen.pazz.de'
LOG LOG: [36m'[Ejabberd API] Response registered_users: 200 OK'[39m
LOG: '[Ejabberd API] Response registered_users: 200 OK'
LOG LOG: [36m'[Ejabberd API] Response registered_users: 200 OK'[39m
LOG: '[Ejabberd API] Response registered_users: 200 OK'
LOG LOG: [36m'[Ejabberd API] Requesting check_account from http://localhost:52810/api/ with user local-admin@local-jabber.entenhausen.pazz.de'[39m
LOG: '[Ejabberd API] Requesting check_account from http://localhost:52810/api/ with user local-admin@local-jabber.entenhausen.pazz.de'
LOG LOG: [36m'[Ejabberd API] Response registered_users: 200 OK'[39m
LOG: '[Ejabberd API] Response registered_users: 200 OK'
LOG LOG: [36m'[Ejabberd API] Response check_account: 200 OK'[39m
LOG: '[Ejabberd API] Response check_account: 200 OK'
LOG LOG: [36m'[Ejabberd API] Response check_account: 200 OK'[39m
LOG: '[Ejabberd API] Response check_account: 200 OK'
LOG LOG: [36m'[Ejabberd API] Requesting unregister from http://localhost:52810/api/ with user local-admin@local-jabber.entenhausen.pazz.de'[39m
LOG: '[Ejabberd API] Requesting unregister from http://localhost:52810/api/ with user local-admin@local-jabber.entenhausen.pazz.de'
LOG LOG: [36m'[Ejabberd API] Requesting unregister from http://localhost:52810/api/ with user local-admin@local-jabber.entenhausen.pazz.de'[39m
LOG: '[Ejabberd API] Requesting unregister from http://localhost:52810/api/ with user local-admin@local-jabber.entenhausen.pazz.de'
LOG LOG: [36m'[Ejabberd API] Response unregister: 200 OK'[39m
LOG: '[Ejabberd API] Response unregister: 200 OK'
LOG LOG: [36m'[Ejabberd API] Response unregister: 200 OK'[39m
LOG: '[Ejabberd API] Response unregister: 200 OK'
    room joining
      [32m✓ [39mshould be able to query only for rooms joined
LOG LOG: [36m'[Ejabberd API] Requesting muc_online_rooms from http://localhost:52810/api/ with user local-admin@local-jabber.entenhausen.pazz.de'[39m
LOG: '[Ejabberd API] Requesting muc_online_rooms from http://localhost:52810/api/ with user local-admin@local-jabber.entenhausen.pazz.de'
LOG LOG: [36m'[Ejabberd API] Response muc_online_rooms: 200 OK'[39m
LOG: '[Ejabberd API] Response muc_online_rooms: 200 OK'
LOG LOG: [36m'[Ejabberd API] Requesting registered_users from http://localhost:52810/api/ with user local-admin@local-jabber.entenhausen.pazz.de'[39m
LOG: '[Ejabberd API] Requesting registered_users from http://localhost:52810/api/ with user local-admin@local-jabber.entenhausen.pazz.de'
LOG LOG: [36m'[Ejabberd API] Response registered_users: 200 OK'[39m
LOG: '[Ejabberd API] Response registered_users: 200 OK'
LOG LOG: [36m'[Ejabberd API] Requesting registered_users from http://localhost:52810/api/ with user local-admin@local-jabber.entenhausen.pazz.de'[39m
LOG: '[Ejabberd API] Requesting registered_users from http://localhost:52810/api/ with user local-admin@local-jabber.entenhausen.pazz.de'
LOG LOG: [36m'[Ejabberd API] Requesting registered_users from http://localhost:52810/api/ with user local-admin@local-jabber.entenhausen.pazz.de'[39m
LOG: '[Ejabberd API] Requesting registered_users from http://localhost:52810/api/ with user local-admin@local-jabber.entenhausen.pazz.de'
LOG LOG: [36m'[Ejabberd API] Requesting registered_users from http://localhost:52810/api/ with user local-admin@local-jabber.entenhausen.pazz.de'[39m
LOG: '[Ejabberd API] Requesting registered_users from http://localhost:52810/api/ with user local-admin@local-jabber.entenhausen.pazz.de'
LOG LOG: [36m'[Ejabberd API] Requesting registered_users from http://localhost:52810/api/ with user local-admin@local-jabber.entenhausen.pazz.de'[39m
LOG: '[Ejabberd API] Requesting registered_users from http://localhost:52810/api/ with user local-admin@local-jabber.entenhausen.pazz.de'
LOG LOG: [36m'[Ejabberd API] Requesting registered_users from http://localhost:52810/api/ with user local-admin@local-jabber.entenhausen.pazz.de'[39m
LOG: '[Ejabberd API] Requesting registered_users from http://localhost:52810/api/ with user local-admin@local-jabber.entenhausen.pazz.de'
LOG LOG: [36m'[Ejabberd API] Response registered_users: 200 OK'[39m
LOG: '[Ejabberd API] Response registered_users: 200 OK'
LOG LOG: [36m'[Ejabberd API] Response registered_users: 200 OK'[39m
LOG: '[Ejabberd API] Response registered_users: 200 OK'
LOG LOG: [36m'[Ejabberd API] Response registered_users: 200 OK'[39m
LOG: '[Ejabberd API] Response registered_users: 200 OK'
LOG LOG: [36m'[Ejabberd API] Response registered_users: 200 OK'[39m
LOG: '[Ejabberd API] Response registered_users: 200 OK'
LOG LOG: [36m'[Ejabberd API] Response registered_users: 200 OK'[39m
LOG: '[Ejabberd API] Response registered_users: 200 OK'
LOG LOG: [36m'[Ejabberd API] Requesting registered_users from http://localhost:52810/api/ with user local-admin@local-jabber.entenhausen.pazz.de'[39m
LOG: '[Ejabberd API] Requesting registered_users from http://localhost:52810/api/ with user local-admin@local-jabber.entenhausen.pazz.de'
LOG LOG: [36m'[Ejabberd API] Response registered_users: 200 OK'[39m
LOG: '[Ejabberd API] Response registered_users: 200 OK'
LOG LOG: [36m'[Ejabberd API] Requesting check_account from http://localhost:52810/api/ with user local-admin@local-jabber.entenhausen.pazz.de'[39m
LOG: '[Ejabberd API] Requesting check_account from http://localhost:52810/api/ with user local-admin@local-jabber.entenhausen.pazz.de'
LOG LOG: [36m'[Ejabberd API] Response check_account: 200 OK'[39m
LOG: '[Ejabberd API] Response check_account: 200 OK'
LOG LOG: [36m'[Ejabberd API] Requesting register from http://localhost:52810/api/ with user local-admin@local-jabber.entenhausen.pazz.de'[39m
LOG: '[Ejabberd API] Requesting register from http://localhost:52810/api/ with user local-admin@local-jabber.entenhausen.pazz.de'
LOG LOG: [36m'[Ejabberd API] Response register: 200 OK'[39m
LOG: '[Ejabberd API] Response register: 200 OK'
LOG LOG: [36m'[Ejabberd API] Requesting registered_users from http://localhost:52810/api/ with user local-admin@local-jabber.entenhausen.pazz.de'[39m
LOG: '[Ejabberd API] Requesting registered_users from http://localhost:52810/api/ with user local-admin@local-jabber.entenhausen.pazz.de'
LOG LOG: [36m'[Ejabberd API] Response registered_users: 200 OK'[39m
LOG: '[Ejabberd API] Response registered_users: 200 OK'
LOG LOG: [36m'[Ejabberd API] Requesting check_account from http://localhost:52810/api/ with user local-admin@local-jabber.entenhausen.pazz.de'[39m
LOG: '[Ejabberd API] Requesting check_account from http://localhost:52810/api/ with user local-admin@local-jabber.entenhausen.pazz.de'
LOG LOG: [36m'[Ejabberd API] Response check_account: 200 OK'[39m
LOG: '[Ejabberd API] Response check_account: 200 OK'
LOG LOG: [36m'[Ejabberd API] Requesting register from http://localhost:52810/api/ with user local-admin@local-jabber.entenhausen.pazz.de'[39m
LOG: '[Ejabberd API] Requesting register from http://localhost:52810/api/ with user local-admin@local-jabber.entenhausen.pazz.de'
LOG LOG: [36m'[Ejabberd API] Response register: 200 OK'[39m
LOG: '[Ejabberd API] Response register: 200 OK'
LOG LOG: [36m'[Ejabberd API] Requesting destroy_room from http://localhost:52810/api/ with user local-admin@local-jabber.entenhausen.pazz.de'[39m
LOG: '[Ejabberd API] Requesting destroy_room from http://localhost:52810/api/ with user local-admin@local-jabber.entenhausen.pazz.de'
LOG LOG: [36m'[Ejabberd API] Requesting destroy_room from http://localhost:52810/api/ with user local-admin@local-jabber.entenhausen.pazz.de'[39m
LOG: '[Ejabberd API] Requesting destroy_room from http://localhost:52810/api/ with user local-admin@local-jabber.entenhausen.pazz.de'
LOG LOG: [36m'[Ejabberd API] Requesting destroy_room from http://localhost:52810/api/ with user local-admin@local-jabber.entenhausen.pazz.de'[39m
LOG: '[Ejabberd API] Requesting destroy_room from http://localhost:52810/api/ with user local-admin@local-jabber.entenhausen.pazz.de'
LOG LOG: [36m'[Ejabberd API] Requesting destroy_room from http://localhost:52810/api/ with user local-admin@local-jabber.entenhausen.pazz.de'[39m
LOG: '[Ejabberd API] Requesting destroy_room from http://localhost:52810/api/ with user local-admin@local-jabber.entenhausen.pazz.de'
LOG LOG: [36m'[Ejabberd API] Requesting destroy_room from http://localhost:52810/api/ with user local-admin@local-jabber.entenhausen.pazz.de'[39m
LOG: '[Ejabberd API] Requesting destroy_room from http://localhost:52810/api/ with user local-admin@local-jabber.entenhausen.pazz.de'
LOG LOG: [36m'[Ejabberd API] Requesting destroy_room from http://localhost:52810/api/ with user local-admin@local-jabber.entenhausen.pazz.de'[39m
LOG: '[Ejabberd API] Requesting destroy_room from http://localhost:52810/api/ with user local-admin@local-jabber.entenhausen.pazz.de'
LOG LOG: [36m'[Ejabberd API] Response destroy_room: 400 Bad Request'[39m
LOG: '[Ejabberd API] Response destroy_room: 400 Bad Request'
LOG LOG: [36m'[Ejabberd API] Response destroy_room: 400 Bad Request'[39m
LOG: '[Ejabberd API] Response destroy_room: 400 Bad Request'
LOG LOG: [36m'[Ejabberd API] Response destroy_room: 400 Bad Request'[39m
LOG: '[Ejabberd API] Response destroy_room: 400 Bad Request'
LOG LOG: [36m'[Ejabberd API] Response destroy_room: 400 Bad Request'[39m
LOG: '[Ejabberd API] Response destroy_room: 400 Bad Request'
LOG LOG: [36m'[Ejabberd API] Response destroy_room: 400 Bad Request'[39m
LOG: '[Ejabberd API] Response destroy_room: 400 Bad Request'
LOG LOG: [36m'[Ejabberd API] Response destroy_room: 400 Bad Request'[39m
LOG: '[Ejabberd API] Response destroy_room: 400 Bad Request'
LOG LOG: [36m'[Ejabberd API] Requesting registered_users from http://localhost:52810/api/ with user local-admin@local-jabber.entenhausen.pazz.de'[39m
LOG: '[Ejabberd API] Requesting registered_users from http://localhost:52810/api/ with user local-admin@local-jabber.entenhausen.pazz.de'
LOG LOG: [36m'[Ejabberd API] Requesting registered_users from http://localhost:52810/api/ with user local-admin@local-jabber.entenhausen.pazz.de'[39m
LOG: '[Ejabberd API] Requesting registered_users from http://localhost:52810/api/ with user local-admin@local-jabber.entenhausen.pazz.de'
LOG LOG: [36m'[Ejabberd API] Requesting registered_users from http://localhost:52810/api/ with user local-admin@local-jabber.entenhausen.pazz.de'[39m
LOG: '[Ejabberd API] Requesting registered_users from http://localhost:52810/api/ with user local-admin@local-jabber.entenhausen.pazz.de'
LOG LOG: [36m'[Ejabberd API] Requesting registered_users from http://localhost:52810/api/ with user local-admin@local-jabber.entenhausen.pazz.de'[39m
LOG: '[Ejabberd API] Requesting registered_users from http://localhost:52810/api/ with user local-admin@local-jabber.entenhausen.pazz.de'
LOG LOG: [36m'[Ejabberd API] Requesting registered_users from http://localhost:52810/api/ with user local-admin@local-jabber.entenhausen.pazz.de'[39m
LOG: '[Ejabberd API] Requesting registered_users from http://localhost:52810/api/ with user local-admin@local-jabber.entenhausen.pazz.de'
LOG LOG: [36m'[Ejabberd API] Response registered_users: 200 OK'[39m
LOG: '[Ejabberd API] Response registered_users: 200 OK'
LOG LOG: [36m'[Ejabberd API] Response registered_users: 200 OK'[39m
LOG: '[Ejabberd API] Response registered_users: 200 OK'
LOG LOG: [36m'[Ejabberd API] Response registered_users: 200 OK'[39m
LOG: '[Ejabberd API] Response registered_users: 200 OK'
LOG LOG: [36m'[Ejabberd API] Requesting check_account from http://localhost:52810/api/ with user local-admin@local-jabber.entenhausen.pazz.de'[39m
LOG: '[Ejabberd API] Requesting check_account from http://localhost:52810/api/ with user local-admin@local-jabber.entenhausen.pazz.de'
LOG LOG: [36m'[Ejabberd API] Response registered_users: 200 OK'[39m
LOG: '[Ejabberd API] Response registered_users: 200 OK'
LOG LOG: [36m'[Ejabberd API] Response registered_users: 200 OK'[39m
LOG: '[Ejabberd API] Response registered_users: 200 OK'
LOG LOG: [36m'[Ejabberd API] Requesting check_account from http://localhost:52810/api/ with user local-admin@local-jabber.entenhausen.pazz.de'[39m
LOG: '[Ejabberd API] Requesting check_account from http://localhost:52810/api/ with user local-admin@local-jabber.entenhausen.pazz.de'
LOG LOG: [36m'[Ejabberd API] Response check_account: 200 OK'[39m
LOG: '[Ejabberd API] Response check_account: 200 OK'
LOG LOG: [36m'[Ejabberd API] Response check_account: 200 OK'[39m
LOG: '[Ejabberd API] Response check_account: 200 OK'
LOG LOG: [36m'[Ejabberd API] Requesting unregister from http://localhost:52810/api/ with user local-admin@local-jabber.entenhausen.pazz.de'[39m
LOG: '[Ejabberd API] Requesting unregister from http://localhost:52810/api/ with user local-admin@local-jabber.entenhausen.pazz.de'
LOG LOG: [36m'[Ejabberd API] Requesting unregister from http://localhost:52810/api/ with user local-admin@local-jabber.entenhausen.pazz.de'[39m
LOG: '[Ejabberd API] Requesting unregister from http://localhost:52810/api/ with user local-admin@local-jabber.entenhausen.pazz.de'
LOG LOG: [36m'[Ejabberd API] Response unregister: 200 OK'[39m
LOG: '[Ejabberd API] Response unregister: 200 OK'
LOG LOG: [36m'[Ejabberd API] Response unregister: 200 OK'[39m
LOG: '[Ejabberd API] Response unregister: 200 OK'
      [32m✓ [39mshould be able to keep the rooms when logging out and and in
LOG LOG: [36m'[Ejabberd API] Requesting muc_online_rooms from http://localhost:52810/api/ with user local-admin@local-jabber.entenhausen.pazz.de'[39m
LOG: '[Ejabberd API] Requesting muc_online_rooms from http://localhost:52810/api/ with user local-admin@local-jabber.entenhausen.pazz.de'
LOG LOG: [36m'[Ejabberd API] Response muc_online_rooms: 200 OK'[39m
LOG: '[Ejabberd API] Response muc_online_rooms: 200 OK'
LOG LOG: [36m'[Ejabberd API] Requesting registered_users from http://localhost:52810/api/ with user local-admin@local-jabber.entenhausen.pazz.de'[39m
LOG: '[Ejabberd API] Requesting registered_users from http://localhost:52810/api/ with user local-admin@local-jabber.entenhausen.pazz.de'
LOG LOG: [36m'[Ejabberd API] Response registered_users: 200 OK'[39m
LOG: '[Ejabberd API] Response registered_users: 200 OK'
LOG LOG: [36m'[Ejabberd API] Requesting registered_users from http://localhost:52810/api/ with user local-admin@local-jabber.entenhausen.pazz.de'[39m
LOG: '[Ejabberd API] Requesting registered_users from http://localhost:52810/api/ with user local-admin@local-jabber.entenhausen.pazz.de'
LOG LOG: [36m'[Ejabberd API] Requesting registered_users from http://localhost:52810/api/ with user local-admin@local-jabber.entenhausen.pazz.de'[39m
LOG: '[Ejabberd API] Requesting registered_users from http://localhost:52810/api/ with user local-admin@local-jabber.entenhausen.pazz.de'
LOG LOG: [36m'[Ejabberd API] Requesting registered_users from http://localhost:52810/api/ with user local-admin@local-jabber.entenhausen.pazz.de'[39m
LOG: '[Ejabberd API] Requesting registered_users from http://localhost:52810/api/ with user local-admin@local-jabber.entenhausen.pazz.de'
LOG LOG: [36m'[Ejabberd API] Requesting registered_users from http://localhost:52810/api/ with user local-admin@local-jabber.entenhausen.pazz.de'[39m
LOG: '[Ejabberd API] Requesting registered_users from http://localhost:52810/api/ with user local-admin@local-jabber.entenhausen.pazz.de'
LOG LOG: [36m'[Ejabberd API] Requesting registered_users from http://localhost:52810/api/ with user local-admin@local-jabber.entenhausen.pazz.de'[39m
LOG: '[Ejabberd API] Requesting registered_users from http://localhost:52810/api/ with user local-admin@local-jabber.entenhausen.pazz.de'
LOG LOG: [36m'[Ejabberd API] Response registered_users: 200 OK'[39m
LOG: '[Ejabberd API] Response registered_users: 200 OK'
LOG LOG: [36m'[Ejabberd API] Response registered_users: 200 OK'[39m
LOG: '[Ejabberd API] Response registered_users: 200 OK'
LOG LOG: [36m'[Ejabberd API] Response registered_users: 200 OK'[39m
LOG: '[Ejabberd API] Response registered_users: 200 OK'
LOG LOG: [36m'[Ejabberd API] Response registered_users: 200 OK'[39m
LOG: '[Ejabberd API] Response registered_users: 200 OK'
LOG LOG: [36m'[Ejabberd API] Response registered_users: 200 OK'[39m
LOG: '[Ejabberd API] Response registered_users: 200 OK'
LOG LOG: [36m'[Ejabberd API] Requesting registered_users from http://localhost:52810/api/ with user local-admin@local-jabber.entenhausen.pazz.de'[39m
LOG: '[Ejabberd API] Requesting registered_users from http://localhost:52810/api/ with user local-admin@local-jabber.entenhausen.pazz.de'
LOG LOG: [36m'[Ejabberd API] Response registered_users: 200 OK'[39m
LOG: '[Ejabberd API] Response registered_users: 200 OK'
LOG LOG: [36m'[Ejabberd API] Requesting check_account from http://localhost:52810/api/ with user local-admin@local-jabber.entenhausen.pazz.de'[39m
LOG: '[Ejabberd API] Requesting check_account from http://localhost:52810/api/ with user local-admin@local-jabber.entenhausen.pazz.de'
LOG LOG: [36m'[Ejabberd API] Response check_account: 200 OK'[39m
LOG: '[Ejabberd API] Response check_account: 200 OK'
LOG LOG: [36m'[Ejabberd API] Requesting register from http://localhost:52810/api/ with user local-admin@local-jabber.entenhausen.pazz.de'[39m
LOG: '[Ejabberd API] Requesting register from http://localhost:52810/api/ with user local-admin@local-jabber.entenhausen.pazz.de'
LOG LOG: [36m'[Ejabberd API] Response register: 200 OK'[39m
LOG: '[Ejabberd API] Response register: 200 OK'
LOG LOG: [36m'[Ejabberd API] Requesting registered_users from http://localhost:52810/api/ with user local-admin@local-jabber.entenhausen.pazz.de'[39m
LOG: '[Ejabberd API] Requesting registered_users from http://localhost:52810/api/ with user local-admin@local-jabber.entenhausen.pazz.de'
LOG LOG: [36m'[Ejabberd API] Response registered_users: 200 OK'[39m
LOG: '[Ejabberd API] Response registered_users: 200 OK'
LOG LOG: [36m'[Ejabberd API] Requesting check_account from http://localhost:52810/api/ with user local-admin@local-jabber.entenhausen.pazz.de'[39m
LOG: '[Ejabberd API] Requesting check_account from http://localhost:52810/api/ with user local-admin@local-jabber.entenhausen.pazz.de'
LOG LOG: [36m'[Ejabberd API] Response check_account: 200 OK'[39m
LOG: '[Ejabberd API] Response check_account: 200 OK'
LOG LOG: [36m'[Ejabberd API] Requesting register from http://localhost:52810/api/ with user local-admin@local-jabber.entenhausen.pazz.de'[39m
LOG: '[Ejabberd API] Requesting register from http://localhost:52810/api/ with user local-admin@local-jabber.entenhausen.pazz.de'
LOG LOG: [36m'[Ejabberd API] Response register: 200 OK'[39m
LOG: '[Ejabberd API] Response register: 200 OK'
LOG LOG: [36m'[Ejabberd API] Requesting get_room_affiliation from http://localhost:52810/api/ with user local-admin@local-jabber.entenhausen.pazz.de'[39m
LOG: '[Ejabberd API] Requesting get_room_affiliation from http://localhost:52810/api/ with user local-admin@local-jabber.entenhausen.pazz.de'
LOG LOG: [36m'[Ejabberd API] Response get_room_affiliation: 200 OK'[39m
LOG: '[Ejabberd API] Response get_room_affiliation: 200 OK'
LOG LOG: [36m'[Ejabberd API] Requesting get_room_affiliation from http://localhost:52810/api/ with user local-admin@local-jabber.entenhausen.pazz.de'[39m
LOG: '[Ejabberd API] Requesting get_room_affiliation from http://localhost:52810/api/ with user local-admin@local-jabber.entenhausen.pazz.de'
LOG LOG: [36m'[Ejabberd API] Response get_room_affiliation: 200 OK'[39m
LOG: '[Ejabberd API] Response get_room_affiliation: 200 OK'
LOG LOG: [36m'[Ejabberd API] Requesting destroy_room from http://localhost:52810/api/ with user local-admin@local-jabber.entenhausen.pazz.de'[39m
LOG: '[Ejabberd API] Requesting destroy_room from http://localhost:52810/api/ with user local-admin@local-jabber.entenhausen.pazz.de'
LOG LOG: [36m'[Ejabberd API] Requesting destroy_room from http://localhost:52810/api/ with user local-admin@local-jabber.entenhausen.pazz.de'[39m
LOG: '[Ejabberd API] Requesting destroy_room from http://localhost:52810/api/ with user local-admin@local-jabber.entenhausen.pazz.de'
LOG LOG: [36m'[Ejabberd API] Requesting destroy_room from http://localhost:52810/api/ with user local-admin@local-jabber.entenhausen.pazz.de'[39m
LOG: '[Ejabberd API] Requesting destroy_room from http://localhost:52810/api/ with user local-admin@local-jabber.entenhausen.pazz.de'
LOG LOG: [36m'[Ejabberd API] Requesting destroy_room from http://localhost:52810/api/ with user local-admin@local-jabber.entenhausen.pazz.de'[39m
LOG: '[Ejabberd API] Requesting destroy_room from http://localhost:52810/api/ with user local-admin@local-jabber.entenhausen.pazz.de'
LOG LOG: [36m'[Ejabberd API] Requesting destroy_room from http://localhost:52810/api/ with user local-admin@local-jabber.entenhausen.pazz.de'[39m
LOG: '[Ejabberd API] Requesting destroy_room from http://localhost:52810/api/ with user local-admin@local-jabber.entenhausen.pazz.de'
LOG LOG: [36m'[Ejabberd API] Requesting destroy_room from http://localhost:52810/api/ with user local-admin@local-jabber.entenhausen.pazz.de'[39m
LOG: '[Ejabberd API] Requesting destroy_room from http://localhost:52810/api/ with user local-admin@local-jabber.entenhausen.pazz.de'
LOG LOG: [36m'[Ejabberd API] Response destroy_room: 400 Bad Request'[39m
LOG: '[Ejabberd API] Response destroy_room: 400 Bad Request'
LOG LOG: [36m'[Ejabberd API] Response destroy_room: 400 Bad Request'[39m
LOG: '[Ejabberd API] Response destroy_room: 400 Bad Request'
LOG LOG: [36m'[Ejabberd API] Response destroy_room: 400 Bad Request'[39m
LOG: '[Ejabberd API] Response destroy_room: 400 Bad Request'
LOG LOG: [36m'[Ejabberd API] Response destroy_room: 400 Bad Request'[39m
LOG: '[Ejabberd API] Response destroy_room: 400 Bad Request'
LOG LOG: [36m'[Ejabberd API] Response destroy_room: 400 Bad Request'[39m
LOG: '[Ejabberd API] Response destroy_room: 400 Bad Request'
LOG LOG: [36m'[Ejabberd API] Response destroy_room: 400 Bad Request'[39m
LOG: '[Ejabberd API] Response destroy_room: 400 Bad Request'
LOG LOG: [36m'[Ejabberd API] Requesting registered_users from http://localhost:52810/api/ with user local-admin@local-jabber.entenhausen.pazz.de'[39m
LOG: '[Ejabberd API] Requesting registered_users from http://localhost:52810/api/ with user local-admin@local-jabber.entenhausen.pazz.de'
LOG LOG: [36m'[Ejabberd API] Requesting registered_users from http://localhost:52810/api/ with user local-admin@local-jabber.entenhausen.pazz.de'[39m
LOG: '[Ejabberd API] Requesting registered_users from http://localhost:52810/api/ with user local-admin@local-jabber.entenhausen.pazz.de'
LOG LOG: [36m'[Ejabberd API] Requesting registered_users from http://localhost:52810/api/ with user local-admin@local-jabber.entenhausen.pazz.de'[39m
LOG: '[Ejabberd API] Requesting registered_users from http://localhost:52810/api/ with user local-admin@local-jabber.entenhausen.pazz.de'
LOG LOG: [36m'[Ejabberd API] Requesting registered_users from http://localhost:52810/api/ with user local-admin@local-jabber.entenhausen.pazz.de'[39m
LOG: '[Ejabberd API] Requesting registered_users from http://localhost:52810/api/ with user local-admin@local-jabber.entenhausen.pazz.de'
LOG LOG: [36m'[Ejabberd API] Requesting registered_users from http://localhost:52810/api/ with user local-admin@local-jabber.entenhausen.pazz.de'[39m
LOG: '[Ejabberd API] Requesting registered_users from http://localhost:52810/api/ with user local-admin@local-jabber.entenhausen.pazz.de'
LOG LOG: [36m'[Ejabberd API] Response registered_users: 200 OK'[39m
LOG: '[Ejabberd API] Response registered_users: 200 OK'
LOG LOG: [36m'[Ejabberd API] Requesting check_account from http://localhost:52810/api/ with user local-admin@local-jabber.entenhausen.pazz.de'[39m
LOG: '[Ejabberd API] Requesting check_account from http://localhost:52810/api/ with user local-admin@local-jabber.entenhausen.pazz.de'
LOG LOG: [36m'[Ejabberd API] Response registered_users: 200 OK'[39m
LOG: '[Ejabberd API] Response registered_users: 200 OK'
LOG LOG: [36m'[Ejabberd API] Response registered_users: 200 OK'[39m
LOG: '[Ejabberd API] Response registered_users: 200 OK'
LOG LOG: [36m'[Ejabberd API] Response registered_users: 200 OK'[39m
LOG: '[Ejabberd API] Response registered_users: 200 OK'
LOG LOG: [36m'[Ejabberd API] Response registered_users: 200 OK'[39m
LOG: '[Ejabberd API] Response registered_users: 200 OK'
LOG LOG: [36m'[Ejabberd API] Requesting check_account from http://localhost:52810/api/ with user local-admin@local-jabber.entenhausen.pazz.de'[39m
LOG: '[Ejabberd API] Requesting check_account from http://localhost:52810/api/ with user local-admin@local-jabber.entenhausen.pazz.de'
LOG LOG: [36m'[Ejabberd API] Response check_account: 200 OK'[39m
LOG: '[Ejabberd API] Response check_account: 200 OK'
LOG LOG: [36m'[Ejabberd API] Requesting unregister from http://localhost:52810/api/ with user local-admin@local-jabber.entenhausen.pazz.de'[39m
LOG: '[Ejabberd API] Requesting unregister from http://localhost:52810/api/ with user local-admin@local-jabber.entenhausen.pazz.de'
LOG LOG: [36m'[Ejabberd API] Response check_account: 200 OK'[39m
LOG: '[Ejabberd API] Response check_account: 200 OK'
LOG LOG: [36m'[Ejabberd API] Requesting unregister from http://localhost:52810/api/ with user local-admin@local-jabber.entenhausen.pazz.de'[39m
LOG: '[Ejabberd API] Requesting unregister from http://localhost:52810/api/ with user local-admin@local-jabber.entenhausen.pazz.de'
LOG LOG: [36m'[Ejabberd API] Response unregister: 200 OK'[39m
LOG: '[Ejabberd API] Response unregister: 200 OK'
LOG LOG: [36m'[Ejabberd API] Response unregister: 200 OK'[39m
LOG: '[Ejabberd API] Response unregister: 200 OK'
      [32m✓ [39mshould be able to join a room with a invite
LOG LOG: [36m'[Ejabberd API] Requesting muc_online_rooms from http://localhost:52810/api/ with user local-admin@local-jabber.entenhausen.pazz.de'[39m
LOG: '[Ejabberd API] Requesting muc_online_rooms from http://localhost:52810/api/ with user local-admin@local-jabber.entenhausen.pazz.de'
LOG LOG: [36m'[Ejabberd API] Response muc_online_rooms: 200 OK'[39m
LOG: '[Ejabberd API] Response muc_online_rooms: 200 OK'
LOG LOG: [36m'[Ejabberd API] Requesting registered_users from http://localhost:52810/api/ with user local-admin@local-jabber.entenhausen.pazz.de'[39m
LOG: '[Ejabberd API] Requesting registered_users from http://localhost:52810/api/ with user local-admin@local-jabber.entenhausen.pazz.de'
LOG LOG: [36m'[Ejabberd API] Response registered_users: 200 OK'[39m
LOG: '[Ejabberd API] Response registered_users: 200 OK'
LOG LOG: [36m'[Ejabberd API] Requesting registered_users from http://localhost:52810/api/ with user local-admin@local-jabber.entenhausen.pazz.de'[39m
LOG: '[Ejabberd API] Requesting registered_users from http://localhost:52810/api/ with user local-admin@local-jabber.entenhausen.pazz.de'
LOG LOG: [36m'[Ejabberd API] Requesting registered_users from http://localhost:52810/api/ with user local-admin@local-jabber.entenhausen.pazz.de'[39m
LOG: '[Ejabberd API] Requesting registered_users from http://localhost:52810/api/ with user local-admin@local-jabber.entenhausen.pazz.de'
LOG LOG: [36m'[Ejabberd API] Requesting registered_users from http://localhost:52810/api/ with user local-admin@local-jabber.entenhausen.pazz.de'[39m
LOG: '[Ejabberd API] Requesting registered_users from http://localhost:52810/api/ with user local-admin@local-jabber.entenhausen.pazz.de'
LOG LOG: [36m'[Ejabberd API] Requesting registered_users from http://localhost:52810/api/ with user local-admin@local-jabber.entenhausen.pazz.de'[39m
LOG: '[Ejabberd API] Requesting registered_users from http://localhost:52810/api/ with user local-admin@local-jabber.entenhausen.pazz.de'
LOG LOG: [36m'[Ejabberd API] Requesting registered_users from http://localhost:52810/api/ with user local-admin@local-jabber.entenhausen.pazz.de'[39m
LOG: '[Ejabberd API] Requesting registered_users from http://localhost:52810/api/ with user local-admin@local-jabber.entenhausen.pazz.de'
LOG LOG: [36m'[Ejabberd API] Response registered_users: 200 OK'[39m
LOG: '[Ejabberd API] Response registered_users: 200 OK'
LOG LOG: [36m'[Ejabberd API] Response registered_users: 200 OK'[39m
LOG: '[Ejabberd API] Response registered_users: 200 OK'
LOG LOG: [36m'[Ejabberd API] Response registered_users: 200 OK'[39m
LOG: '[Ejabberd API] Response registered_users: 200 OK'
LOG LOG: [36m'[Ejabberd API] Response registered_users: 200 OK'[39m
LOG: '[Ejabberd API] Response registered_users: 200 OK'
LOG LOG: [36m'[Ejabberd API] Response registered_users: 200 OK'[39m
LOG: '[Ejabberd API] Response registered_users: 200 OK'
LOG LOG: [36m'[Ejabberd API] Requesting registered_users from http://localhost:52810/api/ with user local-admin@local-jabber.entenhausen.pazz.de'[39m
LOG: '[Ejabberd API] Requesting registered_users from http://localhost:52810/api/ with user local-admin@local-jabber.entenhausen.pazz.de'
LOG LOG: [36m'[Ejabberd API] Response registered_users: 200 OK'[39m
LOG: '[Ejabberd API] Response registered_users: 200 OK'
LOG LOG: [36m'[Ejabberd API] Requesting check_account from http://localhost:52810/api/ with user local-admin@local-jabber.entenhausen.pazz.de'[39m
LOG: '[Ejabberd API] Requesting check_account from http://localhost:52810/api/ with user local-admin@local-jabber.entenhausen.pazz.de'
LOG LOG: [36m'[Ejabberd API] Response check_account: 200 OK'[39m
LOG: '[Ejabberd API] Response check_account: 200 OK'
LOG LOG: [36m'[Ejabberd API] Requesting register from http://localhost:52810/api/ with user local-admin@local-jabber.entenhausen.pazz.de'[39m
LOG: '[Ejabberd API] Requesting register from http://localhost:52810/api/ with user local-admin@local-jabber.entenhausen.pazz.de'
LOG LOG: [36m'[Ejabberd API] Response register: 200 OK'[39m
LOG: '[Ejabberd API] Response register: 200 OK'
LOG LOG: [36m'[Ejabberd API] Requesting registered_users from http://localhost:52810/api/ with user local-admin@local-jabber.entenhausen.pazz.de'[39m
LOG: '[Ejabberd API] Requesting registered_users from http://localhost:52810/api/ with user local-admin@local-jabber.entenhausen.pazz.de'
LOG LOG: [36m'[Ejabberd API] Response registered_users: 200 OK'[39m
LOG: '[Ejabberd API] Response registered_users: 200 OK'
LOG LOG: [36m'[Ejabberd API] Requesting check_account from http://localhost:52810/api/ with user local-admin@local-jabber.entenhausen.pazz.de'[39m
LOG: '[Ejabberd API] Requesting check_account from http://localhost:52810/api/ with user local-admin@local-jabber.entenhausen.pazz.de'
LOG LOG: [36m'[Ejabberd API] Response check_account: 200 OK'[39m
LOG: '[Ejabberd API] Response check_account: 200 OK'
LOG LOG: [36m'[Ejabberd API] Requesting register from http://localhost:52810/api/ with user local-admin@local-jabber.entenhausen.pazz.de'[39m
LOG: '[Ejabberd API] Requesting register from http://localhost:52810/api/ with user local-admin@local-jabber.entenhausen.pazz.de'
LOG LOG: [36m'[Ejabberd API] Response register: 200 OK'[39m
LOG: '[Ejabberd API] Response register: 200 OK'
LOG LOG: [36m'[Ejabberd API] Requesting destroy_room from http://localhost:52810/api/ with user local-admin@local-jabber.entenhausen.pazz.de'[39m
LOG: '[Ejabberd API] Requesting destroy_room from http://localhost:52810/api/ with user local-admin@local-jabber.entenhausen.pazz.de'
LOG LOG: [36m'[Ejabberd API] Requesting destroy_room from http://localhost:52810/api/ with user local-admin@local-jabber.entenhausen.pazz.de'[39m
LOG: '[Ejabberd API] Requesting destroy_room from http://localhost:52810/api/ with user local-admin@local-jabber.entenhausen.pazz.de'
LOG LOG: [36m'[Ejabberd API] Requesting destroy_room from http://localhost:52810/api/ with user local-admin@local-jabber.entenhausen.pazz.de'[39m
LOG: '[Ejabberd API] Requesting destroy_room from http://localhost:52810/api/ with user local-admin@local-jabber.entenhausen.pazz.de'
LOG LOG: [36m'[Ejabberd API] Requesting destroy_room from http://localhost:52810/api/ with user local-admin@local-jabber.entenhausen.pazz.de'[39m
LOG: '[Ejabberd API] Requesting destroy_room from http://localhost:52810/api/ with user local-admin@local-jabber.entenhausen.pazz.de'
LOG LOG: [36m'[Ejabberd API] Requesting destroy_room from http://localhost:52810/api/ with user local-admin@local-jabber.entenhausen.pazz.de'[39m
LOG: '[Ejabberd API] Requesting destroy_room from http://localhost:52810/api/ with user local-admin@local-jabber.entenhausen.pazz.de'
LOG LOG: [36m'[Ejabberd API] Requesting destroy_room from http://localhost:52810/api/ with user local-admin@local-jabber.entenhausen.pazz.de'[39m
LOG: '[Ejabberd API] Requesting destroy_room from http://localhost:52810/api/ with user local-admin@local-jabber.entenhausen.pazz.de'
LOG LOG: [36m'[Ejabberd API] Response destroy_room: 200 OK'[39m
LOG: '[Ejabberd API] Response destroy_room: 200 OK'
LOG LOG: [36m'[Ejabberd API] Response destroy_room: 400 Bad Request'[39m
LOG: '[Ejabberd API] Response destroy_room: 400 Bad Request'
LOG LOG: [36m'[Ejabberd API] Response destroy_room: 400 Bad Request'[39m
LOG: '[Ejabberd API] Response destroy_room: 400 Bad Request'
LOG LOG: [36m'[Ejabberd API] Response destroy_room: 200 OK'[39m
LOG: '[Ejabberd API] Response destroy_room: 200 OK'
LOG LOG: [36m'[Ejabberd API] Response destroy_room: 200 OK'[39m
LOG: '[Ejabberd API] Response destroy_room: 200 OK'
LOG LOG: [36m'[Ejabberd API] Response destroy_room: 400 Bad Request'[39m
LOG: '[Ejabberd API] Response destroy_room: 400 Bad Request'
LOG LOG: [36m'[Ejabberd API] Requesting registered_users from http://localhost:52810/api/ with user local-admin@local-jabber.entenhausen.pazz.de'[39m
LOG: '[Ejabberd API] Requesting registered_users from http://localhost:52810/api/ with user local-admin@local-jabber.entenhausen.pazz.de'
LOG LOG: [36m'[Ejabberd API] Requesting registered_users from http://localhost:52810/api/ with user local-admin@local-jabber.entenhausen.pazz.de'[39m
LOG: '[Ejabberd API] Requesting registered_users from http://localhost:52810/api/ with user local-admin@local-jabber.entenhausen.pazz.de'
LOG LOG: [36m'[Ejabberd API] Requesting registered_users from http://localhost:52810/api/ with user local-admin@local-jabber.entenhausen.pazz.de'[39m
LOG: '[Ejabberd API] Requesting registered_users from http://localhost:52810/api/ with user local-admin@local-jabber.entenhausen.pazz.de'
LOG LOG: [36m'[Ejabberd API] Requesting registered_users from http://localhost:52810/api/ with user local-admin@local-jabber.entenhausen.pazz.de'[39m
LOG: '[Ejabberd API] Requesting registered_users from http://localhost:52810/api/ with user local-admin@local-jabber.entenhausen.pazz.de'
LOG LOG: [36m'[Ejabberd API] Requesting registered_users from http://localhost:52810/api/ with user local-admin@local-jabber.entenhausen.pazz.de'[39m
LOG: '[Ejabberd API] Requesting registered_users from http://localhost:52810/api/ with user local-admin@local-jabber.entenhausen.pazz.de'
LOG LOG: [36m'[Ejabberd API] Response registered_users: 200 OK'[39m
LOG: '[Ejabberd API] Response registered_users: 200 OK'
LOG LOG: [36m'[Ejabberd API] Response registered_users: 200 OK'[39m
LOG: '[Ejabberd API] Response registered_users: 200 OK'
LOG LOG: [36m'[Ejabberd API] Response registered_users: 200 OK'[39m
LOG: '[Ejabberd API] Response registered_users: 200 OK'
LOG LOG: [36m'[Ejabberd API] Response registered_users: 200 OK'[39m
LOG: '[Ejabberd API] Response registered_users: 200 OK'
LOG LOG: [36m'[Ejabberd API] Response registered_users: 200 OK'[39m
LOG: '[Ejabberd API] Response registered_users: 200 OK'
LOG LOG: [36m'[Ejabberd API] Requesting check_account from http://localhost:52810/api/ with user local-admin@local-jabber.entenhausen.pazz.de'[39m
LOG: '[Ejabberd API] Requesting check_account from http://localhost:52810/api/ with user local-admin@local-jabber.entenhausen.pazz.de'
LOG LOG: [36m'[Ejabberd API] Requesting check_account from http://localhost:52810/api/ with user local-admin@local-jabber.entenhausen.pazz.de'[39m
LOG: '[Ejabberd API] Requesting check_account from http://localhost:52810/api/ with user local-admin@local-jabber.entenhausen.pazz.de'
LOG LOG: [36m'[Ejabberd API] Response check_account: 200 OK'[39m
LOG: '[Ejabberd API] Response check_account: 200 OK'
LOG LOG: [36m'[Ejabberd API] Response check_account: 200 OK'[39m
LOG: '[Ejabberd API] Response check_account: 200 OK'
LOG LOG: [36m'[Ejabberd API] Requesting unregister from http://localhost:52810/api/ with user local-admin@local-jabber.entenhausen.pazz.de'[39m
LOG: '[Ejabberd API] Requesting unregister from http://localhost:52810/api/ with user local-admin@local-jabber.entenhausen.pazz.de'
LOG LOG: [36m'[Ejabberd API] Requesting unregister from http://localhost:52810/api/ with user local-admin@local-jabber.entenhausen.pazz.de'[39m
LOG: '[Ejabberd API] Requesting unregister from http://localhost:52810/api/ with user local-admin@local-jabber.entenhausen.pazz.de'
LOG LOG: [36m'[Ejabberd API] Response unregister: 200 OK'[39m
LOG: '[Ejabberd API] Response unregister: 200 OK'
LOG LOG: [36m'[Ejabberd API] Response unregister: 200 OK'[39m
LOG: '[Ejabberd API] Response unregister: 200 OK'
      [31m✗ [39m[31mshould be able to leave all rooms[39m
	Error: user is not an occupant of the room
	    at libs/xmpp-adapter/src/plugins/multi-user-chat/multi-user-chat.plugin.ts:750:13
	    at Generator.next (<anonymous>)
	    at asyncGeneratorStep (node_modules/@babel/runtime/helpers/esm/asyncToGenerator.js:3:1)
	    at apply (node_modules/@babel/runtime/helpers/esm/asyncToGenerator.js:22:1)
LOG LOG: [36m'[Ejabberd API] Requesting muc_online_rooms from http://localhost:52810/api/ with user local-admin@local-jabber.entenhausen.pazz.de'[39m
LOG: '[Ejabberd API] Requesting muc_online_rooms from http://localhost:52810/api/ with user local-admin@local-jabber.entenhausen.pazz.de'
LOG LOG: [36m'[Ejabberd API] Response muc_online_rooms: 200 OK'[39m
LOG: '[Ejabberd API] Response muc_online_rooms: 200 OK'
LOG LOG: [36m'[Ejabberd API] Requesting registered_users from http://localhost:52810/api/ with user local-admin@local-jabber.entenhausen.pazz.de'[39m
LOG: '[Ejabberd API] Requesting registered_users from http://localhost:52810/api/ with user local-admin@local-jabber.entenhausen.pazz.de'
LOG LOG: [36m'[Ejabberd API] Response registered_users: 200 OK'[39m
LOG: '[Ejabberd API] Response registered_users: 200 OK'
LOG LOG: [36m'[Ejabberd API] Requesting registered_users from http://localhost:52810/api/ with user local-admin@local-jabber.entenhausen.pazz.de'[39m
LOG: '[Ejabberd API] Requesting registered_users from http://localhost:52810/api/ with user local-admin@local-jabber.entenhausen.pazz.de'
LOG LOG: [36m'[Ejabberd API] Requesting registered_users from http://localhost:52810/api/ with user local-admin@local-jabber.entenhausen.pazz.de'[39m
LOG: '[Ejabberd API] Requesting registered_users from http://localhost:52810/api/ with user local-admin@local-jabber.entenhausen.pazz.de'
LOG LOG: [36m'[Ejabberd API] Requesting registered_users from http://localhost:52810/api/ with user local-admin@local-jabber.entenhausen.pazz.de'[39m
LOG: '[Ejabberd API] Requesting registered_users from http://localhost:52810/api/ with user local-admin@local-jabber.entenhausen.pazz.de'
LOG LOG: [36m'[Ejabberd API] Requesting registered_users from http://localhost:52810/api/ with user local-admin@local-jabber.entenhausen.pazz.de'[39m
LOG: '[Ejabberd API] Requesting registered_users from http://localhost:52810/api/ with user local-admin@local-jabber.entenhausen.pazz.de'
LOG LOG: [36m'[Ejabberd API] Requesting registered_users from http://localhost:52810/api/ with user local-admin@local-jabber.entenhausen.pazz.de'[39m
LOG: '[Ejabberd API] Requesting registered_users from http://localhost:52810/api/ with user local-admin@local-jabber.entenhausen.pazz.de'
LOG LOG: [36m'[Ejabberd API] Response registered_users: 200 OK'[39m
LOG: '[Ejabberd API] Response registered_users: 200 OK'
LOG LOG: [36m'[Ejabberd API] Response registered_users: 200 OK'[39m
LOG: '[Ejabberd API] Response registered_users: 200 OK'
LOG LOG: [36m'[Ejabberd API] Response registered_users: 200 OK'[39m
LOG: '[Ejabberd API] Response registered_users: 200 OK'
LOG LOG: [36m'[Ejabberd API] Response registered_users: 200 OK'[39m
LOG: '[Ejabberd API] Response registered_users: 200 OK'
LOG LOG: [36m'[Ejabberd API] Response registered_users: 200 OK'[39m
LOG: '[Ejabberd API] Response registered_users: 200 OK'
LOG LOG: [36m'[Ejabberd API] Requesting registered_users from http://localhost:52810/api/ with user local-admin@local-jabber.entenhausen.pazz.de'[39m
LOG: '[Ejabberd API] Requesting registered_users from http://localhost:52810/api/ with user local-admin@local-jabber.entenhausen.pazz.de'
LOG LOG: [36m'[Ejabberd API] Response registered_users: 200 OK'[39m
LOG: '[Ejabberd API] Response registered_users: 200 OK'
LOG LOG: [36m'[Ejabberd API] Requesting check_account from http://localhost:52810/api/ with user local-admin@local-jabber.entenhausen.pazz.de'[39m
LOG: '[Ejabberd API] Requesting check_account from http://localhost:52810/api/ with user local-admin@local-jabber.entenhausen.pazz.de'
LOG LOG: [36m'[Ejabberd API] Response check_account: 200 OK'[39m
LOG: '[Ejabberd API] Response check_account: 200 OK'
LOG LOG: [36m'[Ejabberd API] Requesting register from http://localhost:52810/api/ with user local-admin@local-jabber.entenhausen.pazz.de'[39m
LOG: '[Ejabberd API] Requesting register from http://localhost:52810/api/ with user local-admin@local-jabber.entenhausen.pazz.de'
LOG LOG: [36m'[Ejabberd API] Response register: 200 OK'[39m
LOG: '[Ejabberd API] Response register: 200 OK'
LOG LOG: [36m'[Ejabberd API] Requesting registered_users from http://localhost:52810/api/ with user local-admin@local-jabber.entenhausen.pazz.de'[39m
LOG: '[Ejabberd API] Requesting registered_users from http://localhost:52810/api/ with user local-admin@local-jabber.entenhausen.pazz.de'
LOG LOG: [36m'[Ejabberd API] Response registered_users: 200 OK'[39m
LOG: '[Ejabberd API] Response registered_users: 200 OK'
LOG LOG: [36m'[Ejabberd API] Requesting check_account from http://localhost:52810/api/ with user local-admin@local-jabber.entenhausen.pazz.de'[39m
LOG: '[Ejabberd API] Requesting check_account from http://localhost:52810/api/ with user local-admin@local-jabber.entenhausen.pazz.de'
LOG LOG: [36m'[Ejabberd API] Response check_account: 200 OK'[39m
LOG: '[Ejabberd API] Response check_account: 200 OK'
LOG LOG: [36m'[Ejabberd API] Requesting register from http://localhost:52810/api/ with user local-admin@local-jabber.entenhausen.pazz.de'[39m
LOG: '[Ejabberd API] Requesting register from http://localhost:52810/api/ with user local-admin@local-jabber.entenhausen.pazz.de'
LOG LOG: [36m'[Ejabberd API] Response register: 200 OK'[39m
LOG: '[Ejabberd API] Response register: 200 OK'
LOG LOG: [36m'[Ejabberd API] Requesting get_room_affiliation from http://localhost:52810/api/ with user local-admin@local-jabber.entenhausen.pazz.de'[39m
LOG: '[Ejabberd API] Requesting get_room_affiliation from http://localhost:52810/api/ with user local-admin@local-jabber.entenhausen.pazz.de'
LOG LOG: [36m'[Ejabberd API] Response get_room_affiliation: 200 OK'[39m
LOG: '[Ejabberd API] Response get_room_affiliation: 200 OK'
LOG LOG: [36m'[Ejabberd API] Requesting get_room_affiliation from http://localhost:52810/api/ with user local-admin@local-jabber.entenhausen.pazz.de'[39m
LOG: '[Ejabberd API] Requesting get_room_affiliation from http://localhost:52810/api/ with user local-admin@local-jabber.entenhausen.pazz.de'
LOG LOG: [36m'[Ejabberd API] Response get_room_affiliation: 200 OK'[39m
LOG: '[Ejabberd API] Response get_room_affiliation: 200 OK'
LOG LOG: [36m'[Ejabberd API] Requesting get_room_affiliation from http://localhost:52810/api/ with user local-admin@local-jabber.entenhausen.pazz.de'[39m
LOG: '[Ejabberd API] Requesting get_room_affiliation from http://localhost:52810/api/ with user local-admin@local-jabber.entenhausen.pazz.de'
LOG LOG: [36m'[Ejabberd API] Response get_room_affiliation: 200 OK'[39m
LOG: '[Ejabberd API] Response get_room_affiliation: 200 OK'
LOG LOG: [36m'[Ejabberd API] Requesting get_room_affiliation from http://localhost:52810/api/ with user local-admin@local-jabber.entenhausen.pazz.de'[39m
LOG: '[Ejabberd API] Requesting get_room_affiliation from http://localhost:52810/api/ with user local-admin@local-jabber.entenhausen.pazz.de'
LOG LOG: [36m'[Ejabberd API] Response get_room_affiliation: 200 OK'[39m
LOG: '[Ejabberd API] Response get_room_affiliation: 200 OK'
LOG LOG: [36m'[Ejabberd API] Requesting destroy_room from http://localhost:52810/api/ with user local-admin@local-jabber.entenhausen.pazz.de'[39m
LOG: '[Ejabberd API] Requesting destroy_room from http://localhost:52810/api/ with user local-admin@local-jabber.entenhausen.pazz.de'
LOG LOG: [36m'[Ejabberd API] Requesting destroy_room from http://localhost:52810/api/ with user local-admin@local-jabber.entenhausen.pazz.de'[39m
LOG: '[Ejabberd API] Requesting destroy_room from http://localhost:52810/api/ with user local-admin@local-jabber.entenhausen.pazz.de'
LOG LOG: [36m'[Ejabberd API] Requesting destroy_room from http://localhost:52810/api/ with user local-admin@local-jabber.entenhausen.pazz.de'[39m
LOG: '[Ejabberd API] Requesting destroy_room from http://localhost:52810/api/ with user local-admin@local-jabber.entenhausen.pazz.de'
LOG LOG: [36m'[Ejabberd API] Requesting destroy_room from http://localhost:52810/api/ with user local-admin@local-jabber.entenhausen.pazz.de'[39m
LOG: '[Ejabberd API] Requesting destroy_room from http://localhost:52810/api/ with user local-admin@local-jabber.entenhausen.pazz.de'
LOG LOG: [36m'[Ejabberd API] Requesting destroy_room from http://localhost:52810/api/ with user local-admin@local-jabber.entenhausen.pazz.de'[39m
LOG: '[Ejabberd API] Requesting destroy_room from http://localhost:52810/api/ with user local-admin@local-jabber.entenhausen.pazz.de'
LOG LOG: [36m'[Ejabberd API] Requesting destroy_room from http://localhost:52810/api/ with user local-admin@local-jabber.entenhausen.pazz.de'[39m
LOG: '[Ejabberd API] Requesting destroy_room from http://localhost:52810/api/ with user local-admin@local-jabber.entenhausen.pazz.de'
LOG LOG: [36m'[Ejabberd API] Response destroy_room: 400 Bad Request'[39m
LOG: '[Ejabberd API] Response destroy_room: 400 Bad Request'
LOG LOG: [36m'[Ejabberd API] Response destroy_room: 400 Bad Request'[39m
LOG: '[Ejabberd API] Response destroy_room: 400 Bad Request'
LOG LOG: [36m'[Ejabberd API] Response destroy_room: 400 Bad Request'[39m
LOG: '[Ejabberd API] Response destroy_room: 400 Bad Request'
LOG LOG: [36m'[Ejabberd API] Response destroy_room: 400 Bad Request'[39m
LOG: '[Ejabberd API] Response destroy_room: 400 Bad Request'
LOG LOG: [36m'[Ejabberd API] Response destroy_room: 400 Bad Request'[39m
LOG: '[Ejabberd API] Response destroy_room: 400 Bad Request'
LOG LOG: [36m'[Ejabberd API] Response destroy_room: 400 Bad Request'[39m
LOG: '[Ejabberd API] Response destroy_room: 400 Bad Request'
LOG LOG: [36m'[Ejabberd API] Requesting registered_users from http://localhost:52810/api/ with user local-admin@local-jabber.entenhausen.pazz.de'[39m
LOG: '[Ejabberd API] Requesting registered_users from http://localhost:52810/api/ with user local-admin@local-jabber.entenhausen.pazz.de'
LOG LOG: [36m'[Ejabberd API] Requesting registered_users from http://localhost:52810/api/ with user local-admin@local-jabber.entenhausen.pazz.de'[39m
LOG: '[Ejabberd API] Requesting registered_users from http://localhost:52810/api/ with user local-admin@local-jabber.entenhausen.pazz.de'
LOG LOG: [36m'[Ejabberd API] Requesting registered_users from http://localhost:52810/api/ with user local-admin@local-jabber.entenhausen.pazz.de'[39m
LOG: '[Ejabberd API] Requesting registered_users from http://localhost:52810/api/ with user local-admin@local-jabber.entenhausen.pazz.de'
LOG LOG: [36m'[Ejabberd API] Requesting registered_users from http://localhost:52810/api/ with user local-admin@local-jabber.entenhausen.pazz.de'[39m
LOG: '[Ejabberd API] Requesting registered_users from http://localhost:52810/api/ with user local-admin@local-jabber.entenhausen.pazz.de'
LOG LOG: [36m'[Ejabberd API] Requesting registered_users from http://localhost:52810/api/ with user local-admin@local-jabber.entenhausen.pazz.de'[39m
LOG: '[Ejabberd API] Requesting registered_users from http://localhost:52810/api/ with user local-admin@local-jabber.entenhausen.pazz.de'
LOG LOG: [36m'[Ejabberd API] Response registered_users: 200 OK'[39m
LOG: '[Ejabberd API] Response registered_users: 200 OK'
LOG LOG: [36m'[Ejabberd API] Response registered_users: 200 OK'[39m
LOG: '[Ejabberd API] Response registered_users: 200 OK'
LOG LOG: [36m'[Ejabberd API] Response registered_users: 200 OK'[39m
LOG: '[Ejabberd API] Response registered_users: 200 OK'
LOG LOG: [36m'[Ejabberd API] Response registered_users: 200 OK'[39m
LOG: '[Ejabberd API] Response registered_users: 200 OK'
LOG LOG: [36m'[Ejabberd API] Response registered_users: 200 OK'[39m
LOG: '[Ejabberd API] Response registered_users: 200 OK'
LOG LOG: [36m'[Ejabberd API] Requesting check_account from http://localhost:52810/api/ with user local-admin@local-jabber.entenhausen.pazz.de'[39m
LOG: '[Ejabberd API] Requesting check_account from http://localhost:52810/api/ with user local-admin@local-jabber.entenhausen.pazz.de'
LOG LOG: [36m'[Ejabberd API] Requesting check_account from http://localhost:52810/api/ with user local-admin@local-jabber.entenhausen.pazz.de'[39m
LOG: '[Ejabberd API] Requesting check_account from http://localhost:52810/api/ with user local-admin@local-jabber.entenhausen.pazz.de'
LOG LOG: [36m'[Ejabberd API] Response check_account: 200 OK'[39m
LOG: '[Ejabberd API] Response check_account: 200 OK'
LOG LOG: [36m'[Ejabberd API] Response check_account: 200 OK'[39m
LOG: '[Ejabberd API] Response check_account: 200 OK'
LOG LOG: [36m'[Ejabberd API] Requesting unregister from http://localhost:52810/api/ with user local-admin@local-jabber.entenhausen.pazz.de'[39m
LOG: '[Ejabberd API] Requesting unregister from http://localhost:52810/api/ with user local-admin@local-jabber.entenhausen.pazz.de'
LOG LOG: [36m'[Ejabberd API] Requesting unregister from http://localhost:52810/api/ with user local-admin@local-jabber.entenhausen.pazz.de'[39m
LOG: '[Ejabberd API] Requesting unregister from http://localhost:52810/api/ with user local-admin@local-jabber.entenhausen.pazz.de'
LOG LOG: [36m'[Ejabberd API] Response unregister: 200 OK'[39m
LOG: '[Ejabberd API] Response unregister: 200 OK'
LOG LOG: [36m'[Ejabberd API] Response unregister: 200 OK'[39m
LOG: '[Ejabberd API] Response unregister: 200 OK'
      [32m✓ [39mshould be able to join multiple rooms
LOG LOG: [36m'[Ejabberd API] Requesting muc_online_rooms from http://localhost:52810/api/ with user local-admin@local-jabber.entenhausen.pazz.de'[39m
LOG: '[Ejabberd API] Requesting muc_online_rooms from http://localhost:52810/api/ with user local-admin@local-jabber.entenhausen.pazz.de'
LOG LOG: [36m'[Ejabberd API] Response muc_online_rooms: 200 OK'[39m
LOG: '[Ejabberd API] Response muc_online_rooms: 200 OK'
LOG LOG: [36m'[Ejabberd API] Requesting registered_users from http://localhost:52810/api/ with user local-admin@local-jabber.entenhausen.pazz.de'[39m
LOG: '[Ejabberd API] Requesting registered_users from http://localhost:52810/api/ with user local-admin@local-jabber.entenhausen.pazz.de'
LOG LOG: [36m'[Ejabberd API] Response registered_users: 200 OK'[39m
LOG: '[Ejabberd API] Response registered_users: 200 OK'
LOG LOG: [36m'[Ejabberd API] Requesting registered_users from http://localhost:52810/api/ with user local-admin@local-jabber.entenhausen.pazz.de'[39m
LOG: '[Ejabberd API] Requesting registered_users from http://localhost:52810/api/ with user local-admin@local-jabber.entenhausen.pazz.de'
LOG LOG: [36m'[Ejabberd API] Requesting registered_users from http://localhost:52810/api/ with user local-admin@local-jabber.entenhausen.pazz.de'[39m
LOG: '[Ejabberd API] Requesting registered_users from http://localhost:52810/api/ with user local-admin@local-jabber.entenhausen.pazz.de'
LOG LOG: [36m'[Ejabberd API] Requesting registered_users from http://localhost:52810/api/ with user local-admin@local-jabber.entenhausen.pazz.de'[39m
LOG: '[Ejabberd API] Requesting registered_users from http://localhost:52810/api/ with user local-admin@local-jabber.entenhausen.pazz.de'
LOG LOG: [36m'[Ejabberd API] Requesting registered_users from http://localhost:52810/api/ with user local-admin@local-jabber.entenhausen.pazz.de'[39m
LOG: '[Ejabberd API] Requesting registered_users from http://localhost:52810/api/ with user local-admin@local-jabber.entenhausen.pazz.de'
LOG LOG: [36m'[Ejabberd API] Requesting registered_users from http://localhost:52810/api/ with user local-admin@local-jabber.entenhausen.pazz.de'[39m
LOG: '[Ejabberd API] Requesting registered_users from http://localhost:52810/api/ with user local-admin@local-jabber.entenhausen.pazz.de'
LOG LOG: [36m'[Ejabberd API] Response registered_users: 200 OK'[39m
LOG: '[Ejabberd API] Response registered_users: 200 OK'
LOG LOG: [36m'[Ejabberd API] Response registered_users: 200 OK'[39m
LOG: '[Ejabberd API] Response registered_users: 200 OK'
LOG LOG: [36m'[Ejabberd API] Response registered_users: 200 OK'[39m
LOG: '[Ejabberd API] Response registered_users: 200 OK'
LOG LOG: [36m'[Ejabberd API] Response registered_users: 200 OK'[39m
LOG: '[Ejabberd API] Response registered_users: 200 OK'
LOG LOG: [36m'[Ejabberd API] Response registered_users: 200 OK'[39m
LOG: '[Ejabberd API] Response registered_users: 200 OK'
LOG LOG: [36m'[Ejabberd API] Requesting registered_users from http://localhost:52810/api/ with user local-admin@local-jabber.entenhausen.pazz.de'[39m
LOG: '[Ejabberd API] Requesting registered_users from http://localhost:52810/api/ with user local-admin@local-jabber.entenhausen.pazz.de'
LOG LOG: [36m'[Ejabberd API] Response registered_users: 200 OK'[39m
LOG: '[Ejabberd API] Response registered_users: 200 OK'
LOG LOG: [36m'[Ejabberd API] Requesting check_account from http://localhost:52810/api/ with user local-admin@local-jabber.entenhausen.pazz.de'[39m
LOG: '[Ejabberd API] Requesting check_account from http://localhost:52810/api/ with user local-admin@local-jabber.entenhausen.pazz.de'
LOG LOG: [36m'[Ejabberd API] Response check_account: 200 OK'[39m
LOG: '[Ejabberd API] Response check_account: 200 OK'
LOG LOG: [36m'[Ejabberd API] Requesting register from http://localhost:52810/api/ with user local-admin@local-jabber.entenhausen.pazz.de'[39m
LOG: '[Ejabberd API] Requesting register from http://localhost:52810/api/ with user local-admin@local-jabber.entenhausen.pazz.de'
LOG LOG: [36m'[Ejabberd API] Response register: 200 OK'[39m
LOG: '[Ejabberd API] Response register: 200 OK'
LOG LOG: [36m'[Ejabberd API] Requesting destroy_room from http://localhost:52810/api/ with user local-admin@local-jabber.entenhausen.pazz.de'[39m
LOG: '[Ejabberd API] Requesting destroy_room from http://localhost:52810/api/ with user local-admin@local-jabber.entenhausen.pazz.de'
LOG LOG: [36m'[Ejabberd API] Requesting destroy_room from http://localhost:52810/api/ with user local-admin@local-jabber.entenhausen.pazz.de'[39m
LOG: '[Ejabberd API] Requesting destroy_room from http://localhost:52810/api/ with user local-admin@local-jabber.entenhausen.pazz.de'
LOG LOG: [36m'[Ejabberd API] Requesting destroy_room from http://localhost:52810/api/ with user local-admin@local-jabber.entenhausen.pazz.de'[39m
LOG: '[Ejabberd API] Requesting destroy_room from http://localhost:52810/api/ with user local-admin@local-jabber.entenhausen.pazz.de'
LOG LOG: [36m'[Ejabberd API] Requesting destroy_room from http://localhost:52810/api/ with user local-admin@local-jabber.entenhausen.pazz.de'[39m
LOG: '[Ejabberd API] Requesting destroy_room from http://localhost:52810/api/ with user local-admin@local-jabber.entenhausen.pazz.de'
LOG LOG: [36m'[Ejabberd API] Requesting destroy_room from http://localhost:52810/api/ with user local-admin@local-jabber.entenhausen.pazz.de'[39m
LOG: '[Ejabberd API] Requesting destroy_room from http://localhost:52810/api/ with user local-admin@local-jabber.entenhausen.pazz.de'
LOG LOG: [36m'[Ejabberd API] Requesting destroy_room from http://localhost:52810/api/ with user local-admin@local-jabber.entenhausen.pazz.de'[39m
LOG: '[Ejabberd API] Requesting destroy_room from http://localhost:52810/api/ with user local-admin@local-jabber.entenhausen.pazz.de'
LOG LOG: [36m'[Ejabberd API] Response destroy_room: 400 Bad Request'[39m
LOG: '[Ejabberd API] Response destroy_room: 400 Bad Request'
LOG LOG: [36m'[Ejabberd API] Response destroy_room: 400 Bad Request'[39m
LOG: '[Ejabberd API] Response destroy_room: 400 Bad Request'
LOG LOG: [36m'[Ejabberd API] Response destroy_room: 400 Bad Request'[39m
LOG: '[Ejabberd API] Response destroy_room: 400 Bad Request'
LOG LOG: [36m'[Ejabberd API] Response destroy_room: 400 Bad Request'[39m
LOG: '[Ejabberd API] Response destroy_room: 400 Bad Request'
LOG LOG: [36m'[Ejabberd API] Response destroy_room: 400 Bad Request'[39m
LOG: '[Ejabberd API] Response destroy_room: 400 Bad Request'
LOG LOG: [36m'[Ejabberd API] Response destroy_room: 400 Bad Request'[39m
LOG: '[Ejabberd API] Response destroy_room: 400 Bad Request'
LOG LOG: [36m'[Ejabberd API] Requesting registered_users from http://localhost:52810/api/ with user local-admin@local-jabber.entenhausen.pazz.de'[39m
LOG: '[Ejabberd API] Requesting registered_users from http://localhost:52810/api/ with user local-admin@local-jabber.entenhausen.pazz.de'
LOG LOG: [36m'[Ejabberd API] Requesting registered_users from http://localhost:52810/api/ with user local-admin@local-jabber.entenhausen.pazz.de'[39m
LOG: '[Ejabberd API] Requesting registered_users from http://localhost:52810/api/ with user local-admin@local-jabber.entenhausen.pazz.de'
LOG LOG: [36m'[Ejabberd API] Requesting registered_users from http://localhost:52810/api/ with user local-admin@local-jabber.entenhausen.pazz.de'[39m
LOG: '[Ejabberd API] Requesting registered_users from http://localhost:52810/api/ with user local-admin@local-jabber.entenhausen.pazz.de'
LOG LOG: [36m'[Ejabberd API] Requesting registered_users from http://localhost:52810/api/ with user local-admin@local-jabber.entenhausen.pazz.de'[39m
LOG: '[Ejabberd API] Requesting registered_users from http://localhost:52810/api/ with user local-admin@local-jabber.entenhausen.pazz.de'
LOG LOG: [36m'[Ejabberd API] Requesting registered_users from http://localhost:52810/api/ with user local-admin@local-jabber.entenhausen.pazz.de'[39m
LOG: '[Ejabberd API] Requesting registered_users from http://localhost:52810/api/ with user local-admin@local-jabber.entenhausen.pazz.de'
LOG LOG: [36m'[Ejabberd API] Response registered_users: 200 OK'[39m
LOG: '[Ejabberd API] Response registered_users: 200 OK'
LOG LOG: [36m'[Ejabberd API] Response registered_users: 200 OK'[39m
LOG: '[Ejabberd API] Response registered_users: 200 OK'
LOG LOG: [36m'[Ejabberd API] Requesting check_account from http://localhost:52810/api/ with user local-admin@local-jabber.entenhausen.pazz.de'[39m
LOG: '[Ejabberd API] Requesting check_account from http://localhost:52810/api/ with user local-admin@local-jabber.entenhausen.pazz.de'
LOG LOG: [36m'[Ejabberd API] Response registered_users: 200 OK'[39m
LOG: '[Ejabberd API] Response registered_users: 200 OK'
LOG LOG: [36m'[Ejabberd API] Response registered_users: 200 OK'[39m
LOG: '[Ejabberd API] Response registered_users: 200 OK'
LOG LOG: [36m'[Ejabberd API] Response registered_users: 200 OK'[39m
LOG: '[Ejabberd API] Response registered_users: 200 OK'
LOG LOG: [36m'[Ejabberd API] Response check_account: 200 OK'[39m
LOG: '[Ejabberd API] Response check_account: 200 OK'
LOG LOG: [36m'[Ejabberd API] Requesting unregister from http://localhost:52810/api/ with user local-admin@local-jabber.entenhausen.pazz.de'[39m
LOG: '[Ejabberd API] Requesting unregister from http://localhost:52810/api/ with user local-admin@local-jabber.entenhausen.pazz.de'
LOG LOG: [36m'[Ejabberd API] Response unregister: 200 OK'[39m
LOG: '[Ejabberd API] Response unregister: 200 OK'
    room creation
      [32m✓ [39mshould not throw if user tries to create the same room multiple times just return the existing one
LOG LOG: [36m'[Ejabberd API] Requesting muc_online_rooms from http://localhost:52810/api/ with user local-admin@local-jabber.entenhausen.pazz.de'[39m
LOG: '[Ejabberd API] Requesting muc_online_rooms from http://localhost:52810/api/ with user local-admin@local-jabber.entenhausen.pazz.de'
LOG LOG: [36m'[Ejabberd API] Response muc_online_rooms: 200 OK'[39m
LOG: '[Ejabberd API] Response muc_online_rooms: 200 OK'
LOG LOG: [36m'[Ejabberd API] Requesting registered_users from http://localhost:52810/api/ with user local-admin@local-jabber.entenhausen.pazz.de'[39m
LOG: '[Ejabberd API] Requesting registered_users from http://localhost:52810/api/ with user local-admin@local-jabber.entenhausen.pazz.de'
LOG LOG: [36m'[Ejabberd API] Response registered_users: 200 OK'[39m
LOG: '[Ejabberd API] Response registered_users: 200 OK'
LOG LOG: [36m'[Ejabberd API] Requesting registered_users from http://localhost:52810/api/ with user local-admin@local-jabber.entenhausen.pazz.de'[39m
LOG: '[Ejabberd API] Requesting registered_users from http://localhost:52810/api/ with user local-admin@local-jabber.entenhausen.pazz.de'
LOG LOG: [36m'[Ejabberd API] Requesting registered_users from http://localhost:52810/api/ with user local-admin@local-jabber.entenhausen.pazz.de'[39m
LOG: '[Ejabberd API] Requesting registered_users from http://localhost:52810/api/ with user local-admin@local-jabber.entenhausen.pazz.de'
LOG LOG: [36m'[Ejabberd API] Requesting registered_users from http://localhost:52810/api/ with user local-admin@local-jabber.entenhausen.pazz.de'[39m
LOG: '[Ejabberd API] Requesting registered_users from http://localhost:52810/api/ with user local-admin@local-jabber.entenhausen.pazz.de'
LOG LOG: [36m'[Ejabberd API] Requesting registered_users from http://localhost:52810/api/ with user local-admin@local-jabber.entenhausen.pazz.de'[39m
LOG: '[Ejabberd API] Requesting registered_users from http://localhost:52810/api/ with user local-admin@local-jabber.entenhausen.pazz.de'
LOG LOG: [36m'[Ejabberd API] Requesting registered_users from http://localhost:52810/api/ with user local-admin@local-jabber.entenhausen.pazz.de'[39m
LOG: '[Ejabberd API] Requesting registered_users from http://localhost:52810/api/ with user local-admin@local-jabber.entenhausen.pazz.de'
LOG LOG: [36m'[Ejabberd API] Response registered_users: 200 OK'[39m
LOG: '[Ejabberd API] Response registered_users: 200 OK'
LOG LOG: [36m'[Ejabberd API] Response registered_users: 200 OK'[39m
LOG: '[Ejabberd API] Response registered_users: 200 OK'
LOG LOG: [36m'[Ejabberd API] Response registered_users: 200 OK'[39m
LOG: '[Ejabberd API] Response registered_users: 200 OK'
LOG LOG: [36m'[Ejabberd API] Response registered_users: 200 OK'[39m
LOG: '[Ejabberd API] Response registered_users: 200 OK'
LOG LOG: [36m'[Ejabberd API] Response registered_users: 200 OK'[39m
LOG: '[Ejabberd API] Response registered_users: 200 OK'
LOG LOG: [36m'[Ejabberd API] Requesting registered_users from http://localhost:52810/api/ with user local-admin@local-jabber.entenhausen.pazz.de'[39m
LOG: '[Ejabberd API] Requesting registered_users from http://localhost:52810/api/ with user local-admin@local-jabber.entenhausen.pazz.de'
LOG LOG: [36m'[Ejabberd API] Response registered_users: 200 OK'[39m
LOG: '[Ejabberd API] Response registered_users: 200 OK'
LOG LOG: [36m'[Ejabberd API] Requesting check_account from http://localhost:52810/api/ with user local-admin@local-jabber.entenhausen.pazz.de'[39m
LOG: '[Ejabberd API] Requesting check_account from http://localhost:52810/api/ with user local-admin@local-jabber.entenhausen.pazz.de'
LOG LOG: [36m'[Ejabberd API] Response check_account: 200 OK'[39m
LOG: '[Ejabberd API] Response check_account: 200 OK'
LOG LOG: [36m'[Ejabberd API] Requesting register from http://localhost:52810/api/ with user local-admin@local-jabber.entenhausen.pazz.de'[39m
LOG: '[Ejabberd API] Requesting register from http://localhost:52810/api/ with user local-admin@local-jabber.entenhausen.pazz.de'
LOG LOG: [36m'[Ejabberd API] Response register: 200 OK'[39m
LOG: '[Ejabberd API] Response register: 200 OK'
LOG LOG: [36m'[Ejabberd API] Requesting get_room_affiliation from http://localhost:52810/api/ with user local-admin@local-jabber.entenhausen.pazz.de'[39m
LOG: '[Ejabberd API] Requesting get_room_affiliation from http://localhost:52810/api/ with user local-admin@local-jabber.entenhausen.pazz.de'
LOG LOG: [36m'[Ejabberd API] Response get_room_affiliation: 200 OK'[39m
LOG: '[Ejabberd API] Response get_room_affiliation: 200 OK'
LOG LOG: [36m'[Ejabberd API] Requesting destroy_room from http://localhost:52810/api/ with user local-admin@local-jabber.entenhausen.pazz.de'[39m
LOG: '[Ejabberd API] Requesting destroy_room from http://localhost:52810/api/ with user local-admin@local-jabber.entenhausen.pazz.de'
LOG LOG: [36m'[Ejabberd API] Requesting destroy_room from http://localhost:52810/api/ with user local-admin@local-jabber.entenhausen.pazz.de'[39m
LOG: '[Ejabberd API] Requesting destroy_room from http://localhost:52810/api/ with user local-admin@local-jabber.entenhausen.pazz.de'
LOG LOG: [36m'[Ejabberd API] Requesting destroy_room from http://localhost:52810/api/ with user local-admin@local-jabber.entenhausen.pazz.de'[39m
LOG: '[Ejabberd API] Requesting destroy_room from http://localhost:52810/api/ with user local-admin@local-jabber.entenhausen.pazz.de'
LOG LOG: [36m'[Ejabberd API] Requesting destroy_room from http://localhost:52810/api/ with user local-admin@local-jabber.entenhausen.pazz.de'[39m
LOG: '[Ejabberd API] Requesting destroy_room from http://localhost:52810/api/ with user local-admin@local-jabber.entenhausen.pazz.de'
LOG LOG: [36m'[Ejabberd API] Requesting destroy_room from http://localhost:52810/api/ with user local-admin@local-jabber.entenhausen.pazz.de'[39m
LOG: '[Ejabberd API] Requesting destroy_room from http://localhost:52810/api/ with user local-admin@local-jabber.entenhausen.pazz.de'
LOG LOG: [36m'[Ejabberd API] Requesting destroy_room from http://localhost:52810/api/ with user local-admin@local-jabber.entenhausen.pazz.de'[39m
LOG: '[Ejabberd API] Requesting destroy_room from http://localhost:52810/api/ with user local-admin@local-jabber.entenhausen.pazz.de'
LOG LOG: [36m'[Ejabberd API] Response destroy_room: 400 Bad Request'[39m
LOG: '[Ejabberd API] Response destroy_room: 400 Bad Request'
LOG LOG: [36m'[Ejabberd API] Response destroy_room: 400 Bad Request'[39m
LOG: '[Ejabberd API] Response destroy_room: 400 Bad Request'
LOG LOG: [36m'[Ejabberd API] Response destroy_room: 400 Bad Request'[39m
LOG: '[Ejabberd API] Response destroy_room: 400 Bad Request'
LOG LOG: [36m'[Ejabberd API] Response destroy_room: 400 Bad Request'[39m
LOG: '[Ejabberd API] Response destroy_room: 400 Bad Request'
LOG LOG: [36m'[Ejabberd API] Response destroy_room: 400 Bad Request'[39m
LOG: '[Ejabberd API] Response destroy_room: 400 Bad Request'
LOG LOG: [36m'[Ejabberd API] Response destroy_room: 400 Bad Request'[39m
LOG: '[Ejabberd API] Response destroy_room: 400 Bad Request'
LOG LOG: [36m'[Ejabberd API] Requesting registered_users from http://localhost:52810/api/ with user local-admin@local-jabber.entenhausen.pazz.de'[39m
LOG: '[Ejabberd API] Requesting registered_users from http://localhost:52810/api/ with user local-admin@local-jabber.entenhausen.pazz.de'
LOG LOG: [36m'[Ejabberd API] Requesting registered_users from http://localhost:52810/api/ with user local-admin@local-jabber.entenhausen.pazz.de'[39m
LOG: '[Ejabberd API] Requesting registered_users from http://localhost:52810/api/ with user local-admin@local-jabber.entenhausen.pazz.de'
LOG LOG: [36m'[Ejabberd API] Requesting registered_users from http://localhost:52810/api/ with user local-admin@local-jabber.entenhausen.pazz.de'[39m
LOG: '[Ejabberd API] Requesting registered_users from http://localhost:52810/api/ with user local-admin@local-jabber.entenhausen.pazz.de'
LOG LOG: [36m'[Ejabberd API] Requesting registered_users from http://localhost:52810/api/ with user local-admin@local-jabber.entenhausen.pazz.de'[39m
LOG: '[Ejabberd API] Requesting registered_users from http://localhost:52810/api/ with user local-admin@local-jabber.entenhausen.pazz.de'
LOG LOG: [36m'[Ejabberd API] Requesting registered_users from http://localhost:52810/api/ with user local-admin@local-jabber.entenhausen.pazz.de'[39m
LOG: '[Ejabberd API] Requesting registered_users from http://localhost:52810/api/ with user local-admin@local-jabber.entenhausen.pazz.de'
LOG LOG: [36m'[Ejabberd API] Response registered_users: 200 OK'[39m
LOG: '[Ejabberd API] Response registered_users: 200 OK'
LOG LOG: [36m'[Ejabberd API] Response registered_users: 200 OK'[39m
LOG: '[Ejabberd API] Response registered_users: 200 OK'
LOG LOG: [36m'[Ejabberd API] Response registered_users: 200 OK'[39m
LOG: '[Ejabberd API] Response registered_users: 200 OK'
LOG LOG: [36m'[Ejabberd API] Response registered_users: 200 OK'[39m
LOG: '[Ejabberd API] Response registered_users: 200 OK'
LOG LOG: [36m'[Ejabberd API] Response registered_users: 200 OK'[39m
LOG: '[Ejabberd API] Response registered_users: 200 OK'
LOG LOG: [36m'[Ejabberd API] Requesting check_account from http://localhost:52810/api/ with user local-admin@local-jabber.entenhausen.pazz.de'[39m
LOG: '[Ejabberd API] Requesting check_account from http://localhost:52810/api/ with user local-admin@local-jabber.entenhausen.pazz.de'
LOG LOG: [36m'[Ejabberd API] Response check_account: 200 OK'[39m
LOG: '[Ejabberd API] Response check_account: 200 OK'
LOG LOG: [36m'[Ejabberd API] Requesting unregister from http://localhost:52810/api/ with user local-admin@local-jabber.entenhausen.pazz.de'[39m
LOG: '[Ejabberd API] Requesting unregister from http://localhost:52810/api/ with user local-admin@local-jabber.entenhausen.pazz.de'
LOG LOG: [36m'[Ejabberd API] Response unregister: 200 OK'[39m
LOG: '[Ejabberd API] Response unregister: 200 OK'
      [32m✓ [39mshould be owner of created room
LOG LOG: [36m'[Ejabberd API] Requesting muc_online_rooms from http://localhost:52810/api/ with user local-admin@local-jabber.entenhausen.pazz.de'[39m
LOG: '[Ejabberd API] Requesting muc_online_rooms from http://localhost:52810/api/ with user local-admin@local-jabber.entenhausen.pazz.de'
LOG LOG: [36m'[Ejabberd API] Response muc_online_rooms: 200 OK'[39m
LOG: '[Ejabberd API] Response muc_online_rooms: 200 OK'
LOG LOG: [36m'[Ejabberd API] Requesting registered_users from http://localhost:52810/api/ with user local-admin@local-jabber.entenhausen.pazz.de'[39m
LOG: '[Ejabberd API] Requesting registered_users from http://localhost:52810/api/ with user local-admin@local-jabber.entenhausen.pazz.de'
LOG LOG: [36m'[Ejabberd API] Response registered_users: 200 OK'[39m
LOG: '[Ejabberd API] Response registered_users: 200 OK'
LOG LOG: [36m'[Ejabberd API] Requesting registered_users from http://localhost:52810/api/ with user local-admin@local-jabber.entenhausen.pazz.de'[39m
LOG: '[Ejabberd API] Requesting registered_users from http://localhost:52810/api/ with user local-admin@local-jabber.entenhausen.pazz.de'
LOG LOG: [36m'[Ejabberd API] Requesting registered_users from http://localhost:52810/api/ with user local-admin@local-jabber.entenhausen.pazz.de'[39m
LOG: '[Ejabberd API] Requesting registered_users from http://localhost:52810/api/ with user local-admin@local-jabber.entenhausen.pazz.de'
LOG LOG: [36m'[Ejabberd API] Requesting registered_users from http://localhost:52810/api/ with user local-admin@local-jabber.entenhausen.pazz.de'[39m
LOG: '[Ejabberd API] Requesting registered_users from http://localhost:52810/api/ with user local-admin@local-jabber.entenhausen.pazz.de'
LOG LOG: [36m'[Ejabberd API] Requesting registered_users from http://localhost:52810/api/ with user local-admin@local-jabber.entenhausen.pazz.de'[39m
LOG: '[Ejabberd API] Requesting registered_users from http://localhost:52810/api/ with user local-admin@local-jabber.entenhausen.pazz.de'
LOG LOG: [36m'[Ejabberd API] Requesting registered_users from http://localhost:52810/api/ with user local-admin@local-jabber.entenhausen.pazz.de'[39m
LOG: '[Ejabberd API] Requesting registered_users from http://localhost:52810/api/ with user local-admin@local-jabber.entenhausen.pazz.de'
LOG LOG: [36m'[Ejabberd API] Response registered_users: 200 OK'[39m
LOG: '[Ejabberd API] Response registered_users: 200 OK'
LOG LOG: [36m'[Ejabberd API] Response registered_users: 200 OK'[39m
LOG: '[Ejabberd API] Response registered_users: 200 OK'
LOG LOG: [36m'[Ejabberd API] Response registered_users: 200 OK'[39m
LOG: '[Ejabberd API] Response registered_users: 200 OK'
LOG LOG: [36m'[Ejabberd API] Response registered_users: 200 OK'[39m
LOG: '[Ejabberd API] Response registered_users: 200 OK'
LOG LOG: [36m'[Ejabberd API] Response registered_users: 200 OK'[39m
LOG: '[Ejabberd API] Response registered_users: 200 OK'
LOG LOG: [36m'[Ejabberd API] Requesting registered_users from http://localhost:52810/api/ with user local-admin@local-jabber.entenhausen.pazz.de'[39m
LOG: '[Ejabberd API] Requesting registered_users from http://localhost:52810/api/ with user local-admin@local-jabber.entenhausen.pazz.de'
LOG LOG: [36m'[Ejabberd API] Response registered_users: 200 OK'[39m
LOG: '[Ejabberd API] Response registered_users: 200 OK'
LOG LOG: [36m'[Ejabberd API] Requesting check_account from http://localhost:52810/api/ with user local-admin@local-jabber.entenhausen.pazz.de'[39m
LOG: '[Ejabberd API] Requesting check_account from http://localhost:52810/api/ with user local-admin@local-jabber.entenhausen.pazz.de'
LOG LOG: [36m'[Ejabberd API] Response check_account: 200 OK'[39m
LOG: '[Ejabberd API] Response check_account: 200 OK'
LOG LOG: [36m'[Ejabberd API] Requesting register from http://localhost:52810/api/ with user local-admin@local-jabber.entenhausen.pazz.de'[39m
LOG: '[Ejabberd API] Requesting register from http://localhost:52810/api/ with user local-admin@local-jabber.entenhausen.pazz.de'
LOG LOG: [36m'[Ejabberd API] Response register: 200 OK'[39m
LOG: '[Ejabberd API] Response register: 200 OK'
LOG LOG: [36m'[Ejabberd API] Requesting registered_users from http://localhost:52810/api/ with user local-admin@local-jabber.entenhausen.pazz.de'[39m
LOG: '[Ejabberd API] Requesting registered_users from http://localhost:52810/api/ with user local-admin@local-jabber.entenhausen.pazz.de'
LOG LOG: [36m'[Ejabberd API] Response registered_users: 200 OK'[39m
LOG: '[Ejabberd API] Response registered_users: 200 OK'
LOG LOG: [36m'[Ejabberd API] Requesting check_account from http://localhost:52810/api/ with user local-admin@local-jabber.entenhausen.pazz.de'[39m
LOG: '[Ejabberd API] Requesting check_account from http://localhost:52810/api/ with user local-admin@local-jabber.entenhausen.pazz.de'
LOG LOG: [36m'[Ejabberd API] Response check_account: 200 OK'[39m
LOG: '[Ejabberd API] Response check_account: 200 OK'
LOG LOG: [36m'[Ejabberd API] Requesting register from http://localhost:52810/api/ with user local-admin@local-jabber.entenhausen.pazz.de'[39m
LOG: '[Ejabberd API] Requesting register from http://localhost:52810/api/ with user local-admin@local-jabber.entenhausen.pazz.de'
LOG LOG: [36m'[Ejabberd API] Response register: 200 OK'[39m
LOG: '[Ejabberd API] Response register: 200 OK'
LOG LOG: [36m'[Ejabberd API] Requesting destroy_room from http://localhost:52810/api/ with user local-admin@local-jabber.entenhausen.pazz.de'[39m
LOG: '[Ejabberd API] Requesting destroy_room from http://localhost:52810/api/ with user local-admin@local-jabber.entenhausen.pazz.de'
LOG LOG: [36m'[Ejabberd API] Requesting destroy_room from http://localhost:52810/api/ with user local-admin@local-jabber.entenhausen.pazz.de'[39m
LOG: '[Ejabberd API] Requesting destroy_room from http://localhost:52810/api/ with user local-admin@local-jabber.entenhausen.pazz.de'
LOG LOG: [36m'[Ejabberd API] Requesting destroy_room from http://localhost:52810/api/ with user local-admin@local-jabber.entenhausen.pazz.de'[39m
LOG: '[Ejabberd API] Requesting destroy_room from http://localhost:52810/api/ with user local-admin@local-jabber.entenhausen.pazz.de'
LOG LOG: [36m'[Ejabberd API] Requesting destroy_room from http://localhost:52810/api/ with user local-admin@local-jabber.entenhausen.pazz.de'[39m
LOG: '[Ejabberd API] Requesting destroy_room from http://localhost:52810/api/ with user local-admin@local-jabber.entenhausen.pazz.de'
LOG LOG: [36m'[Ejabberd API] Requesting destroy_room from http://localhost:52810/api/ with user local-admin@local-jabber.entenhausen.pazz.de'[39m
LOG: '[Ejabberd API] Requesting destroy_room from http://localhost:52810/api/ with user local-admin@local-jabber.entenhausen.pazz.de'
LOG LOG: [36m'[Ejabberd API] Requesting destroy_room from http://localhost:52810/api/ with user local-admin@local-jabber.entenhausen.pazz.de'[39m
LOG: '[Ejabberd API] Requesting destroy_room from http://localhost:52810/api/ with user local-admin@local-jabber.entenhausen.pazz.de'
LOG LOG: [36m'[Ejabberd API] Response destroy_room: 400 Bad Request'[39m
LOG: '[Ejabberd API] Response destroy_room: 400 Bad Request'
LOG LOG: [36m'[Ejabberd API] Response destroy_room: 400 Bad Request'[39m
LOG: '[Ejabberd API] Response destroy_room: 400 Bad Request'
LOG LOG: [36m'[Ejabberd API] Response destroy_room: 400 Bad Request'[39m
LOG: '[Ejabberd API] Response destroy_room: 400 Bad Request'
LOG LOG: [36m'[Ejabberd API] Response destroy_room: 400 Bad Request'[39m
LOG: '[Ejabberd API] Response destroy_room: 400 Bad Request'
LOG LOG: [36m'[Ejabberd API] Response destroy_room: 400 Bad Request'[39m
LOG: '[Ejabberd API] Response destroy_room: 400 Bad Request'
LOG LOG: [36m'[Ejabberd API] Response destroy_room: 400 Bad Request'[39m
LOG: '[Ejabberd API] Response destroy_room: 400 Bad Request'
LOG LOG: [36m'[Ejabberd API] Requesting registered_users from http://localhost:52810/api/ with user local-admin@local-jabber.entenhausen.pazz.de'[39m
LOG: '[Ejabberd API] Requesting registered_users from http://localhost:52810/api/ with user local-admin@local-jabber.entenhausen.pazz.de'
LOG LOG: [36m'[Ejabberd API] Requesting registered_users from http://localhost:52810/api/ with user local-admin@local-jabber.entenhausen.pazz.de'[39m
LOG: '[Ejabberd API] Requesting registered_users from http://localhost:52810/api/ with user local-admin@local-jabber.entenhausen.pazz.de'
LOG LOG: [36m'[Ejabberd API] Requesting registered_users from http://localhost:52810/api/ with user local-admin@local-jabber.entenhausen.pazz.de'[39m
LOG: '[Ejabberd API] Requesting registered_users from http://localhost:52810/api/ with user local-admin@local-jabber.entenhausen.pazz.de'
LOG LOG: [36m'[Ejabberd API] Requesting registered_users from http://localhost:52810/api/ with user local-admin@local-jabber.entenhausen.pazz.de'[39m
LOG: '[Ejabberd API] Requesting registered_users from http://localhost:52810/api/ with user local-admin@local-jabber.entenhausen.pazz.de'
LOG LOG: [36m'[Ejabberd API] Requesting registered_users from http://localhost:52810/api/ with user local-admin@local-jabber.entenhausen.pazz.de'[39m
LOG: '[Ejabberd API] Requesting registered_users from http://localhost:52810/api/ with user local-admin@local-jabber.entenhausen.pazz.de'
LOG LOG: [36m'[Ejabberd API] Response registered_users: 200 OK'[39m
LOG: '[Ejabberd API] Response registered_users: 200 OK'
LOG LOG: [36m'[Ejabberd API] Response registered_users: 200 OK'[39m
LOG: '[Ejabberd API] Response registered_users: 200 OK'
LOG LOG: [36m'[Ejabberd API] Response registered_users: 200 OK'[39m
LOG: '[Ejabberd API] Response registered_users: 200 OK'
LOG LOG: [36m'[Ejabberd API] Requesting check_account from http://localhost:52810/api/ with user local-admin@local-jabber.entenhausen.pazz.de'[39m
LOG: '[Ejabberd API] Requesting check_account from http://localhost:52810/api/ with user local-admin@local-jabber.entenhausen.pazz.de'
LOG LOG: [36m'[Ejabberd API] Response registered_users: 200 OK'[39m
LOG: '[Ejabberd API] Response registered_users: 200 OK'
LOG LOG: [36m'[Ejabberd API] Response registered_users: 200 OK'[39m
LOG: '[Ejabberd API] Response registered_users: 200 OK'
LOG LOG: [36m'[Ejabberd API] Requesting check_account from http://localhost:52810/api/ with user local-admin@local-jabber.entenhausen.pazz.de'[39m
LOG: '[Ejabberd API] Requesting check_account from http://localhost:52810/api/ with user local-admin@local-jabber.entenhausen.pazz.de'
LOG LOG: [36m'[Ejabberd API] Response check_account: 200 OK'[39m
LOG: '[Ejabberd API] Response check_account: 200 OK'
LOG LOG: [36m'[Ejabberd API] Requesting unregister from http://localhost:52810/api/ with user local-admin@local-jabber.entenhausen.pazz.de'[39m
LOG: '[Ejabberd API] Requesting unregister from http://localhost:52810/api/ with user local-admin@local-jabber.entenhausen.pazz.de'
LOG LOG: [36m'[Ejabberd API] Response check_account: 200 OK'[39m
LOG: '[Ejabberd API] Response check_account: 200 OK'
LOG LOG: [36m'[Ejabberd API] Requesting unregister from http://localhost:52810/api/ with user local-admin@local-jabber.entenhausen.pazz.de'[39m
LOG: '[Ejabberd API] Requesting unregister from http://localhost:52810/api/ with user local-admin@local-jabber.entenhausen.pazz.de'
LOG LOG: [36m'[Ejabberd API] Response unregister: 200 OK'[39m
LOG: '[Ejabberd API] Response unregister: 200 OK'
LOG LOG: [36m'[Ejabberd API] Response unregister: 200 OK'[39m
LOG: '[Ejabberd API] Response unregister: 200 OK'
      [32m✓ [39mshould throw if room is not configurable
LOG LOG: [36m'[Ejabberd API] Requesting muc_online_rooms from http://localhost:52810/api/ with user local-admin@local-jabber.entenhausen.pazz.de'[39m
LOG: '[Ejabberd API] Requesting muc_online_rooms from http://localhost:52810/api/ with user local-admin@local-jabber.entenhausen.pazz.de'
LOG LOG: [36m'[Ejabberd API] Response muc_online_rooms: 200 OK'[39m
LOG: '[Ejabberd API] Response muc_online_rooms: 200 OK'
LOG LOG: [36m'[Ejabberd API] Requesting registered_users from http://localhost:52810/api/ with user local-admin@local-jabber.entenhausen.pazz.de'[39m
LOG: '[Ejabberd API] Requesting registered_users from http://localhost:52810/api/ with user local-admin@local-jabber.entenhausen.pazz.de'
LOG LOG: [36m'[Ejabberd API] Response registered_users: 200 OK'[39m
LOG: '[Ejabberd API] Response registered_users: 200 OK'
LOG LOG: [36m'[Ejabberd API] Requesting registered_users from http://localhost:52810/api/ with user local-admin@local-jabber.entenhausen.pazz.de'[39m
LOG: '[Ejabberd API] Requesting registered_users from http://localhost:52810/api/ with user local-admin@local-jabber.entenhausen.pazz.de'
LOG LOG: [36m'[Ejabberd API] Requesting registered_users from http://localhost:52810/api/ with user local-admin@local-jabber.entenhausen.pazz.de'[39m
LOG: '[Ejabberd API] Requesting registered_users from http://localhost:52810/api/ with user local-admin@local-jabber.entenhausen.pazz.de'
LOG LOG: [36m'[Ejabberd API] Requesting registered_users from http://localhost:52810/api/ with user local-admin@local-jabber.entenhausen.pazz.de'[39m
LOG: '[Ejabberd API] Requesting registered_users from http://localhost:52810/api/ with user local-admin@local-jabber.entenhausen.pazz.de'
LOG LOG: [36m'[Ejabberd API] Requesting registered_users from http://localhost:52810/api/ with user local-admin@local-jabber.entenhausen.pazz.de'[39m
LOG: '[Ejabberd API] Requesting registered_users from http://localhost:52810/api/ with user local-admin@local-jabber.entenhausen.pazz.de'
LOG LOG: [36m'[Ejabberd API] Requesting registered_users from http://localhost:52810/api/ with user local-admin@local-jabber.entenhausen.pazz.de'[39m
LOG: '[Ejabberd API] Requesting registered_users from http://localhost:52810/api/ with user local-admin@local-jabber.entenhausen.pazz.de'
LOG LOG: [36m'[Ejabberd API] Response registered_users: 200 OK'[39m
LOG: '[Ejabberd API] Response registered_users: 200 OK'
LOG LOG: [36m'[Ejabberd API] Response registered_users: 200 OK'[39m
LOG: '[Ejabberd API] Response registered_users: 200 OK'
LOG LOG: [36m'[Ejabberd API] Response registered_users: 200 OK'[39m
LOG: '[Ejabberd API] Response registered_users: 200 OK'
LOG LOG: [36m'[Ejabberd API] Response registered_users: 200 OK'[39m
LOG: '[Ejabberd API] Response registered_users: 200 OK'
LOG LOG: [36m'[Ejabberd API] Response registered_users: 200 OK'[39m
LOG: '[Ejabberd API] Response registered_users: 200 OK'
LOG LOG: [36m'[Ejabberd API] Requesting registered_users from http://localhost:52810/api/ with user local-admin@local-jabber.entenhausen.pazz.de'[39m
LOG: '[Ejabberd API] Requesting registered_users from http://localhost:52810/api/ with user local-admin@local-jabber.entenhausen.pazz.de'
LOG LOG: [36m'[Ejabberd API] Response registered_users: 200 OK'[39m
LOG: '[Ejabberd API] Response registered_users: 200 OK'
LOG LOG: [36m'[Ejabberd API] Requesting check_account from http://localhost:52810/api/ with user local-admin@local-jabber.entenhausen.pazz.de'[39m
LOG: '[Ejabberd API] Requesting check_account from http://localhost:52810/api/ with user local-admin@local-jabber.entenhausen.pazz.de'
LOG LOG: [36m'[Ejabberd API] Response check_account: 200 OK'[39m
LOG: '[Ejabberd API] Response check_account: 200 OK'
LOG LOG: [36m'[Ejabberd API] Requesting register from http://localhost:52810/api/ with user local-admin@local-jabber.entenhausen.pazz.de'[39m
LOG: '[Ejabberd API] Requesting register from http://localhost:52810/api/ with user local-admin@local-jabber.entenhausen.pazz.de'
LOG LOG: [36m'[Ejabberd API] Response register: 200 OK'[39m
LOG: '[Ejabberd API] Response register: 200 OK'
LOG LOG: [36m'[Ejabberd API] Requesting registered_users from http://localhost:52810/api/ with user local-admin@local-jabber.entenhausen.pazz.de'[39m
LOG: '[Ejabberd API] Requesting registered_users from http://localhost:52810/api/ with user local-admin@local-jabber.entenhausen.pazz.de'
LOG LOG: [36m'[Ejabberd API] Response registered_users: 200 OK'[39m
LOG: '[Ejabberd API] Response registered_users: 200 OK'
LOG LOG: [36m'[Ejabberd API] Requesting check_account from http://localhost:52810/api/ with user local-admin@local-jabber.entenhausen.pazz.de'[39m
LOG: '[Ejabberd API] Requesting check_account from http://localhost:52810/api/ with user local-admin@local-jabber.entenhausen.pazz.de'
LOG LOG: [36m'[Ejabberd API] Response check_account: 200 OK'[39m
LOG: '[Ejabberd API] Response check_account: 200 OK'
LOG LOG: [36m'[Ejabberd API] Requesting register from http://localhost:52810/api/ with user local-admin@local-jabber.entenhausen.pazz.de'[39m
LOG: '[Ejabberd API] Requesting register from http://localhost:52810/api/ with user local-admin@local-jabber.entenhausen.pazz.de'
LOG LOG: [36m'[Ejabberd API] Response register: 200 OK'[39m
LOG: '[Ejabberd API] Response register: 200 OK'
WARN LOG: [36m'ChatService:', 'error handling message, stanza: <presence xmlns="jabber:client" xml:lang="en" to="princess@local-jabber.entenhausen.pazz.de/12416546184319789717521506" from="heroroom-ah3r38t@conference.local-jabber.entenhausen.pazz.de/princess" type="error"><x xmlns="http://jabber.org/protocol/muc"></x><error type="auth"><registration-required xmlns="urn:ietf:params:xml:ns:xmpp-stanzas"></registration-required><text xmlns="urn:ietf:params:xml:ns:xmpp-stanzas" xml:lang="en">Membership is required to enter this room</text></error></presence>'[39m
WARN: 'ChatService:', 'error handling message, stanza: <presence xmlns="jabber:client" xml:lang="en" to="princess@local-jabber.entenhausen.pazz.de/12416546184319789717521506" from="heroroom-ah3r38t@conference.local-jabber.entenhausen.pazz.de/princess" type="error"><x xmlns="http://jabber.org/protocol/muc"></x><error type="auth"><registration-required xmlns="urn:ietf:params:xml:ns:xmpp-stanzas"></registration-required><text xmlns="urn:ietf:params:xml:ns:xmpp-stanzas" xml:lang="en">Membership is required to enter this room</text></error></presence>'
LOG LOG: [36m'[Ejabberd API] Requesting destroy_room from http://localhost:52810/api/ with user local-admin@local-jabber.entenhausen.pazz.de'[39m
LOG: '[Ejabberd API] Requesting destroy_room from http://localhost:52810/api/ with user local-admin@local-jabber.entenhausen.pazz.de'
LOG LOG: [36m'[Ejabberd API] Requesting destroy_room from http://localhost:52810/api/ with user local-admin@local-jabber.entenhausen.pazz.de'[39m
LOG: '[Ejabberd API] Requesting destroy_room from http://localhost:52810/api/ with user local-admin@local-jabber.entenhausen.pazz.de'
LOG LOG: [36m'[Ejabberd API] Requesting destroy_room from http://localhost:52810/api/ with user local-admin@local-jabber.entenhausen.pazz.de'[39m
LOG: '[Ejabberd API] Requesting destroy_room from http://localhost:52810/api/ with user local-admin@local-jabber.entenhausen.pazz.de'
LOG LOG: [36m'[Ejabberd API] Requesting destroy_room from http://localhost:52810/api/ with user local-admin@local-jabber.entenhausen.pazz.de'[39m
LOG: '[Ejabberd API] Requesting destroy_room from http://localhost:52810/api/ with user local-admin@local-jabber.entenhausen.pazz.de'
LOG LOG: [36m'[Ejabberd API] Requesting destroy_room from http://localhost:52810/api/ with user local-admin@local-jabber.entenhausen.pazz.de'[39m
LOG: '[Ejabberd API] Requesting destroy_room from http://localhost:52810/api/ with user local-admin@local-jabber.entenhausen.pazz.de'
LOG LOG: [36m'[Ejabberd API] Requesting destroy_room from http://localhost:52810/api/ with user local-admin@local-jabber.entenhausen.pazz.de'[39m
LOG: '[Ejabberd API] Requesting destroy_room from http://localhost:52810/api/ with user local-admin@local-jabber.entenhausen.pazz.de'
LOG LOG: [36m'[Ejabberd API] Response destroy_room: 400 Bad Request'[39m
LOG: '[Ejabberd API] Response destroy_room: 400 Bad Request'
LOG LOG: [36m'[Ejabberd API] Response destroy_room: 400 Bad Request'[39m
LOG: '[Ejabberd API] Response destroy_room: 400 Bad Request'
LOG LOG: [36m'[Ejabberd API] Response destroy_room: 400 Bad Request'[39m
LOG: '[Ejabberd API] Response destroy_room: 400 Bad Request'
LOG LOG: [36m'[Ejabberd API] Response destroy_room: 400 Bad Request'[39m
LOG: '[Ejabberd API] Response destroy_room: 400 Bad Request'
LOG LOG: [36m'[Ejabberd API] Response destroy_room: 400 Bad Request'[39m
LOG: '[Ejabberd API] Response destroy_room: 400 Bad Request'
LOG LOG: [36m'[Ejabberd API] Response destroy_room: 400 Bad Request'[39m
LOG: '[Ejabberd API] Response destroy_room: 400 Bad Request'
LOG LOG: [36m'[Ejabberd API] Requesting registered_users from http://localhost:52810/api/ with user local-admin@local-jabber.entenhausen.pazz.de'[39m
LOG: '[Ejabberd API] Requesting registered_users from http://localhost:52810/api/ with user local-admin@local-jabber.entenhausen.pazz.de'
LOG LOG: [36m'[Ejabberd API] Requesting registered_users from http://localhost:52810/api/ with user local-admin@local-jabber.entenhausen.pazz.de'[39m
LOG: '[Ejabberd API] Requesting registered_users from http://localhost:52810/api/ with user local-admin@local-jabber.entenhausen.pazz.de'
LOG LOG: [36m'[Ejabberd API] Requesting registered_users from http://localhost:52810/api/ with user local-admin@local-jabber.entenhausen.pazz.de'[39m
LOG: '[Ejabberd API] Requesting registered_users from http://localhost:52810/api/ with user local-admin@local-jabber.entenhausen.pazz.de'
LOG LOG: [36m'[Ejabberd API] Requesting registered_users from http://localhost:52810/api/ with user local-admin@local-jabber.entenhausen.pazz.de'[39m
LOG: '[Ejabberd API] Requesting registered_users from http://localhost:52810/api/ with user local-admin@local-jabber.entenhausen.pazz.de'
LOG LOG: [36m'[Ejabberd API] Requesting registered_users from http://localhost:52810/api/ with user local-admin@local-jabber.entenhausen.pazz.de'[39m
LOG: '[Ejabberd API] Requesting registered_users from http://localhost:52810/api/ with user local-admin@local-jabber.entenhausen.pazz.de'
LOG LOG: [36m'[Ejabberd API] Response registered_users: 200 OK'[39m
LOG: '[Ejabberd API] Response registered_users: 200 OK'
LOG LOG: [36m'[Ejabberd API] Response registered_users: 200 OK'[39m
LOG: '[Ejabberd API] Response registered_users: 200 OK'
LOG LOG: [36m'[Ejabberd API] Response registered_users: 200 OK'[39m
LOG: '[Ejabberd API] Response registered_users: 200 OK'
LOG LOG: [36m'[Ejabberd API] Response registered_users: 200 OK'[39m
LOG: '[Ejabberd API] Response registered_users: 200 OK'
LOG LOG: [36m'[Ejabberd API] Response registered_users: 200 OK'[39m
LOG: '[Ejabberd API] Response registered_users: 200 OK'
LOG LOG: [36m'[Ejabberd API] Requesting check_account from http://localhost:52810/api/ with user local-admin@local-jabber.entenhausen.pazz.de'[39m
LOG: '[Ejabberd API] Requesting check_account from http://localhost:52810/api/ with user local-admin@local-jabber.entenhausen.pazz.de'
LOG LOG: [36m'[Ejabberd API] Requesting check_account from http://localhost:52810/api/ with user local-admin@local-jabber.entenhausen.pazz.de'[39m
LOG: '[Ejabberd API] Requesting check_account from http://localhost:52810/api/ with user local-admin@local-jabber.entenhausen.pazz.de'
LOG LOG: [36m'[Ejabberd API] Response check_account: 200 OK'[39m
LOG: '[Ejabberd API] Response check_account: 200 OK'
LOG LOG: [36m'[Ejabberd API] Response check_account: 200 OK'[39m
LOG: '[Ejabberd API] Response check_account: 200 OK'
LOG LOG: [36m'[Ejabberd API] Requesting unregister from http://localhost:52810/api/ with user local-admin@local-jabber.entenhausen.pazz.de'[39m
LOG: '[Ejabberd API] Requesting unregister from http://localhost:52810/api/ with user local-admin@local-jabber.entenhausen.pazz.de'
LOG LOG: [36m'[Ejabberd API] Requesting unregister from http://localhost:52810/api/ with user local-admin@local-jabber.entenhausen.pazz.de'[39m
LOG: '[Ejabberd API] Requesting unregister from http://localhost:52810/api/ with user local-admin@local-jabber.entenhausen.pazz.de'
LOG LOG: [36m'[Ejabberd API] Response unregister: 200 OK'[39m
LOG: '[Ejabberd API] Response unregister: 200 OK'
LOG LOG: [36m'[Ejabberd API] Response unregister: 200 OK'[39m
LOG: '[Ejabberd API] Response unregister: 200 OK'
      [32m✓ [39mshould throw if another user already created the room
LOG LOG: [36m'[Ejabberd API] Requesting muc_online_rooms from http://localhost:52810/api/ with user local-admin@local-jabber.entenhausen.pazz.de'[39m
LOG: '[Ejabberd API] Requesting muc_online_rooms from http://localhost:52810/api/ with user local-admin@local-jabber.entenhausen.pazz.de'
LOG LOG: [36m'[Ejabberd API] Response muc_online_rooms: 200 OK'[39m
LOG: '[Ejabberd API] Response muc_online_rooms: 200 OK'
LOG LOG: [36m'[Ejabberd API] Requesting registered_users from http://localhost:52810/api/ with user local-admin@local-jabber.entenhausen.pazz.de'[39m
LOG: '[Ejabberd API] Requesting registered_users from http://localhost:52810/api/ with user local-admin@local-jabber.entenhausen.pazz.de'
LOG LOG: [36m'[Ejabberd API] Response registered_users: 200 OK'[39m
LOG: '[Ejabberd API] Response registered_users: 200 OK'
LOG LOG: [36m'[Ejabberd API] Requesting registered_users from http://localhost:52810/api/ with user local-admin@local-jabber.entenhausen.pazz.de'[39m
LOG: '[Ejabberd API] Requesting registered_users from http://localhost:52810/api/ with user local-admin@local-jabber.entenhausen.pazz.de'
LOG LOG: [36m'[Ejabberd API] Requesting registered_users from http://localhost:52810/api/ with user local-admin@local-jabber.entenhausen.pazz.de'[39m
LOG: '[Ejabberd API] Requesting registered_users from http://localhost:52810/api/ with user local-admin@local-jabber.entenhausen.pazz.de'
LOG LOG: [36m'[Ejabberd API] Requesting registered_users from http://localhost:52810/api/ with user local-admin@local-jabber.entenhausen.pazz.de'[39m
LOG: '[Ejabberd API] Requesting registered_users from http://localhost:52810/api/ with user local-admin@local-jabber.entenhausen.pazz.de'
LOG LOG: [36m'[Ejabberd API] Requesting registered_users from http://localhost:52810/api/ with user local-admin@local-jabber.entenhausen.pazz.de'[39m
LOG: '[Ejabberd API] Requesting registered_users from http://localhost:52810/api/ with user local-admin@local-jabber.entenhausen.pazz.de'
LOG LOG: [36m'[Ejabberd API] Requesting registered_users from http://localhost:52810/api/ with user local-admin@local-jabber.entenhausen.pazz.de'[39m
LOG: '[Ejabberd API] Requesting registered_users from http://localhost:52810/api/ with user local-admin@local-jabber.entenhausen.pazz.de'
LOG LOG: [36m'[Ejabberd API] Response registered_users: 200 OK'[39m
LOG: '[Ejabberd API] Response registered_users: 200 OK'
LOG LOG: [36m'[Ejabberd API] Response registered_users: 200 OK'[39m
LOG: '[Ejabberd API] Response registered_users: 200 OK'
LOG LOG: [36m'[Ejabberd API] Response registered_users: 200 OK'[39m
LOG: '[Ejabberd API] Response registered_users: 200 OK'
LOG LOG: [36m'[Ejabberd API] Response registered_users: 200 OK'[39m
LOG: '[Ejabberd API] Response registered_users: 200 OK'
LOG LOG: [36m'[Ejabberd API] Response registered_users: 200 OK'[39m
LOG: '[Ejabberd API] Response registered_users: 200 OK'
LOG LOG: [36m'[Ejabberd API] Requesting registered_users from http://localhost:52810/api/ with user local-admin@local-jabber.entenhausen.pazz.de'[39m
LOG: '[Ejabberd API] Requesting registered_users from http://localhost:52810/api/ with user local-admin@local-jabber.entenhausen.pazz.de'
LOG LOG: [36m'[Ejabberd API] Response registered_users: 200 OK'[39m
LOG: '[Ejabberd API] Response registered_users: 200 OK'
LOG LOG: [36m'[Ejabberd API] Requesting check_account from http://localhost:52810/api/ with user local-admin@local-jabber.entenhausen.pazz.de'[39m
LOG: '[Ejabberd API] Requesting check_account from http://localhost:52810/api/ with user local-admin@local-jabber.entenhausen.pazz.de'
LOG LOG: [36m'[Ejabberd API] Response check_account: 200 OK'[39m
LOG: '[Ejabberd API] Response check_account: 200 OK'
LOG LOG: [36m'[Ejabberd API] Requesting register from http://localhost:52810/api/ with user local-admin@local-jabber.entenhausen.pazz.de'[39m
LOG: '[Ejabberd API] Requesting register from http://localhost:52810/api/ with user local-admin@local-jabber.entenhausen.pazz.de'
LOG LOG: [36m'[Ejabberd API] Response register: 200 OK'[39m
LOG: '[Ejabberd API] Response register: 200 OK'
LOG LOG: [36m'[Ejabberd API] Requesting destroy_room from http://localhost:52810/api/ with user local-admin@local-jabber.entenhausen.pazz.de'[39m
LOG: '[Ejabberd API] Requesting destroy_room from http://localhost:52810/api/ with user local-admin@local-jabber.entenhausen.pazz.de'
LOG LOG: [36m'[Ejabberd API] Requesting destroy_room from http://localhost:52810/api/ with user local-admin@local-jabber.entenhausen.pazz.de'[39m
LOG: '[Ejabberd API] Requesting destroy_room from http://localhost:52810/api/ with user local-admin@local-jabber.entenhausen.pazz.de'
LOG LOG: [36m'[Ejabberd API] Requesting destroy_room from http://localhost:52810/api/ with user local-admin@local-jabber.entenhausen.pazz.de'[39m
LOG: '[Ejabberd API] Requesting destroy_room from http://localhost:52810/api/ with user local-admin@local-jabber.entenhausen.pazz.de'
LOG LOG: [36m'[Ejabberd API] Requesting destroy_room from http://localhost:52810/api/ with user local-admin@local-jabber.entenhausen.pazz.de'[39m
LOG: '[Ejabberd API] Requesting destroy_room from http://localhost:52810/api/ with user local-admin@local-jabber.entenhausen.pazz.de'
LOG LOG: [36m'[Ejabberd API] Requesting destroy_room from http://localhost:52810/api/ with user local-admin@local-jabber.entenhausen.pazz.de'[39m
LOG: '[Ejabberd API] Requesting destroy_room from http://localhost:52810/api/ with user local-admin@local-jabber.entenhausen.pazz.de'
LOG LOG: [36m'[Ejabberd API] Requesting destroy_room from http://localhost:52810/api/ with user local-admin@local-jabber.entenhausen.pazz.de'[39m
LOG: '[Ejabberd API] Requesting destroy_room from http://localhost:52810/api/ with user local-admin@local-jabber.entenhausen.pazz.de'
LOG LOG: [36m'[Ejabberd API] Response destroy_room: 400 Bad Request'[39m
LOG: '[Ejabberd API] Response destroy_room: 400 Bad Request'
LOG LOG: [36m'[Ejabberd API] Response destroy_room: 400 Bad Request'[39m
LOG: '[Ejabberd API] Response destroy_room: 400 Bad Request'
LOG LOG: [36m'[Ejabberd API] Response destroy_room: 400 Bad Request'[39m
LOG: '[Ejabberd API] Response destroy_room: 400 Bad Request'
LOG LOG: [36m'[Ejabberd API] Response destroy_room: 400 Bad Request'[39m
LOG: '[Ejabberd API] Response destroy_room: 400 Bad Request'
LOG LOG: [36m'[Ejabberd API] Response destroy_room: 400 Bad Request'[39m
LOG: '[Ejabberd API] Response destroy_room: 400 Bad Request'
LOG LOG: [36m'[Ejabberd API] Response destroy_room: 400 Bad Request'[39m
LOG: '[Ejabberd API] Response destroy_room: 400 Bad Request'
LOG LOG: [36m'[Ejabberd API] Requesting registered_users from http://localhost:52810/api/ with user local-admin@local-jabber.entenhausen.pazz.de'[39m
LOG: '[Ejabberd API] Requesting registered_users from http://localhost:52810/api/ with user local-admin@local-jabber.entenhausen.pazz.de'
LOG LOG: [36m'[Ejabberd API] Requesting registered_users from http://localhost:52810/api/ with user local-admin@local-jabber.entenhausen.pazz.de'[39m
LOG: '[Ejabberd API] Requesting registered_users from http://localhost:52810/api/ with user local-admin@local-jabber.entenhausen.pazz.de'
LOG LOG: [36m'[Ejabberd API] Requesting registered_users from http://localhost:52810/api/ with user local-admin@local-jabber.entenhausen.pazz.de'[39m
LOG: '[Ejabberd API] Requesting registered_users from http://localhost:52810/api/ with user local-admin@local-jabber.entenhausen.pazz.de'
LOG LOG: [36m'[Ejabberd API] Requesting registered_users from http://localhost:52810/api/ with user local-admin@local-jabber.entenhausen.pazz.de'[39m
LOG: '[Ejabberd API] Requesting registered_users from http://localhost:52810/api/ with user local-admin@local-jabber.entenhausen.pazz.de'
LOG LOG: [36m'[Ejabberd API] Requesting registered_users from http://localhost:52810/api/ with user local-admin@local-jabber.entenhausen.pazz.de'[39m
LOG: '[Ejabberd API] Requesting registered_users from http://localhost:52810/api/ with user local-admin@local-jabber.entenhausen.pazz.de'
LOG LOG: [36m'[Ejabberd API] Response registered_users: 200 OK'[39m
LOG: '[Ejabberd API] Response registered_users: 200 OK'
LOG LOG: [36m'[Ejabberd API] Response registered_users: 200 OK'[39m
LOG: '[Ejabberd API] Response registered_users: 200 OK'
LOG LOG: [36m'[Ejabberd API] Response registered_users: 200 OK'[39m
LOG: '[Ejabberd API] Response registered_users: 200 OK'
LOG LOG: [36m'[Ejabberd API] Requesting check_account from http://localhost:52810/api/ with user local-admin@local-jabber.entenhausen.pazz.de'[39m
LOG: '[Ejabberd API] Requesting check_account from http://localhost:52810/api/ with user local-admin@local-jabber.entenhausen.pazz.de'
LOG LOG: [36m'[Ejabberd API] Response registered_users: 200 OK'[39m
LOG: '[Ejabberd API] Response registered_users: 200 OK'
LOG LOG: [36m'[Ejabberd API] Response registered_users: 200 OK'[39m
LOG: '[Ejabberd API] Response registered_users: 200 OK'
LOG LOG: [36m'[Ejabberd API] Response check_account: 200 OK'[39m
LOG: '[Ejabberd API] Response check_account: 200 OK'
LOG LOG: [36m'[Ejabberd API] Requesting unregister from http://localhost:52810/api/ with user local-admin@local-jabber.entenhausen.pazz.de'[39m
LOG: '[Ejabberd API] Requesting unregister from http://localhost:52810/api/ with user local-admin@local-jabber.entenhausen.pazz.de'
LOG LOG: [36m'[Ejabberd API] Response unregister: 200 OK'[39m
LOG: '[Ejabberd API] Response unregister: 200 OK'
      [32m✓ [39mshould allow users to create and configure rooms
LOG LOG: [36m'[Ejabberd API] Requesting muc_online_rooms from http://localhost:52810/api/ with user local-admin@local-jabber.entenhausen.pazz.de'[39m
LOG: '[Ejabberd API] Requesting muc_online_rooms from http://localhost:52810/api/ with user local-admin@local-jabber.entenhausen.pazz.de'
LOG LOG: [36m'[Ejabberd API] Response muc_online_rooms: 200 OK'[39m
LOG: '[Ejabberd API] Response muc_online_rooms: 200 OK'
LOG LOG: [36m'[Ejabberd API] Requesting registered_users from http://localhost:52810/api/ with user local-admin@local-jabber.entenhausen.pazz.de'[39m
LOG: '[Ejabberd API] Requesting registered_users from http://localhost:52810/api/ with user local-admin@local-jabber.entenhausen.pazz.de'
LOG LOG: [36m'[Ejabberd API] Response registered_users: 200 OK'[39m
LOG: '[Ejabberd API] Response registered_users: 200 OK'
LOG LOG: [36m'[Ejabberd API] Requesting registered_users from http://localhost:52810/api/ with user local-admin@local-jabber.entenhausen.pazz.de'[39m
LOG: '[Ejabberd API] Requesting registered_users from http://localhost:52810/api/ with user local-admin@local-jabber.entenhausen.pazz.de'
LOG LOG: [36m'[Ejabberd API] Requesting registered_users from http://localhost:52810/api/ with user local-admin@local-jabber.entenhausen.pazz.de'[39m
LOG: '[Ejabberd API] Requesting registered_users from http://localhost:52810/api/ with user local-admin@local-jabber.entenhausen.pazz.de'
LOG LOG: [36m'[Ejabberd API] Requesting registered_users from http://localhost:52810/api/ with user local-admin@local-jabber.entenhausen.pazz.de'[39m
LOG: '[Ejabberd API] Requesting registered_users from http://localhost:52810/api/ with user local-admin@local-jabber.entenhausen.pazz.de'
LOG LOG: [36m'[Ejabberd API] Requesting registered_users from http://localhost:52810/api/ with user local-admin@local-jabber.entenhausen.pazz.de'[39m
LOG: '[Ejabberd API] Requesting registered_users from http://localhost:52810/api/ with user local-admin@local-jabber.entenhausen.pazz.de'
LOG LOG: [36m'[Ejabberd API] Requesting registered_users from http://localhost:52810/api/ with user local-admin@local-jabber.entenhausen.pazz.de'[39m
LOG: '[Ejabberd API] Requesting registered_users from http://localhost:52810/api/ with user local-admin@local-jabber.entenhausen.pazz.de'
LOG LOG: [36m'[Ejabberd API] Response registered_users: 200 OK'[39m
LOG: '[Ejabberd API] Response registered_users: 200 OK'
LOG LOG: [36m'[Ejabberd API] Response registered_users: 200 OK'[39m
LOG: '[Ejabberd API] Response registered_users: 200 OK'
LOG LOG: [36m'[Ejabberd API] Response registered_users: 200 OK'[39m
LOG: '[Ejabberd API] Response registered_users: 200 OK'
LOG LOG: [36m'[Ejabberd API] Response registered_users: 200 OK'[39m
LOG: '[Ejabberd API] Response registered_users: 200 OK'
LOG LOG: [36m'[Ejabberd API] Response registered_users: 200 OK'[39m
LOG: '[Ejabberd API] Response registered_users: 200 OK'
LOG LOG: [36m'[Ejabberd API] Requesting registered_users from http://localhost:52810/api/ with user local-admin@local-jabber.entenhausen.pazz.de'[39m
LOG: '[Ejabberd API] Requesting registered_users from http://localhost:52810/api/ with user local-admin@local-jabber.entenhausen.pazz.de'
LOG LOG: [36m'[Ejabberd API] Response registered_users: 200 OK'[39m
LOG: '[Ejabberd API] Response registered_users: 200 OK'
LOG LOG: [36m'[Ejabberd API] Requesting check_account from http://localhost:52810/api/ with user local-admin@local-jabber.entenhausen.pazz.de'[39m
LOG: '[Ejabberd API] Requesting check_account from http://localhost:52810/api/ with user local-admin@local-jabber.entenhausen.pazz.de'
LOG LOG: [36m'[Ejabberd API] Response check_account: 200 OK'[39m
LOG: '[Ejabberd API] Response check_account: 200 OK'
LOG LOG: [36m'[Ejabberd API] Requesting register from http://localhost:52810/api/ with user local-admin@local-jabber.entenhausen.pazz.de'[39m
LOG: '[Ejabberd API] Requesting register from http://localhost:52810/api/ with user local-admin@local-jabber.entenhausen.pazz.de'
LOG LOG: [36m'[Ejabberd API] Response register: 200 OK'[39m
LOG: '[Ejabberd API] Response register: 200 OK'
LOG LOG: [36m'[Ejabberd API] Requesting destroy_room from http://localhost:52810/api/ with user local-admin@local-jabber.entenhausen.pazz.de'[39m
LOG: '[Ejabberd API] Requesting destroy_room from http://localhost:52810/api/ with user local-admin@local-jabber.entenhausen.pazz.de'
LOG LOG: [36m'[Ejabberd API] Requesting destroy_room from http://localhost:52810/api/ with user local-admin@local-jabber.entenhausen.pazz.de'[39m
LOG: '[Ejabberd API] Requesting destroy_room from http://localhost:52810/api/ with user local-admin@local-jabber.entenhausen.pazz.de'
LOG LOG: [36m'[Ejabberd API] Requesting destroy_room from http://localhost:52810/api/ with user local-admin@local-jabber.entenhausen.pazz.de'[39m
LOG: '[Ejabberd API] Requesting destroy_room from http://localhost:52810/api/ with user local-admin@local-jabber.entenhausen.pazz.de'
LOG LOG: [36m'[Ejabberd API] Requesting destroy_room from http://localhost:52810/api/ with user local-admin@local-jabber.entenhausen.pazz.de'[39m
LOG: '[Ejabberd API] Requesting destroy_room from http://localhost:52810/api/ with user local-admin@local-jabber.entenhausen.pazz.de'
LOG LOG: [36m'[Ejabberd API] Requesting destroy_room from http://localhost:52810/api/ with user local-admin@local-jabber.entenhausen.pazz.de'[39m
LOG: '[Ejabberd API] Requesting destroy_room from http://localhost:52810/api/ with user local-admin@local-jabber.entenhausen.pazz.de'
LOG LOG: [36m'[Ejabberd API] Requesting destroy_room from http://localhost:52810/api/ with user local-admin@local-jabber.entenhausen.pazz.de'[39m
LOG: '[Ejabberd API] Requesting destroy_room from http://localhost:52810/api/ with user local-admin@local-jabber.entenhausen.pazz.de'
LOG LOG: [36m'[Ejabberd API] Response destroy_room: 400 Bad Request'[39m
LOG: '[Ejabberd API] Response destroy_room: 400 Bad Request'
LOG LOG: [36m'[Ejabberd API] Response destroy_room: 400 Bad Request'[39m
LOG: '[Ejabberd API] Response destroy_room: 400 Bad Request'
LOG LOG: [36m'[Ejabberd API] Response destroy_room: 400 Bad Request'[39m
LOG: '[Ejabberd API] Response destroy_room: 400 Bad Request'
LOG LOG: [36m'[Ejabberd API] Response destroy_room: 400 Bad Request'[39m
LOG: '[Ejabberd API] Response destroy_room: 400 Bad Request'
LOG LOG: [36m'[Ejabberd API] Response destroy_room: 400 Bad Request'[39m
LOG: '[Ejabberd API] Response destroy_room: 400 Bad Request'
LOG LOG: [36m'[Ejabberd API] Response destroy_room: 400 Bad Request'[39m
LOG: '[Ejabberd API] Response destroy_room: 400 Bad Request'
LOG LOG: [36m'[Ejabberd API] Requesting registered_users from http://localhost:52810/api/ with user local-admin@local-jabber.entenhausen.pazz.de'[39m
LOG: '[Ejabberd API] Requesting registered_users from http://localhost:52810/api/ with user local-admin@local-jabber.entenhausen.pazz.de'
LOG LOG: [36m'[Ejabberd API] Requesting registered_users from http://localhost:52810/api/ with user local-admin@local-jabber.entenhausen.pazz.de'[39m
LOG: '[Ejabberd API] Requesting registered_users from http://localhost:52810/api/ with user local-admin@local-jabber.entenhausen.pazz.de'
LOG LOG: [36m'[Ejabberd API] Requesting registered_users from http://localhost:52810/api/ with user local-admin@local-jabber.entenhausen.pazz.de'[39m
LOG: '[Ejabberd API] Requesting registered_users from http://localhost:52810/api/ with user local-admin@local-jabber.entenhausen.pazz.de'
LOG LOG: [36m'[Ejabberd API] Requesting registered_users from http://localhost:52810/api/ with user local-admin@local-jabber.entenhausen.pazz.de'[39m
LOG: '[Ejabberd API] Requesting registered_users from http://localhost:52810/api/ with user local-admin@local-jabber.entenhausen.pazz.de'
LOG LOG: [36m'[Ejabberd API] Requesting registered_users from http://localhost:52810/api/ with user local-admin@local-jabber.entenhausen.pazz.de'[39m
LOG: '[Ejabberd API] Requesting registered_users from http://localhost:52810/api/ with user local-admin@local-jabber.entenhausen.pazz.de'
LOG LOG: [36m'[Ejabberd API] Response registered_users: 200 OK'[39m
LOG: '[Ejabberd API] Response registered_users: 200 OK'
LOG LOG: [36m'[Ejabberd API] Response registered_users: 200 OK'[39m
LOG: '[Ejabberd API] Response registered_users: 200 OK'
LOG LOG: [36m'[Ejabberd API] Response registered_users: 200 OK'[39m
LOG: '[Ejabberd API] Response registered_users: 200 OK'
LOG LOG: [36m'[Ejabberd API] Response registered_users: 200 OK'[39m
LOG: '[Ejabberd API] Response registered_users: 200 OK'
LOG LOG: [36m'[Ejabberd API] Response registered_users: 200 OK'[39m
LOG: '[Ejabberd API] Response registered_users: 200 OK'
LOG LOG: [36m'[Ejabberd API] Requesting check_account from http://localhost:52810/api/ with user local-admin@local-jabber.entenhausen.pazz.de'[39m
LOG: '[Ejabberd API] Requesting check_account from http://localhost:52810/api/ with user local-admin@local-jabber.entenhausen.pazz.de'
LOG LOG: [36m'[Ejabberd API] Response check_account: 200 OK'[39m
LOG: '[Ejabberd API] Response check_account: 200 OK'
LOG LOG: [36m'[Ejabberd API] Requesting unregister from http://localhost:52810/api/ with user local-admin@local-jabber.entenhausen.pazz.de'[39m
LOG: '[Ejabberd API] Requesting unregister from http://localhost:52810/api/ with user local-admin@local-jabber.entenhausen.pazz.de'
LOG LOG: [36m'[Ejabberd API] Response unregister: 200 OK'[39m
LOG: '[Ejabberd API] Response unregister: 200 OK'
      [32m✓ [39mshould be able to create multiple rooms
Chrome Headless 115.0.5790.98 (Mac OS 10.15.7): Executed 15 of 17[31m (3 FAILED)[39m (skipped 2) (3 mins 2.098 secs / 3 mins 2.077 secs)
[31mTOTAL: 3 FAILED, 12 SUCCESS[39m
[32m✔[39m Browser application bundle generation complete.
[32m✔[39m Browser application bundle generation complete.



 NX   Running target test for project ngx-xmpp failed

Failed tasks:

- ngx-xmpp:test

Hint: run the command with --verbose for more details.

