
> nx run ngx-xmpp:test --browsers=ChromeHeadlessInsecure --watch=false --include=**/multi-user-chat.plugin.spec.ts

Browserslist: caniuse-lite is outdated. Please run:
  npx update-browserslist-db@latest
  Why you should do it regularly: https://github.com/browserslist/update-db#readme
- Generating browser application bundles (phase: setup)...
[32m✔[39m Browser application bundle generation complete.
[32m01 01 2026 00:40:22.834:INFO [karma-server]: [39mKarma v6.4.2 server started at http://localhost:9877/
[32m01 01 2026 00:40:22.835:INFO [launcher]: [39mLaunching browsers ChromeHeadlessInsecure with concurrency unlimited
[32m01 01 2026 00:40:22.838:INFO [launcher]: [39mStarting browser ChromeHeadless
[32m01 01 2026 00:40:23.440:INFO [Chrome Headless 115.0.5790.98 (Mac OS 10.15.7)]: [39mConnected on socket rI1_OdQICTG_iP4lAAAB with id 91481108
LOG LOG: [36m'[Ejabberd API] Requesting muc_online_rooms from http://localhost:52810/api/ with user local-admin@local-jabber.entenhausen.pazz.de'[39m
LOG: '[Ejabberd API] Requesting muc_online_rooms from http://localhost:52810/api/ with user local-admin@local-jabber.entenhausen.pazz.de'
LOG LOG: [36m'[Ejabberd API] Response muc_online_rooms: 200 OK'[39m
LOG: '[Ejabberd API] Response muc_online_rooms: 200 OK'
LOG LOG: [36m'[Ejabberd API] Requesting destroy_room from http://localhost:52810/api/ with user local-admin@local-jabber.entenhausen.pazz.de'[39m
LOG: '[Ejabberd API] Requesting destroy_room from http://localhost:52810/api/ with user local-admin@local-jabber.entenhausen.pazz.de'
LOG LOG: [36m'[Ejabberd API] Response destroy_room: 200 OK'[39m
LOG: '[Ejabberd API] Response destroy_room: 200 OK'
LOG LOG: [36m'[Ejabberd API] Requesting registered_users from http://localhost:52810/api/ with user local-admin@local-jabber.entenhausen.pazz.de'[39m
LOG: '[Ejabberd API] Requesting registered_users from http://localhost:52810/api/ with user local-admin@local-jabber.entenhausen.pazz.de'
LOG LOG: [36m'[Ejabberd API] Response registered_users: 200 OK'[39m
LOG: '[Ejabberd API] Response registered_users: 200 OK'
LOG LOG: [36m'[Ejabberd API] Requesting check_account from http://localhost:52810/api/ with user local-admin@local-jabber.entenhausen.pazz.de'[39m
LOG: '[Ejabberd API] Requesting check_account from http://localhost:52810/api/ with user local-admin@local-jabber.entenhausen.pazz.de'
LOG LOG: [36m'[Ejabberd API] Response check_account: 200 OK'[39m
LOG: '[Ejabberd API] Response check_account: 200 OK'
LOG LOG: [36m'[Ejabberd API] Requesting unregister from http://localhost:52810/api/ with user local-admin@local-jabber.entenhausen.pazz.de'[39m
LOG: '[Ejabberd API] Requesting unregister from http://localhost:52810/api/ with user local-admin@local-jabber.entenhausen.pazz.de'
LOG LOG: [36m'[Ejabberd API] Response unregister: 200 OK'[39m
LOG: '[Ejabberd API] Response unregister: 200 OK'
LOG LOG: [36m'[Ejabberd API] Requesting check_account from http://localhost:52810/api/ with user local-admin@local-jabber.entenhausen.pazz.de'[39m
LOG: '[Ejabberd API] Requesting check_account from http://localhost:52810/api/ with user local-admin@local-jabber.entenhausen.pazz.de'
LOG LOG: [36m'[Ejabberd API] Response check_account: 200 OK'[39m
LOG: '[Ejabberd API] Response check_account: 200 OK'
LOG LOG: [36m'[Ejabberd API] Requesting unregister from http://localhost:52810/api/ with user local-admin@local-jabber.entenhausen.pazz.de'[39m
LOG: '[Ejabberd API] Requesting unregister from http://localhost:52810/api/ with user local-admin@local-jabber.entenhausen.pazz.de'
LOG LOG: [36m'[Ejabberd API] Response unregister: 200 OK'[39m
LOG: '[Ejabberd API] Response unregister: 200 OK'
LOG LOG: [36m'[Ejabberd API] Requesting registered_users from http://localhost:52810/api/ with user local-admin@local-jabber.entenhausen.pazz.de'[39m
LOG: '[Ejabberd API] Requesting registered_users from http://localhost:52810/api/ with user local-admin@local-jabber.entenhausen.pazz.de'
LOG LOG: [36m'[Ejabberd API] Requesting registered_users from http://localhost:52810/api/ with user local-admin@local-jabber.entenhausen.pazz.de'[39m
LOG: '[Ejabberd API] Requesting registered_users from http://localhost:52810/api/ with user local-admin@local-jabber.entenhausen.pazz.de'
LOG LOG: [36m'[Ejabberd API] Requesting registered_users from http://localhost:52810/api/ with user local-admin@local-jabber.entenhausen.pazz.de'[39m
LOG: '[Ejabberd API] Requesting registered_users from http://localhost:52810/api/ with user local-admin@local-jabber.entenhausen.pazz.de'
LOG LOG: [36m'[Ejabberd API] Requesting registered_users from http://localhost:52810/api/ with user local-admin@local-jabber.entenhausen.pazz.de'[39m
LOG: '[Ejabberd API] Requesting registered_users from http://localhost:52810/api/ with user local-admin@local-jabber.entenhausen.pazz.de'
LOG LOG: [36m'[Ejabberd API] Requesting registered_users from http://localhost:52810/api/ with user local-admin@local-jabber.entenhausen.pazz.de'[39m
LOG: '[Ejabberd API] Requesting registered_users from http://localhost:52810/api/ with user local-admin@local-jabber.entenhausen.pazz.de'
LOG LOG: [36m'[Ejabberd API] Response registered_users: 200 OK'[39m
LOG: '[Ejabberd API] Response registered_users: 200 OK'
LOG LOG: [36m'[Ejabberd API] Response registered_users: 200 OK'[39m
LOG: '[Ejabberd API] Response registered_users: 200 OK'
LOG LOG: [36m'[Ejabberd API] Response registered_users: 200 OK'[39m
LOG: '[Ejabberd API] Response registered_users: 200 OK'
LOG LOG: [36m'[Ejabberd API] Response registered_users: 200 OK'[39m
LOG: '[Ejabberd API] Response registered_users: 200 OK'
LOG LOG: [36m'[Ejabberd API] Response registered_users: 200 OK'[39m
LOG: '[Ejabberd API] Response registered_users: 200 OK'
LOG LOG: [36m'[Ejabberd API] Requesting registered_users from http://localhost:52810/api/ with user local-admin@local-jabber.entenhausen.pazz.de'[39m
LOG: '[Ejabberd API] Requesting registered_users from http://localhost:52810/api/ with user local-admin@local-jabber.entenhausen.pazz.de'
LOG LOG: [36m'[Ejabberd API] Response registered_users: 200 OK'[39m
LOG: '[Ejabberd API] Response registered_users: 200 OK'
LOG LOG: [36m'[Ejabberd API] Requesting check_account from http://localhost:52810/api/ with user local-admin@local-jabber.entenhausen.pazz.de'[39m
LOG: '[Ejabberd API] Requesting check_account from http://localhost:52810/api/ with user local-admin@local-jabber.entenhausen.pazz.de'
LOG LOG: [36m'[Ejabberd API] Response check_account: 200 OK'[39m
LOG: '[Ejabberd API] Response check_account: 200 OK'
LOG LOG: [36m'[Ejabberd API] Requesting register from http://localhost:52810/api/ with user local-admin@local-jabber.entenhausen.pazz.de'[39m
LOG: '[Ejabberd API] Requesting register from http://localhost:52810/api/ with user local-admin@local-jabber.entenhausen.pazz.de'
LOG LOG: [36m'[Ejabberd API] Response register: 200 OK'[39m
LOG: '[Ejabberd API] Response register: 200 OK'
LOG LOG: [36m'[Ejabberd API] Requesting registered_users from http://localhost:52810/api/ with user local-admin@local-jabber.entenhausen.pazz.de'[39m
LOG: '[Ejabberd API] Requesting registered_users from http://localhost:52810/api/ with user local-admin@local-jabber.entenhausen.pazz.de'
LOG LOG: [36m'[Ejabberd API] Response registered_users: 200 OK'[39m
LOG: '[Ejabberd API] Response registered_users: 200 OK'
LOG LOG: [36m'[Ejabberd API] Requesting check_account from http://localhost:52810/api/ with user local-admin@local-jabber.entenhausen.pazz.de'[39m
LOG: '[Ejabberd API] Requesting check_account from http://localhost:52810/api/ with user local-admin@local-jabber.entenhausen.pazz.de'
LOG LOG: [36m'[Ejabberd API] Response check_account: 200 OK'[39m
LOG: '[Ejabberd API] Response check_account: 200 OK'
LOG LOG: [36m'[Ejabberd API] Requesting register from http://localhost:52810/api/ with user local-admin@local-jabber.entenhausen.pazz.de'[39m
LOG: '[Ejabberd API] Requesting register from http://localhost:52810/api/ with user local-admin@local-jabber.entenhausen.pazz.de'
LOG LOG: [36m'[Ejabberd API] Response register: 200 OK'[39m
LOG: '[Ejabberd API] Response register: 200 OK'
LOG LOG: [36m'[Ejabberd API] Requesting get_room_occupants from http://localhost:52810/api/ with user local-admin@local-jabber.entenhausen.pazz.de'[39m
LOG: '[Ejabberd API] Requesting get_room_occupants from http://localhost:52810/api/ with user local-admin@local-jabber.entenhausen.pazz.de'
LOG LOG: [36m'[Ejabberd API] Response get_room_occupants: 200 OK'[39m
LOG: '[Ejabberd API] Response get_room_occupants: 200 OK'
LOG LOG: [36m'[Ejabberd API] Requesting destroy_room from http://localhost:52810/api/ with user local-admin@local-jabber.entenhausen.pazz.de'[39m
LOG: '[Ejabberd API] Requesting destroy_room from http://localhost:52810/api/ with user local-admin@local-jabber.entenhausen.pazz.de'
LOG LOG: [36m'[Ejabberd API] Requesting destroy_room from http://localhost:52810/api/ with user local-admin@local-jabber.entenhausen.pazz.de'[39m
LOG: '[Ejabberd API] Requesting destroy_room from http://localhost:52810/api/ with user local-admin@local-jabber.entenhausen.pazz.de'
LOG LOG: [36m'[Ejabberd API] Requesting destroy_room from http://localhost:52810/api/ with user local-admin@local-jabber.entenhausen.pazz.de'[39m
LOG: '[Ejabberd API] Requesting destroy_room from http://localhost:52810/api/ with user local-admin@local-jabber.entenhausen.pazz.de'
LOG LOG: [36m'[Ejabberd API] Requesting destroy_room from http://localhost:52810/api/ with user local-admin@local-jabber.entenhausen.pazz.de'[39m
LOG: '[Ejabberd API] Requesting destroy_room from http://localhost:52810/api/ with user local-admin@local-jabber.entenhausen.pazz.de'
LOG LOG: [36m'[Ejabberd API] Requesting destroy_room from http://localhost:52810/api/ with user local-admin@local-jabber.entenhausen.pazz.de'[39m
LOG: '[Ejabberd API] Requesting destroy_room from http://localhost:52810/api/ with user local-admin@local-jabber.entenhausen.pazz.de'
LOG LOG: [36m'[Ejabberd API] Requesting destroy_room from http://localhost:52810/api/ with user local-admin@local-jabber.entenhausen.pazz.de'[39m
LOG: '[Ejabberd API] Requesting destroy_room from http://localhost:52810/api/ with user local-admin@local-jabber.entenhausen.pazz.de'
LOG LOG: [36m'[Ejabberd API] Response destroy_room: 400 Bad Request'[39m
LOG: '[Ejabberd API] Response destroy_room: 400 Bad Request'
LOG LOG: [36m'[Ejabberd API] Response destroy_room: 400 Bad Request'[39m
LOG: '[Ejabberd API] Response destroy_room: 400 Bad Request'
LOG LOG: [36m'[Ejabberd API] Response destroy_room: 400 Bad Request'[39m
LOG: '[Ejabberd API] Response destroy_room: 400 Bad Request'
LOG LOG: [36m'[Ejabberd API] Response destroy_room: 400 Bad Request'[39m
LOG: '[Ejabberd API] Response destroy_room: 400 Bad Request'
LOG LOG: [36m'[Ejabberd API] Response destroy_room: 200 OK'[39m
LOG: '[Ejabberd API] Response destroy_room: 200 OK'
LOG LOG: [36m'[Ejabberd API] Response destroy_room: 400 Bad Request'[39m
LOG: '[Ejabberd API] Response destroy_room: 400 Bad Request'
LOG LOG: [36m'[Ejabberd API] Requesting registered_users from http://localhost:52810/api/ with user local-admin@local-jabber.entenhausen.pazz.de'[39m
LOG: '[Ejabberd API] Requesting registered_users from http://localhost:52810/api/ with user local-admin@local-jabber.entenhausen.pazz.de'
LOG LOG: [36m'[Ejabberd API] Requesting registered_users from http://localhost:52810/api/ with user local-admin@local-jabber.entenhausen.pazz.de'[39m
LOG: '[Ejabberd API] Requesting registered_users from http://localhost:52810/api/ with user local-admin@local-jabber.entenhausen.pazz.de'
LOG LOG: [36m'[Ejabberd API] Requesting registered_users from http://localhost:52810/api/ with user local-admin@local-jabber.entenhausen.pazz.de'[39m
LOG: '[Ejabberd API] Requesting registered_users from http://localhost:52810/api/ with user local-admin@local-jabber.entenhausen.pazz.de'
LOG LOG: [36m'[Ejabberd API] Requesting registered_users from http://localhost:52810/api/ with user local-admin@local-jabber.entenhausen.pazz.de'[39m
LOG: '[Ejabberd API] Requesting registered_users from http://localhost:52810/api/ with user local-admin@local-jabber.entenhausen.pazz.de'
LOG LOG: [36m'[Ejabberd API] Requesting registered_users from http://localhost:52810/api/ with user local-admin@local-jabber.entenhausen.pazz.de'[39m
LOG: '[Ejabberd API] Requesting registered_users from http://localhost:52810/api/ with user local-admin@local-jabber.entenhausen.pazz.de'
LOG LOG: [36m'[Ejabberd API] Response registered_users: 200 OK'[39m
LOG: '[Ejabberd API] Response registered_users: 200 OK'
LOG LOG: [36m'[Ejabberd API] Response registered_users: 200 OK'[39m
LOG: '[Ejabberd API] Response registered_users: 200 OK'
LOG LOG: [36m'[Ejabberd API] Requesting check_account from http://localhost:52810/api/ with user local-admin@local-jabber.entenhausen.pazz.de'[39m
LOG: '[Ejabberd API] Requesting check_account from http://localhost:52810/api/ with user local-admin@local-jabber.entenhausen.pazz.de'
LOG LOG: [36m'[Ejabberd API] Response registered_users: 200 OK'[39m
LOG: '[Ejabberd API] Response registered_users: 200 OK'
LOG LOG: [36m'[Ejabberd API] Response registered_users: 200 OK'[39m
LOG: '[Ejabberd API] Response registered_users: 200 OK'
LOG LOG: [36m'[Ejabberd API] Response registered_users: 200 OK'[39m
LOG: '[Ejabberd API] Response registered_users: 200 OK'
LOG LOG: [36m'[Ejabberd API] Requesting check_account from http://localhost:52810/api/ with user local-admin@local-jabber.entenhausen.pazz.de'[39m
LOG: '[Ejabberd API] Requesting check_account from http://localhost:52810/api/ with user local-admin@local-jabber.entenhausen.pazz.de'
LOG LOG: [36m'[Ejabberd API] Response check_account: 200 OK'[39m
LOG: '[Ejabberd API] Response check_account: 200 OK'
LOG LOG: [36m'[Ejabberd API] Requesting unregister from http://localhost:52810/api/ with user local-admin@local-jabber.entenhausen.pazz.de'[39m
LOG: '[Ejabberd API] Requesting unregister from http://localhost:52810/api/ with user local-admin@local-jabber.entenhausen.pazz.de'
LOG LOG: [36m'[Ejabberd API] Response check_account: 200 OK'[39m
LOG: '[Ejabberd API] Response check_account: 200 OK'
LOG LOG: [36m'[Ejabberd API] Requesting unregister from http://localhost:52810/api/ with user local-admin@local-jabber.entenhausen.pazz.de'[39m
LOG: '[Ejabberd API] Requesting unregister from http://localhost:52810/api/ with user local-admin@local-jabber.entenhausen.pazz.de'
LOG LOG: [36m'[Ejabberd API] Response unregister: 200 OK'[39m
LOG: '[Ejabberd API] Response unregister: 200 OK'
LOG LOG: [36m'[Ejabberd API] Response unregister: 200 OK'[39m
LOG: '[Ejabberd API] Response unregister: 200 OK'
  multi user chat plugin
    room operations handling
      [31m✗ [39m[31mshould handle banning and unbanning of a room occupant[39m
	Error: Timeout - Async function did not complete within 60000ms (set by jasmine.DEFAULT_TIMEOUT_INTERVAL)
	    at <Jasmine>
LOG LOG: [36m'[Ejabberd API] Requesting muc_online_rooms from http://localhost:52810/api/ with user local-admin@local-jabber.entenhausen.pazz.de'[39m
LOG: '[Ejabberd API] Requesting muc_online_rooms from http://localhost:52810/api/ with user local-admin@local-jabber.entenhausen.pazz.de'
LOG LOG: [36m'[Ejabberd API] Response muc_online_rooms: 200 OK'[39m
LOG: '[Ejabberd API] Response muc_online_rooms: 200 OK'
LOG LOG: [36m'[Ejabberd API] Requesting registered_users from http://localhost:52810/api/ with user local-admin@local-jabber.entenhausen.pazz.de'[39m
LOG: '[Ejabberd API] Requesting registered_users from http://localhost:52810/api/ with user local-admin@local-jabber.entenhausen.pazz.de'
LOG LOG: [36m'[Ejabberd API] Response registered_users: 200 OK'[39m
LOG: '[Ejabberd API] Response registered_users: 200 OK'
LOG LOG: [36m'[Ejabberd API] Requesting registered_users from http://localhost:52810/api/ with user local-admin@local-jabber.entenhausen.pazz.de'[39m
LOG: '[Ejabberd API] Requesting registered_users from http://localhost:52810/api/ with user local-admin@local-jabber.entenhausen.pazz.de'
LOG LOG: [36m'[Ejabberd API] Requesting registered_users from http://localhost:52810/api/ with user local-admin@local-jabber.entenhausen.pazz.de'[39m
LOG: '[Ejabberd API] Requesting registered_users from http://localhost:52810/api/ with user local-admin@local-jabber.entenhausen.pazz.de'
LOG LOG: [36m'[Ejabberd API] Requesting registered_users from http://localhost:52810/api/ with user local-admin@local-jabber.entenhausen.pazz.de'[39m
LOG: '[Ejabberd API] Requesting registered_users from http://localhost:52810/api/ with user local-admin@local-jabber.entenhausen.pazz.de'
LOG LOG: [36m'[Ejabberd API] Requesting registered_users from http://localhost:52810/api/ with user local-admin@local-jabber.entenhausen.pazz.de'[39m
LOG: '[Ejabberd API] Requesting registered_users from http://localhost:52810/api/ with user local-admin@local-jabber.entenhausen.pazz.de'
LOG LOG: [36m'[Ejabberd API] Requesting registered_users from http://localhost:52810/api/ with user local-admin@local-jabber.entenhausen.pazz.de'[39m
LOG: '[Ejabberd API] Requesting registered_users from http://localhost:52810/api/ with user local-admin@local-jabber.entenhausen.pazz.de'
LOG LOG: [36m'[Ejabberd API] Response registered_users: 200 OK'[39m
LOG: '[Ejabberd API] Response registered_users: 200 OK'
LOG LOG: [36m'[Ejabberd API] Response registered_users: 200 OK'[39m
LOG: '[Ejabberd API] Response registered_users: 200 OK'
LOG LOG: [36m'[Ejabberd API] Response registered_users: 200 OK'[39m
LOG: '[Ejabberd API] Response registered_users: 200 OK'
LOG LOG: [36m'[Ejabberd API] Response registered_users: 200 OK'[39m
LOG: '[Ejabberd API] Response registered_users: 200 OK'
LOG LOG: [36m'[Ejabberd API] Response registered_users: 200 OK'[39m
LOG: '[Ejabberd API] Response registered_users: 200 OK'
LOG LOG: [36m'[Ejabberd API] Requesting registered_users from http://localhost:52810/api/ with user local-admin@local-jabber.entenhausen.pazz.de'[39m
LOG: '[Ejabberd API] Requesting registered_users from http://localhost:52810/api/ with user local-admin@local-jabber.entenhausen.pazz.de'
LOG LOG: [36m'[Ejabberd API] Response registered_users: 200 OK'[39m
LOG: '[Ejabberd API] Response registered_users: 200 OK'
LOG LOG: [36m'[Ejabberd API] Requesting check_account from http://localhost:52810/api/ with user local-admin@local-jabber.entenhausen.pazz.de'[39m
LOG: '[Ejabberd API] Requesting check_account from http://localhost:52810/api/ with user local-admin@local-jabber.entenhausen.pazz.de'
LOG LOG: [36m'[Ejabberd API] Response check_account: 200 OK'[39m
LOG: '[Ejabberd API] Response check_account: 200 OK'
LOG LOG: [36m'[Ejabberd API] Requesting register from http://localhost:52810/api/ with user local-admin@local-jabber.entenhausen.pazz.de'[39m
LOG: '[Ejabberd API] Requesting register from http://localhost:52810/api/ with user local-admin@local-jabber.entenhausen.pazz.de'
LOG LOG: [36m'[Ejabberd API] Response register: 200 OK'[39m
LOG: '[Ejabberd API] Response register: 200 OK'
LOG LOG: [36m'[Ejabberd API] Requesting destroy_room from http://localhost:52810/api/ with user local-admin@local-jabber.entenhausen.pazz.de'[39m
LOG: '[Ejabberd API] Requesting destroy_room from http://localhost:52810/api/ with user local-admin@local-jabber.entenhausen.pazz.de'
LOG LOG: [36m'[Ejabberd API] Requesting destroy_room from http://localhost:52810/api/ with user local-admin@local-jabber.entenhausen.pazz.de'[39m
LOG: '[Ejabberd API] Requesting destroy_room from http://localhost:52810/api/ with user local-admin@local-jabber.entenhausen.pazz.de'
LOG LOG: [36m'[Ejabberd API] Requesting destroy_room from http://localhost:52810/api/ with user local-admin@local-jabber.entenhausen.pazz.de'[39m
LOG: '[Ejabberd API] Requesting destroy_room from http://localhost:52810/api/ with user local-admin@local-jabber.entenhausen.pazz.de'
LOG LOG: [36m'[Ejabberd API] Requesting destroy_room from http://localhost:52810/api/ with user local-admin@local-jabber.entenhausen.pazz.de'[39m
LOG: '[Ejabberd API] Requesting destroy_room from http://localhost:52810/api/ with user local-admin@local-jabber.entenhausen.pazz.de'
LOG LOG: [36m'[Ejabberd API] Requesting destroy_room from http://localhost:52810/api/ with user local-admin@local-jabber.entenhausen.pazz.de'[39m
LOG: '[Ejabberd API] Requesting destroy_room from http://localhost:52810/api/ with user local-admin@local-jabber.entenhausen.pazz.de'
LOG LOG: [36m'[Ejabberd API] Requesting destroy_room from http://localhost:52810/api/ with user local-admin@local-jabber.entenhausen.pazz.de'[39m
LOG: '[Ejabberd API] Requesting destroy_room from http://localhost:52810/api/ with user local-admin@local-jabber.entenhausen.pazz.de'
LOG LOG: [36m'[Ejabberd API] Response destroy_room: 400 Bad Request'[39m
LOG: '[Ejabberd API] Response destroy_room: 400 Bad Request'
LOG LOG: [36m'[Ejabberd API] Response destroy_room: 400 Bad Request'[39m
LOG: '[Ejabberd API] Response destroy_room: 400 Bad Request'
LOG LOG: [36m'[Ejabberd API] Response destroy_room: 400 Bad Request'[39m
LOG: '[Ejabberd API] Response destroy_room: 400 Bad Request'
LOG LOG: [36m'[Ejabberd API] Response destroy_room: 400 Bad Request'[39m
LOG: '[Ejabberd API] Response destroy_room: 400 Bad Request'
LOG LOG: [36m'[Ejabberd API] Response destroy_room: 400 Bad Request'[39m
LOG: '[Ejabberd API] Response destroy_room: 400 Bad Request'
LOG LOG: [36m'[Ejabberd API] Response destroy_room: 400 Bad Request'[39m
LOG: '[Ejabberd API] Response destroy_room: 400 Bad Request'
LOG LOG: [36m'[Ejabberd API] Requesting registered_users from http://localhost:52810/api/ with user local-admin@local-jabber.entenhausen.pazz.de'[39m
LOG: '[Ejabberd API] Requesting registered_users from http://localhost:52810/api/ with user local-admin@local-jabber.entenhausen.pazz.de'
LOG LOG: [36m'[Ejabberd API] Requesting registered_users from http://localhost:52810/api/ with user local-admin@local-jabber.entenhausen.pazz.de'[39m
LOG: '[Ejabberd API] Requesting registered_users from http://localhost:52810/api/ with user local-admin@local-jabber.entenhausen.pazz.de'
LOG LOG: [36m'[Ejabberd API] Requesting registered_users from http://localhost:52810/api/ with user local-admin@local-jabber.entenhausen.pazz.de'[39m
LOG: '[Ejabberd API] Requesting registered_users from http://localhost:52810/api/ with user local-admin@local-jabber.entenhausen.pazz.de'
LOG LOG: [36m'[Ejabberd API] Requesting registered_users from http://localhost:52810/api/ with user local-admin@local-jabber.entenhausen.pazz.de'[39m
LOG: '[Ejabberd API] Requesting registered_users from http://localhost:52810/api/ with user local-admin@local-jabber.entenhausen.pazz.de'
LOG LOG: [36m'[Ejabberd API] Requesting registered_users from http://localhost:52810/api/ with user local-admin@local-jabber.entenhausen.pazz.de'[39m
LOG: '[Ejabberd API] Requesting registered_users from http://localhost:52810/api/ with user local-admin@local-jabber.entenhausen.pazz.de'
LOG LOG: [36m'[Ejabberd API] Response registered_users: 200 OK'[39m
LOG: '[Ejabberd API] Response registered_users: 200 OK'
LOG LOG: [36m'[Ejabberd API] Response registered_users: 200 OK'[39m
LOG: '[Ejabberd API] Response registered_users: 200 OK'
LOG LOG: [36m'[Ejabberd API] Response registered_users: 200 OK'[39m
LOG: '[Ejabberd API] Response registered_users: 200 OK'
LOG LOG: [36m'[Ejabberd API] Response registered_users: 200 OK'[39m
LOG: '[Ejabberd API] Response registered_users: 200 OK'
LOG LOG: [36m'[Ejabberd API] Requesting check_account from http://localhost:52810/api/ with user local-admin@local-jabber.entenhausen.pazz.de'[39m
LOG: '[Ejabberd API] Requesting check_account from http://localhost:52810/api/ with user local-admin@local-jabber.entenhausen.pazz.de'
LOG LOG: [36m'[Ejabberd API] Response registered_users: 200 OK'[39m
LOG: '[Ejabberd API] Response registered_users: 200 OK'
LOG LOG: [36m'[Ejabberd API] Response check_account: 200 OK'[39m
LOG: '[Ejabberd API] Response check_account: 200 OK'
LOG LOG: [36m'[Ejabberd API] Requesting unregister from http://localhost:52810/api/ with user local-admin@local-jabber.entenhausen.pazz.de'[39m
LOG: '[Ejabberd API] Requesting unregister from http://localhost:52810/api/ with user local-admin@local-jabber.entenhausen.pazz.de'
LOG LOG: [36m'[Ejabberd API] Response unregister: 200 OK'[39m
LOG: '[Ejabberd API] Response unregister: 200 OK'
      [32m✓ [39mshould be able to change room topic
LOG LOG: [36m'[Ejabberd API] Requesting muc_online_rooms from http://localhost:52810/api/ with user local-admin@local-jabber.entenhausen.pazz.de'[39m
LOG: '[Ejabberd API] Requesting muc_online_rooms from http://localhost:52810/api/ with user local-admin@local-jabber.entenhausen.pazz.de'
LOG LOG: [36m'[Ejabberd API] Response muc_online_rooms: 200 OK'[39m
LOG: '[Ejabberd API] Response muc_online_rooms: 200 OK'
LOG LOG: [36m'[Ejabberd API] Requesting destroy_room from http://localhost:52810/api/ with user local-admin@local-jabber.entenhausen.pazz.de'[39m
LOG: '[Ejabberd API] Requesting destroy_room from http://localhost:52810/api/ with user local-admin@local-jabber.entenhausen.pazz.de'
LOG LOG: [36m'[Ejabberd API] Response destroy_room: 200 OK'[39m
LOG: '[Ejabberd API] Response destroy_room: 200 OK'
LOG LOG: [36m'[Ejabberd API] Requesting registered_users from http://localhost:52810/api/ with user local-admin@local-jabber.entenhausen.pazz.de'[39m
LOG: '[Ejabberd API] Requesting registered_users from http://localhost:52810/api/ with user local-admin@local-jabber.entenhausen.pazz.de'
LOG LOG: [36m'[Ejabberd API] Response registered_users: 200 OK'[39m
LOG: '[Ejabberd API] Response registered_users: 200 OK'
LOG LOG: [36m'[Ejabberd API] Requesting registered_users from http://localhost:52810/api/ with user local-admin@local-jabber.entenhausen.pazz.de'[39m
LOG: '[Ejabberd API] Requesting registered_users from http://localhost:52810/api/ with user local-admin@local-jabber.entenhausen.pazz.de'
LOG LOG: [36m'[Ejabberd API] Requesting registered_users from http://localhost:52810/api/ with user local-admin@local-jabber.entenhausen.pazz.de'[39m
LOG: '[Ejabberd API] Requesting registered_users from http://localhost:52810/api/ with user local-admin@local-jabber.entenhausen.pazz.de'
LOG LOG: [36m'[Ejabberd API] Requesting registered_users from http://localhost:52810/api/ with user local-admin@local-jabber.entenhausen.pazz.de'[39m
LOG: '[Ejabberd API] Requesting registered_users from http://localhost:52810/api/ with user local-admin@local-jabber.entenhausen.pazz.de'
LOG LOG: [36m'[Ejabberd API] Requesting registered_users from http://localhost:52810/api/ with user local-admin@local-jabber.entenhausen.pazz.de'[39m
LOG: '[Ejabberd API] Requesting registered_users from http://localhost:52810/api/ with user local-admin@local-jabber.entenhausen.pazz.de'
LOG LOG: [36m'[Ejabberd API] Requesting registered_users from http://localhost:52810/api/ with user local-admin@local-jabber.entenhausen.pazz.de'[39m
LOG: '[Ejabberd API] Requesting registered_users from http://localhost:52810/api/ with user local-admin@local-jabber.entenhausen.pazz.de'
LOG LOG: [36m'[Ejabberd API] Response registered_users: 200 OK'[39m
LOG: '[Ejabberd API] Response registered_users: 200 OK'
LOG LOG: [36m'[Ejabberd API] Response registered_users: 200 OK'[39m
LOG: '[Ejabberd API] Response registered_users: 200 OK'
LOG LOG: [36m'[Ejabberd API] Response registered_users: 200 OK'[39m
LOG: '[Ejabberd API] Response registered_users: 200 OK'
LOG LOG: [36m'[Ejabberd API] Response registered_users: 200 OK'[39m
LOG: '[Ejabberd API] Response registered_users: 200 OK'
LOG LOG: [36m'[Ejabberd API] Response registered_users: 200 OK'[39m
LOG: '[Ejabberd API] Response registered_users: 200 OK'
LOG LOG: [36m'[Ejabberd API] Requesting registered_users from http://localhost:52810/api/ with user local-admin@local-jabber.entenhausen.pazz.de'[39m
LOG: '[Ejabberd API] Requesting registered_users from http://localhost:52810/api/ with user local-admin@local-jabber.entenhausen.pazz.de'
LOG LOG: [36m'[Ejabberd API] Response registered_users: 200 OK'[39m
LOG: '[Ejabberd API] Response registered_users: 200 OK'
LOG LOG: [36m'[Ejabberd API] Requesting check_account from http://localhost:52810/api/ with user local-admin@local-jabber.entenhausen.pazz.de'[39m
LOG: '[Ejabberd API] Requesting check_account from http://localhost:52810/api/ with user local-admin@local-jabber.entenhausen.pazz.de'
LOG LOG: [36m'[Ejabberd API] Response check_account: 200 OK'[39m
LOG: '[Ejabberd API] Response check_account: 200 OK'
LOG LOG: [36m'[Ejabberd API] Requesting register from http://localhost:52810/api/ with user local-admin@local-jabber.entenhausen.pazz.de'[39m
LOG: '[Ejabberd API] Requesting register from http://localhost:52810/api/ with user local-admin@local-jabber.entenhausen.pazz.de'
LOG LOG: [36m'[Ejabberd API] Response register: 200 OK'[39m
LOG: '[Ejabberd API] Response register: 200 OK'
LOG LOG: [36m'[Ejabberd API] Requesting registered_users from http://localhost:52810/api/ with user local-admin@local-jabber.entenhausen.pazz.de'[39m
LOG: '[Ejabberd API] Requesting registered_users from http://localhost:52810/api/ with user local-admin@local-jabber.entenhausen.pazz.de'
LOG LOG: [36m'[Ejabberd API] Response registered_users: 200 OK'[39m
LOG: '[Ejabberd API] Response registered_users: 200 OK'
LOG LOG: [36m'[Ejabberd API] Requesting registered_users from http://localhost:52810/api/ with user local-admin@local-jabber.entenhausen.pazz.de'[39m
LOG: '[Ejabberd API] Requesting registered_users from http://localhost:52810/api/ with user local-admin@local-jabber.entenhausen.pazz.de'
LOG LOG: [36m'[Ejabberd API] Response registered_users: 200 OK'[39m
LOG: '[Ejabberd API] Response registered_users: 200 OK'
LOG LOG: [36m'[Ejabberd API] Requesting check_account from http://localhost:52810/api/ with user local-admin@local-jabber.entenhausen.pazz.de'[39m
LOG: '[Ejabberd API] Requesting check_account from http://localhost:52810/api/ with user local-admin@local-jabber.entenhausen.pazz.de'
LOG LOG: [36m'[Ejabberd API] Response check_account: 200 OK'[39m
LOG: '[Ejabberd API] Response check_account: 200 OK'
LOG LOG: [36m'[Ejabberd API] Requesting unregister from http://localhost:52810/api/ with user local-admin@local-jabber.entenhausen.pazz.de'[39m
LOG: '[Ejabberd API] Requesting unregister from http://localhost:52810/api/ with user local-admin@local-jabber.entenhausen.pazz.de'
LOG LOG: [36m'[Ejabberd API] Response unregister: 200 OK'[39m
LOG: '[Ejabberd API] Response unregister: 200 OK'
LOG LOG: [36m'[Ejabberd API] Requesting destroy_room from http://localhost:52810/api/ with user local-admin@local-jabber.entenhausen.pazz.de'[39m
LOG: '[Ejabberd API] Requesting destroy_room from http://localhost:52810/api/ with user local-admin@local-jabber.entenhausen.pazz.de'
LOG LOG: [36m'[Ejabberd API] Requesting destroy_room from http://localhost:52810/api/ with user local-admin@local-jabber.entenhausen.pazz.de'[39m
LOG: '[Ejabberd API] Requesting destroy_room from http://localhost:52810/api/ with user local-admin@local-jabber.entenhausen.pazz.de'
LOG LOG: [36m'[Ejabberd API] Requesting destroy_room from http://localhost:52810/api/ with user local-admin@local-jabber.entenhausen.pazz.de'[39m
LOG: '[Ejabberd API] Requesting destroy_room from http://localhost:52810/api/ with user local-admin@local-jabber.entenhausen.pazz.de'
LOG LOG: [36m'[Ejabberd API] Requesting destroy_room from http://localhost:52810/api/ with user local-admin@local-jabber.entenhausen.pazz.de'[39m
LOG: '[Ejabberd API] Requesting destroy_room from http://localhost:52810/api/ with user local-admin@local-jabber.entenhausen.pazz.de'
LOG LOG: [36m'[Ejabberd API] Requesting destroy_room from http://localhost:52810/api/ with user local-admin@local-jabber.entenhausen.pazz.de'[39m
LOG: '[Ejabberd API] Requesting destroy_room from http://localhost:52810/api/ with user local-admin@local-jabber.entenhausen.pazz.de'
LOG LOG: [36m'[Ejabberd API] Requesting destroy_room from http://localhost:52810/api/ with user local-admin@local-jabber.entenhausen.pazz.de'[39m
LOG: '[Ejabberd API] Requesting destroy_room from http://localhost:52810/api/ with user local-admin@local-jabber.entenhausen.pazz.de'
LOG LOG: [36m'[Ejabberd API] Response destroy_room: 400 Bad Request'[39m
LOG: '[Ejabberd API] Response destroy_room: 400 Bad Request'
LOG LOG: [36m'[Ejabberd API] Response destroy_room: 400 Bad Request'[39m
LOG: '[Ejabberd API] Response destroy_room: 400 Bad Request'
LOG LOG: [36m'[Ejabberd API] Response destroy_room: 400 Bad Request'[39m
LOG: '[Ejabberd API] Response destroy_room: 400 Bad Request'
LOG LOG: [36m'[Ejabberd API] Response destroy_room: 400 Bad Request'[39m
LOG: '[Ejabberd API] Response destroy_room: 400 Bad Request'
LOG LOG: [36m'[Ejabberd API] Response destroy_room: 400 Bad Request'[39m
LOG: '[Ejabberd API] Response destroy_room: 400 Bad Request'
LOG LOG: [36m'[Ejabberd API] Response destroy_room: 400 Bad Request'[39m
LOG: '[Ejabberd API] Response destroy_room: 400 Bad Request'
LOG LOG: [36m'[Ejabberd API] Requesting registered_users from http://localhost:52810/api/ with user local-admin@local-jabber.entenhausen.pazz.de'[39m
LOG: '[Ejabberd API] Requesting registered_users from http://localhost:52810/api/ with user local-admin@local-jabber.entenhausen.pazz.de'
LOG LOG: [36m'[Ejabberd API] Requesting registered_users from http://localhost:52810/api/ with user local-admin@local-jabber.entenhausen.pazz.de'[39m
LOG: '[Ejabberd API] Requesting registered_users from http://localhost:52810/api/ with user local-admin@local-jabber.entenhausen.pazz.de'
LOG LOG: [36m'[Ejabberd API] Requesting registered_users from http://localhost:52810/api/ with user local-admin@local-jabber.entenhausen.pazz.de'[39m
LOG: '[Ejabberd API] Requesting registered_users from http://localhost:52810/api/ with user local-admin@local-jabber.entenhausen.pazz.de'
LOG LOG: [36m'[Ejabberd API] Requesting registered_users from http://localhost:52810/api/ with user local-admin@local-jabber.entenhausen.pazz.de'[39m
LOG: '[Ejabberd API] Requesting registered_users from http://localhost:52810/api/ with user local-admin@local-jabber.entenhausen.pazz.de'
LOG LOG: [36m'[Ejabberd API] Requesting registered_users from http://localhost:52810/api/ with user local-admin@local-jabber.entenhausen.pazz.de'[39m
LOG: '[Ejabberd API] Requesting registered_users from http://localhost:52810/api/ with user local-admin@local-jabber.entenhausen.pazz.de'
LOG LOG: [36m'[Ejabberd API] Response registered_users: 200 OK'[39m
LOG: '[Ejabberd API] Response registered_users: 200 OK'
LOG LOG: [36m'[Ejabberd API] Response registered_users: 200 OK'[39m
LOG: '[Ejabberd API] Response registered_users: 200 OK'
LOG LOG: [36m'[Ejabberd API] Response registered_users: 200 OK'[39m
LOG: '[Ejabberd API] Response registered_users: 200 OK'
LOG LOG: [36m'[Ejabberd API] Response registered_users: 200 OK'[39m
LOG: '[Ejabberd API] Response registered_users: 200 OK'
LOG LOG: [36m'[Ejabberd API] Response registered_users: 200 OK'[39m
LOG: '[Ejabberd API] Response registered_users: 200 OK'
    room messaging
      [32m✓ [39mshould be able to send messages
LOG LOG: [36m'[Ejabberd API] Requesting muc_online_rooms from http://localhost:52810/api/ with user local-admin@local-jabber.entenhausen.pazz.de'[39m
LOG: '[Ejabberd API] Requesting muc_online_rooms from http://localhost:52810/api/ with user local-admin@local-jabber.entenhausen.pazz.de'
LOG LOG: [36m'[Ejabberd API] Response muc_online_rooms: 200 OK'[39m
LOG: '[Ejabberd API] Response muc_online_rooms: 200 OK'
LOG LOG: [36m'[Ejabberd API] Requesting registered_users from http://localhost:52810/api/ with user local-admin@local-jabber.entenhausen.pazz.de'[39m
LOG: '[Ejabberd API] Requesting registered_users from http://localhost:52810/api/ with user local-admin@local-jabber.entenhausen.pazz.de'
LOG LOG: [36m'[Ejabberd API] Response registered_users: 200 OK'[39m
LOG: '[Ejabberd API] Response registered_users: 200 OK'
LOG LOG: [36m'[Ejabberd API] Requesting registered_users from http://localhost:52810/api/ with user local-admin@local-jabber.entenhausen.pazz.de'[39m
LOG: '[Ejabberd API] Requesting registered_users from http://localhost:52810/api/ with user local-admin@local-jabber.entenhausen.pazz.de'
LOG LOG: [36m'[Ejabberd API] Requesting registered_users from http://localhost:52810/api/ with user local-admin@local-jabber.entenhausen.pazz.de'[39m
LOG: '[Ejabberd API] Requesting registered_users from http://localhost:52810/api/ with user local-admin@local-jabber.entenhausen.pazz.de'
LOG LOG: [36m'[Ejabberd API] Requesting registered_users from http://localhost:52810/api/ with user local-admin@local-jabber.entenhausen.pazz.de'[39m
LOG: '[Ejabberd API] Requesting registered_users from http://localhost:52810/api/ with user local-admin@local-jabber.entenhausen.pazz.de'
LOG LOG: [36m'[Ejabberd API] Requesting registered_users from http://localhost:52810/api/ with user local-admin@local-jabber.entenhausen.pazz.de'[39m
LOG: '[Ejabberd API] Requesting registered_users from http://localhost:52810/api/ with user local-admin@local-jabber.entenhausen.pazz.de'
LOG LOG: [36m'[Ejabberd API] Requesting registered_users from http://localhost:52810/api/ with user local-admin@local-jabber.entenhausen.pazz.de'[39m
LOG: '[Ejabberd API] Requesting registered_users from http://localhost:52810/api/ with user local-admin@local-jabber.entenhausen.pazz.de'
LOG LOG: [36m'[Ejabberd API] Response registered_users: 200 OK'[39m
LOG: '[Ejabberd API] Response registered_users: 200 OK'
LOG LOG: [36m'[Ejabberd API] Response registered_users: 200 OK'[39m
LOG: '[Ejabberd API] Response registered_users: 200 OK'
LOG LOG: [36m'[Ejabberd API] Response registered_users: 200 OK'[39m
LOG: '[Ejabberd API] Response registered_users: 200 OK'
LOG LOG: [36m'[Ejabberd API] Response registered_users: 200 OK'[39m
LOG: '[Ejabberd API] Response registered_users: 200 OK'
LOG LOG: [36m'[Ejabberd API] Response registered_users: 200 OK'[39m
LOG: '[Ejabberd API] Response registered_users: 200 OK'
LOG LOG: [36m'[Ejabberd API] Requesting registered_users from http://localhost:52810/api/ with user local-admin@local-jabber.entenhausen.pazz.de'[39m
LOG: '[Ejabberd API] Requesting registered_users from http://localhost:52810/api/ with user local-admin@local-jabber.entenhausen.pazz.de'
LOG LOG: [36m'[Ejabberd API] Response registered_users: 200 OK'[39m
LOG: '[Ejabberd API] Response registered_users: 200 OK'
LOG LOG: [36m'[Ejabberd API] Requesting check_account from http://localhost:52810/api/ with user local-admin@local-jabber.entenhausen.pazz.de'[39m
LOG: '[Ejabberd API] Requesting check_account from http://localhost:52810/api/ with user local-admin@local-jabber.entenhausen.pazz.de'
LOG LOG: [36m'[Ejabberd API] Response check_account: 200 OK'[39m
LOG: '[Ejabberd API] Response check_account: 200 OK'
LOG LOG: [36m'[Ejabberd API] Requesting register from http://localhost:52810/api/ with user local-admin@local-jabber.entenhausen.pazz.de'[39m
LOG: '[Ejabberd API] Requesting register from http://localhost:52810/api/ with user local-admin@local-jabber.entenhausen.pazz.de'
LOG LOG: [36m'[Ejabberd API] Response register: 200 OK'[39m
LOG: '[Ejabberd API] Response register: 200 OK'
LOG LOG: [36m'[Ejabberd API] Requesting registered_users from http://localhost:52810/api/ with user local-admin@local-jabber.entenhausen.pazz.de'[39m
LOG: '[Ejabberd API] Requesting registered_users from http://localhost:52810/api/ with user local-admin@local-jabber.entenhausen.pazz.de'
LOG LOG: [36m'[Ejabberd API] Response registered_users: 200 OK'[39m
LOG: '[Ejabberd API] Response registered_users: 200 OK'
LOG LOG: [36m'[Ejabberd API] Requesting registered_users from http://localhost:52810/api/ with user local-admin@local-jabber.entenhausen.pazz.de'[39m
LOG: '[Ejabberd API] Requesting registered_users from http://localhost:52810/api/ with user local-admin@local-jabber.entenhausen.pazz.de'
LOG LOG: [36m'[Ejabberd API] Response registered_users: 200 OK'[39m
LOG: '[Ejabberd API] Response registered_users: 200 OK'
LOG LOG: [36m'[Ejabberd API] Requesting check_account from http://localhost:52810/api/ with user local-admin@local-jabber.entenhausen.pazz.de'[39m
LOG: '[Ejabberd API] Requesting check_account from http://localhost:52810/api/ with user local-admin@local-jabber.entenhausen.pazz.de'
LOG LOG: [36m'[Ejabberd API] Response check_account: 200 OK'[39m
LOG: '[Ejabberd API] Response check_account: 200 OK'
LOG LOG: [36m'[Ejabberd API] Requesting register from http://localhost:52810/api/ with user local-admin@local-jabber.entenhausen.pazz.de'[39m
LOG: '[Ejabberd API] Requesting register from http://localhost:52810/api/ with user local-admin@local-jabber.entenhausen.pazz.de'
LOG LOG: [36m'[Ejabberd API] Response register: 200 OK'[39m
LOG: '[Ejabberd API] Response register: 200 OK'
LOG LOG: [36m'[Ejabberd API] Requesting registered_users from http://localhost:52810/api/ with user local-admin@local-jabber.entenhausen.pazz.de'[39m
LOG: '[Ejabberd API] Requesting registered_users from http://localhost:52810/api/ with user local-admin@local-jabber.entenhausen.pazz.de'
LOG LOG: [36m'[Ejabberd API] Response registered_users: 200 OK'[39m
LOG: '[Ejabberd API] Response registered_users: 200 OK'
LOG LOG: [36m'[Ejabberd API] Requesting check_account from http://localhost:52810/api/ with user local-admin@local-jabber.entenhausen.pazz.de'[39m
LOG: '[Ejabberd API] Requesting check_account from http://localhost:52810/api/ with user local-admin@local-jabber.entenhausen.pazz.de'
LOG LOG: [36m'[Ejabberd API] Response check_account: 200 OK'[39m
LOG: '[Ejabberd API] Response check_account: 200 OK'
LOG LOG: [36m'[Ejabberd API] Requesting unregister from http://localhost:52810/api/ with user local-admin@local-jabber.entenhausen.pazz.de'[39m
LOG: '[Ejabberd API] Requesting unregister from http://localhost:52810/api/ with user local-admin@local-jabber.entenhausen.pazz.de'
LOG LOG: [36m'[Ejabberd API] Response unregister: 200 OK'[39m
LOG: '[Ejabberd API] Response unregister: 200 OK'
LOG LOG: [36m'[Ejabberd API] Requesting destroy_room from http://localhost:52810/api/ with user local-admin@local-jabber.entenhausen.pazz.de'[39m
LOG: '[Ejabberd API] Requesting destroy_room from http://localhost:52810/api/ with user local-admin@local-jabber.entenhausen.pazz.de'
LOG LOG: [36m'[Ejabberd API] Requesting destroy_room from http://localhost:52810/api/ with user local-admin@local-jabber.entenhausen.pazz.de'[39m
LOG: '[Ejabberd API] Requesting destroy_room from http://localhost:52810/api/ with user local-admin@local-jabber.entenhausen.pazz.de'
LOG LOG: [36m'[Ejabberd API] Requesting destroy_room from http://localhost:52810/api/ with user local-admin@local-jabber.entenhausen.pazz.de'[39m
LOG: '[Ejabberd API] Requesting destroy_room from http://localhost:52810/api/ with user local-admin@local-jabber.entenhausen.pazz.de'
LOG LOG: [36m'[Ejabberd API] Requesting destroy_room from http://localhost:52810/api/ with user local-admin@local-jabber.entenhausen.pazz.de'[39m
LOG: '[Ejabberd API] Requesting destroy_room from http://localhost:52810/api/ with user local-admin@local-jabber.entenhausen.pazz.de'
LOG LOG: [36m'[Ejabberd API] Requesting destroy_room from http://localhost:52810/api/ with user local-admin@local-jabber.entenhausen.pazz.de'[39m
LOG: '[Ejabberd API] Requesting destroy_room from http://localhost:52810/api/ with user local-admin@local-jabber.entenhausen.pazz.de'
LOG LOG: [36m'[Ejabberd API] Requesting destroy_room from http://localhost:52810/api/ with user local-admin@local-jabber.entenhausen.pazz.de'[39m
LOG: '[Ejabberd API] Requesting destroy_room from http://localhost:52810/api/ with user local-admin@local-jabber.entenhausen.pazz.de'
LOG LOG: [36m'[Ejabberd API] Response destroy_room: 400 Bad Request'[39m
LOG: '[Ejabberd API] Response destroy_room: 400 Bad Request'
LOG LOG: [36m'[Ejabberd API] Response destroy_room: 400 Bad Request'[39m
LOG: '[Ejabberd API] Response destroy_room: 400 Bad Request'
LOG LOG: [36m'[Ejabberd API] Response destroy_room: 200 OK'[39m
LOG: '[Ejabberd API] Response destroy_room: 200 OK'
LOG LOG: [36m'[Ejabberd API] Response destroy_room: 400 Bad Request'[39m
LOG: '[Ejabberd API] Response destroy_room: 400 Bad Request'
LOG LOG: [36m'[Ejabberd API] Response destroy_room: 400 Bad Request'[39m
LOG: '[Ejabberd API] Response destroy_room: 400 Bad Request'
LOG LOG: [36m'[Ejabberd API] Response destroy_room: 400 Bad Request'[39m
LOG: '[Ejabberd API] Response destroy_room: 400 Bad Request'
LOG LOG: [36m'[Ejabberd API] Requesting registered_users from http://localhost:52810/api/ with user local-admin@local-jabber.entenhausen.pazz.de'[39m
LOG: '[Ejabberd API] Requesting registered_users from http://localhost:52810/api/ with user local-admin@local-jabber.entenhausen.pazz.de'
LOG LOG: [36m'[Ejabberd API] Requesting registered_users from http://localhost:52810/api/ with user local-admin@local-jabber.entenhausen.pazz.de'[39m
LOG: '[Ejabberd API] Requesting registered_users from http://localhost:52810/api/ with user local-admin@local-jabber.entenhausen.pazz.de'
LOG LOG: [36m'[Ejabberd API] Requesting registered_users from http://localhost:52810/api/ with user local-admin@local-jabber.entenhausen.pazz.de'[39m
LOG: '[Ejabberd API] Requesting registered_users from http://localhost:52810/api/ with user local-admin@local-jabber.entenhausen.pazz.de'
LOG LOG: [36m'[Ejabberd API] Requesting registered_users from http://localhost:52810/api/ with user local-admin@local-jabber.entenhausen.pazz.de'[39m
LOG: '[Ejabberd API] Requesting registered_users from http://localhost:52810/api/ with user local-admin@local-jabber.entenhausen.pazz.de'
LOG LOG: [36m'[Ejabberd API] Requesting registered_users from http://localhost:52810/api/ with user local-admin@local-jabber.entenhausen.pazz.de'[39m
LOG: '[Ejabberd API] Requesting registered_users from http://localhost:52810/api/ with user local-admin@local-jabber.entenhausen.pazz.de'
LOG LOG: [36m'[Ejabberd API] Response registered_users: 200 OK'[39m
LOG: '[Ejabberd API] Response registered_users: 200 OK'
LOG LOG: [36m'[Ejabberd API] Response registered_users: 200 OK'[39m
LOG: '[Ejabberd API] Response registered_users: 200 OK'
LOG LOG: [36m'[Ejabberd API] Response registered_users: 200 OK'[39m
LOG: '[Ejabberd API] Response registered_users: 200 OK'
LOG LOG: [36m'[Ejabberd API] Requesting check_account from http://localhost:52810/api/ with user local-admin@local-jabber.entenhausen.pazz.de'[39m
LOG: '[Ejabberd API] Requesting check_account from http://localhost:52810/api/ with user local-admin@local-jabber.entenhausen.pazz.de'
LOG LOG: [36m'[Ejabberd API] Response registered_users: 200 OK'[39m
LOG: '[Ejabberd API] Response registered_users: 200 OK'
LOG LOG: [36m'[Ejabberd API] Response registered_users: 200 OK'[39m
LOG: '[Ejabberd API] Response registered_users: 200 OK'
LOG LOG: [36m'[Ejabberd API] Response check_account: 200 OK'[39m
LOG: '[Ejabberd API] Response check_account: 200 OK'
LOG LOG: [36m'[Ejabberd API] Requesting unregister from http://localhost:52810/api/ with user local-admin@local-jabber.entenhausen.pazz.de'[39m
LOG: '[Ejabberd API] Requesting unregister from http://localhost:52810/api/ with user local-admin@local-jabber.entenhausen.pazz.de'
LOG LOG: [36m'[Ejabberd API] Response unregister: 200 OK'[39m
LOG: '[Ejabberd API] Response unregister: 200 OK'
      [31m✗ [39m[31mshould be able to receive messages[39m
	Error: Timeout waiting for message count 2, got 0
	    at libs/ngx-xmpp/src/test/multi-user-chat.plugin.spec.ts:39:11
	    at Generator.next (<anonymous>)
	    at asyncGeneratorStep (node_modules/@babel/runtime/helpers/esm/asyncToGenerator.js:3:1)
	    at apply (node_modules/@babel/runtime/helpers/esm/asyncToGenerator.js:22:1)
	Uncaught Error: Error in stream occurred error=<stream:error xmlns:stream="http://etherx.jabber.org/streams"><conflict xmlns="urn:ietf:params:xml:ns:xmpp-streams"/><text xmlns="urn:ietf:params:xml:ns:xmpp-streams" xml:lang="en">User removed</text></stream:error> ; errors=<conflict xmlns="urn:ietf:params:xml:ns:xmpp-streams"/>
	<text xmlns="urn:ietf:params:xml:ns:xmpp-streams" xml:lang="en">User removed</text>
	 thrown
LOG LOG: [36m'[Ejabberd API] Requesting muc_online_rooms from http://localhost:52810/api/ with user local-admin@local-jabber.entenhausen.pazz.de'[39m
LOG: '[Ejabberd API] Requesting muc_online_rooms from http://localhost:52810/api/ with user local-admin@local-jabber.entenhausen.pazz.de'
LOG LOG: [36m'[Ejabberd API] Response muc_online_rooms: 200 OK'[39m
LOG: '[Ejabberd API] Response muc_online_rooms: 200 OK'
LOG LOG: [36m'[Ejabberd API] Requesting registered_users from http://localhost:52810/api/ with user local-admin@local-jabber.entenhausen.pazz.de'[39m
LOG: '[Ejabberd API] Requesting registered_users from http://localhost:52810/api/ with user local-admin@local-jabber.entenhausen.pazz.de'
LOG LOG: [36m'[Ejabberd API] Response registered_users: 200 OK'[39m
LOG: '[Ejabberd API] Response registered_users: 200 OK'
LOG LOG: [36m'[Ejabberd API] Requesting registered_users from http://localhost:52810/api/ with user local-admin@local-jabber.entenhausen.pazz.de'[39m
LOG: '[Ejabberd API] Requesting registered_users from http://localhost:52810/api/ with user local-admin@local-jabber.entenhausen.pazz.de'
LOG LOG: [36m'[Ejabberd API] Requesting registered_users from http://localhost:52810/api/ with user local-admin@local-jabber.entenhausen.pazz.de'[39m
LOG: '[Ejabberd API] Requesting registered_users from http://localhost:52810/api/ with user local-admin@local-jabber.entenhausen.pazz.de'
LOG LOG: [36m'[Ejabberd API] Requesting registered_users from http://localhost:52810/api/ with user local-admin@local-jabber.entenhausen.pazz.de'[39m
LOG: '[Ejabberd API] Requesting registered_users from http://localhost:52810/api/ with user local-admin@local-jabber.entenhausen.pazz.de'
LOG LOG: [36m'[Ejabberd API] Requesting registered_users from http://localhost:52810/api/ with user local-admin@local-jabber.entenhausen.pazz.de'[39m
LOG: '[Ejabberd API] Requesting registered_users from http://localhost:52810/api/ with user local-admin@local-jabber.entenhausen.pazz.de'
LOG LOG: [36m'[Ejabberd API] Requesting registered_users from http://localhost:52810/api/ with user local-admin@local-jabber.entenhausen.pazz.de'[39m
LOG: '[Ejabberd API] Requesting registered_users from http://localhost:52810/api/ with user local-admin@local-jabber.entenhausen.pazz.de'
LOG LOG: [36m'[Ejabberd API] Response registered_users: 200 OK'[39m
LOG: '[Ejabberd API] Response registered_users: 200 OK'
LOG LOG: [36m'[Ejabberd API] Response registered_users: 200 OK'[39m
LOG: '[Ejabberd API] Response registered_users: 200 OK'
LOG LOG: [36m'[Ejabberd API] Response registered_users: 200 OK'[39m
LOG: '[Ejabberd API] Response registered_users: 200 OK'
LOG LOG: [36m'[Ejabberd API] Response registered_users: 200 OK'[39m
LOG: '[Ejabberd API] Response registered_users: 200 OK'
LOG LOG: [36m'[Ejabberd API] Response registered_users: 200 OK'[39m
LOG: '[Ejabberd API] Response registered_users: 200 OK'
LOG LOG: [36m'[Ejabberd API] Requesting registered_users from http://localhost:52810/api/ with user local-admin@local-jabber.entenhausen.pazz.de'[39m
LOG: '[Ejabberd API] Requesting registered_users from http://localhost:52810/api/ with user local-admin@local-jabber.entenhausen.pazz.de'
LOG LOG: [36m'[Ejabberd API] Response registered_users: 200 OK'[39m
LOG: '[Ejabberd API] Response registered_users: 200 OK'
LOG LOG: [36m'[Ejabberd API] Requesting check_account from http://localhost:52810/api/ with user local-admin@local-jabber.entenhausen.pazz.de'[39m
LOG: '[Ejabberd API] Requesting check_account from http://localhost:52810/api/ with user local-admin@local-jabber.entenhausen.pazz.de'
LOG LOG: [36m'[Ejabberd API] Response check_account: 200 OK'[39m
LOG: '[Ejabberd API] Response check_account: 200 OK'
LOG LOG: [36m'[Ejabberd API] Requesting register from http://localhost:52810/api/ with user local-admin@local-jabber.entenhausen.pazz.de'[39m
LOG: '[Ejabberd API] Requesting register from http://localhost:52810/api/ with user local-admin@local-jabber.entenhausen.pazz.de'
LOG LOG: [36m'[Ejabberd API] Response register: 200 OK'[39m
LOG: '[Ejabberd API] Response register: 200 OK'
LOG LOG: [36m'[Ejabberd API] Requesting registered_users from http://localhost:52810/api/ with user local-admin@local-jabber.entenhausen.pazz.de'[39m
LOG: '[Ejabberd API] Requesting registered_users from http://localhost:52810/api/ with user local-admin@local-jabber.entenhausen.pazz.de'
LOG LOG: [36m'[Ejabberd API] Response registered_users: 200 OK'[39m
LOG: '[Ejabberd API] Response registered_users: 200 OK'
LOG LOG: [36m'[Ejabberd API] Requesting check_account from http://localhost:52810/api/ with user local-admin@local-jabber.entenhausen.pazz.de'[39m
LOG: '[Ejabberd API] Requesting check_account from http://localhost:52810/api/ with user local-admin@local-jabber.entenhausen.pazz.de'
LOG LOG: [36m'[Ejabberd API] Response check_account: 200 OK'[39m
LOG: '[Ejabberd API] Response check_account: 200 OK'
LOG LOG: [36m'[Ejabberd API] Requesting register from http://localhost:52810/api/ with user local-admin@local-jabber.entenhausen.pazz.de'[39m
LOG: '[Ejabberd API] Requesting register from http://localhost:52810/api/ with user local-admin@local-jabber.entenhausen.pazz.de'
LOG LOG: [36m'[Ejabberd API] Response register: 200 OK'[39m
LOG: '[Ejabberd API] Response register: 200 OK'
LOG LOG: [36m'[Ejabberd API] Requesting get_room_affiliation from http://localhost:52810/api/ with user local-admin@local-jabber.entenhausen.pazz.de'[39m
LOG: '[Ejabberd API] Requesting get_room_affiliation from http://localhost:52810/api/ with user local-admin@local-jabber.entenhausen.pazz.de'
LOG LOG: [36m'[Ejabberd API] Response get_room_affiliation: 200 OK'[39m
LOG: '[Ejabberd API] Response get_room_affiliation: 200 OK'
LOG LOG: [36m'[Ejabberd API] Requesting get_room_affiliation from http://localhost:52810/api/ with user local-admin@local-jabber.entenhausen.pazz.de'[39m
LOG: '[Ejabberd API] Requesting get_room_affiliation from http://localhost:52810/api/ with user local-admin@local-jabber.entenhausen.pazz.de'
LOG LOG: [36m'[Ejabberd API] Response get_room_affiliation: 200 OK'[39m
LOG: '[Ejabberd API] Response get_room_affiliation: 200 OK'
LOG LOG: [36m'[Ejabberd API] Requesting destroy_room from http://localhost:52810/api/ with user local-admin@local-jabber.entenhausen.pazz.de'[39m
LOG: '[Ejabberd API] Requesting destroy_room from http://localhost:52810/api/ with user local-admin@local-jabber.entenhausen.pazz.de'
LOG LOG: [36m'[Ejabberd API] Requesting destroy_room from http://localhost:52810/api/ with user local-admin@local-jabber.entenhausen.pazz.de'[39m
LOG: '[Ejabberd API] Requesting destroy_room from http://localhost:52810/api/ with user local-admin@local-jabber.entenhausen.pazz.de'
LOG LOG: [36m'[Ejabberd API] Requesting destroy_room from http://localhost:52810/api/ with user local-admin@local-jabber.entenhausen.pazz.de'[39m
LOG: '[Ejabberd API] Requesting destroy_room from http://localhost:52810/api/ with user local-admin@local-jabber.entenhausen.pazz.de'
LOG LOG: [36m'[Ejabberd API] Requesting destroy_room from http://localhost:52810/api/ with user local-admin@local-jabber.entenhausen.pazz.de'[39m
LOG: '[Ejabberd API] Requesting destroy_room from http://localhost:52810/api/ with user local-admin@local-jabber.entenhausen.pazz.de'
LOG LOG: [36m'[Ejabberd API] Requesting destroy_room from http://localhost:52810/api/ with user local-admin@local-jabber.entenhausen.pazz.de'[39m
LOG: '[Ejabberd API] Requesting destroy_room from http://localhost:52810/api/ with user local-admin@local-jabber.entenhausen.pazz.de'
LOG LOG: [36m'[Ejabberd API] Requesting destroy_room from http://localhost:52810/api/ with user local-admin@local-jabber.entenhausen.pazz.de'[39m
LOG: '[Ejabberd API] Requesting destroy_room from http://localhost:52810/api/ with user local-admin@local-jabber.entenhausen.pazz.de'
LOG LOG: [36m'[Ejabberd API] Response destroy_room: 400 Bad Request'[39m
LOG: '[Ejabberd API] Response destroy_room: 400 Bad Request'
LOG LOG: [36m'[Ejabberd API] Response destroy_room: 400 Bad Request'[39m
LOG: '[Ejabberd API] Response destroy_room: 400 Bad Request'
LOG LOG: [36m'[Ejabberd API] Response destroy_room: 400 Bad Request'[39m
LOG: '[Ejabberd API] Response destroy_room: 400 Bad Request'
LOG LOG: [36m'[Ejabberd API] Response destroy_room: 200 OK'[39m
LOG: '[Ejabberd API] Response destroy_room: 200 OK'
LOG LOG: [36m'[Ejabberd API] Response destroy_room: 400 Bad Request'[39m
LOG: '[Ejabberd API] Response destroy_room: 400 Bad Request'
LOG LOG: [36m'[Ejabberd API] Response destroy_room: 400 Bad Request'[39m
LOG: '[Ejabberd API] Response destroy_room: 400 Bad Request'
LOG LOG: [36m'[Ejabberd API] Requesting registered_users from http://localhost:52810/api/ with user local-admin@local-jabber.entenhausen.pazz.de'[39m
LOG: '[Ejabberd API] Requesting registered_users from http://localhost:52810/api/ with user local-admin@local-jabber.entenhausen.pazz.de'
LOG LOG: [36m'[Ejabberd API] Requesting registered_users from http://localhost:52810/api/ with user local-admin@local-jabber.entenhausen.pazz.de'[39m
LOG: '[Ejabberd API] Requesting registered_users from http://localhost:52810/api/ with user local-admin@local-jabber.entenhausen.pazz.de'
LOG LOG: [36m'[Ejabberd API] Requesting registered_users from http://localhost:52810/api/ with user local-admin@local-jabber.entenhausen.pazz.de'[39m
LOG: '[Ejabberd API] Requesting registered_users from http://localhost:52810/api/ with user local-admin@local-jabber.entenhausen.pazz.de'
LOG LOG: [36m'[Ejabberd API] Requesting registered_users from http://localhost:52810/api/ with user local-admin@local-jabber.entenhausen.pazz.de'[39m
LOG: '[Ejabberd API] Requesting registered_users from http://localhost:52810/api/ with user local-admin@local-jabber.entenhausen.pazz.de'
LOG LOG: [36m'[Ejabberd API] Requesting registered_users from http://localhost:52810/api/ with user local-admin@local-jabber.entenhausen.pazz.de'[39m
LOG: '[Ejabberd API] Requesting registered_users from http://localhost:52810/api/ with user local-admin@local-jabber.entenhausen.pazz.de'
LOG LOG: [36m'[Ejabberd API] Response registered_users: 200 OK'[39m
LOG: '[Ejabberd API] Response registered_users: 200 OK'
LOG LOG: [36m'[Ejabberd API] Response registered_users: 200 OK'[39m
LOG: '[Ejabberd API] Response registered_users: 200 OK'
LOG LOG: [36m'[Ejabberd API] Requesting check_account from http://localhost:52810/api/ with user local-admin@local-jabber.entenhausen.pazz.de'[39m
LOG: '[Ejabberd API] Requesting check_account from http://localhost:52810/api/ with user local-admin@local-jabber.entenhausen.pazz.de'
LOG LOG: [36m'[Ejabberd API] Response registered_users: 200 OK'[39m
LOG: '[Ejabberd API] Response registered_users: 200 OK'
LOG LOG: [36m'[Ejabberd API] Requesting check_account from http://localhost:52810/api/ with user local-admin@local-jabber.entenhausen.pazz.de'[39m
LOG: '[Ejabberd API] Requesting check_account from http://localhost:52810/api/ with user local-admin@local-jabber.entenhausen.pazz.de'
LOG LOG: [36m'[Ejabberd API] Response registered_users: 200 OK'[39m
LOG: '[Ejabberd API] Response registered_users: 200 OK'
LOG LOG: [36m'[Ejabberd API] Response registered_users: 200 OK'[39m
LOG: '[Ejabberd API] Response registered_users: 200 OK'
LOG LOG: [36m'[Ejabberd API] Response check_account: 200 OK'[39m
LOG: '[Ejabberd API] Response check_account: 200 OK'
LOG LOG: [36m'[Ejabberd API] Requesting unregister from http://localhost:52810/api/ with user local-admin@local-jabber.entenhausen.pazz.de'[39m
LOG: '[Ejabberd API] Requesting unregister from http://localhost:52810/api/ with user local-admin@local-jabber.entenhausen.pazz.de'
LOG LOG: [36m'[Ejabberd API] Response check_account: 200 OK'[39m
LOG: '[Ejabberd API] Response check_account: 200 OK'
LOG LOG: [36m'[Ejabberd API] Requesting unregister from http://localhost:52810/api/ with user local-admin@local-jabber.entenhausen.pazz.de'[39m
LOG: '[Ejabberd API] Requesting unregister from http://localhost:52810/api/ with user local-admin@local-jabber.entenhausen.pazz.de'
LOG LOG: [36m'[Ejabberd API] Response unregister: 200 OK'[39m
LOG: '[Ejabberd API] Response unregister: 200 OK'
LOG LOG: [36m'[Ejabberd API] Response unregister: 200 OK'[39m
LOG: '[Ejabberd API] Response unregister: 200 OK'
    room joining
      [31m✗ [39m[31mshould be able to join a room with a invite[39m
	Expected 'none' to equal 'owner'.
	    at <Jasmine>
	    at UserContext.<anonymous> (libs/ngx-xmpp/src/test/multi-user-chat.plugin.spec.ts:348:9)
	    at Generator.next (<anonymous>)
	    at asyncGeneratorStep (node_modules/@babel/runtime/helpers/esm/asyncToGenerator.js:3:1)
	<presence xmlns="jabber:client" xml:lang="en" to="father@local-jabber.entenhausen.pazz.de/5733740179130926702528034" from="fatherroom-r9wi7d@conference.local-jabber.entenhausen.pazz.de/father" type="error" id="c643fc5e-8142-4a6a-9e1c-ec29201b66e6:sendPresence"><x xmlns="http://jabber.org/protocol/muc"><history maxstanzas="50" seconds="604800"></history></x><error type="auth"><registration-required xmlns="urn:ietf:params:xml:ns:xmpp-stanzas"></registration-required><text xmlns="urn:ietf:params:xml:ns:xmpp-stanzas" xml:lang="en">Membership is required to enter this room</text></error></presence> thrown
LOG LOG: [36m'[Ejabberd API] Requesting muc_online_rooms from http://localhost:52810/api/ with user local-admin@local-jabber.entenhausen.pazz.de'[39m
LOG: '[Ejabberd API] Requesting muc_online_rooms from http://localhost:52810/api/ with user local-admin@local-jabber.entenhausen.pazz.de'
LOG LOG: [36m'[Ejabberd API] Response muc_online_rooms: 200 OK'[39m
LOG: '[Ejabberd API] Response muc_online_rooms: 200 OK'
LOG LOG: [36m'[Ejabberd API] Requesting registered_users from http://localhost:52810/api/ with user local-admin@local-jabber.entenhausen.pazz.de'[39m
LOG: '[Ejabberd API] Requesting registered_users from http://localhost:52810/api/ with user local-admin@local-jabber.entenhausen.pazz.de'
LOG LOG: [36m'[Ejabberd API] Response registered_users: 200 OK'[39m
LOG: '[Ejabberd API] Response registered_users: 200 OK'
LOG LOG: [36m'[Ejabberd API] Requesting registered_users from http://localhost:52810/api/ with user local-admin@local-jabber.entenhausen.pazz.de'[39m
LOG: '[Ejabberd API] Requesting registered_users from http://localhost:52810/api/ with user local-admin@local-jabber.entenhausen.pazz.de'
LOG LOG: [36m'[Ejabberd API] Requesting registered_users from http://localhost:52810/api/ with user local-admin@local-jabber.entenhausen.pazz.de'[39m
LOG: '[Ejabberd API] Requesting registered_users from http://localhost:52810/api/ with user local-admin@local-jabber.entenhausen.pazz.de'
LOG LOG: [36m'[Ejabberd API] Requesting registered_users from http://localhost:52810/api/ with user local-admin@local-jabber.entenhausen.pazz.de'[39m
LOG: '[Ejabberd API] Requesting registered_users from http://localhost:52810/api/ with user local-admin@local-jabber.entenhausen.pazz.de'
LOG LOG: [36m'[Ejabberd API] Requesting registered_users from http://localhost:52810/api/ with user local-admin@local-jabber.entenhausen.pazz.de'[39m
LOG: '[Ejabberd API] Requesting registered_users from http://localhost:52810/api/ with user local-admin@local-jabber.entenhausen.pazz.de'
LOG LOG: [36m'[Ejabberd API] Requesting registered_users from http://localhost:52810/api/ with user local-admin@local-jabber.entenhausen.pazz.de'[39m
LOG: '[Ejabberd API] Requesting registered_users from http://localhost:52810/api/ with user local-admin@local-jabber.entenhausen.pazz.de'
LOG LOG: [36m'[Ejabberd API] Response registered_users: 200 OK'[39m
LOG: '[Ejabberd API] Response registered_users: 200 OK'
LOG LOG: [36m'[Ejabberd API] Response registered_users: 200 OK'[39m
LOG: '[Ejabberd API] Response registered_users: 200 OK'
LOG LOG: [36m'[Ejabberd API] Response registered_users: 200 OK'[39m
LOG: '[Ejabberd API] Response registered_users: 200 OK'
LOG LOG: [36m'[Ejabberd API] Response registered_users: 200 OK'[39m
LOG: '[Ejabberd API] Response registered_users: 200 OK'
LOG LOG: [36m'[Ejabberd API] Response registered_users: 200 OK'[39m
LOG: '[Ejabberd API] Response registered_users: 200 OK'
LOG LOG: [36m'[Ejabberd API] Requesting registered_users from http://localhost:52810/api/ with user local-admin@local-jabber.entenhausen.pazz.de'[39m
LOG: '[Ejabberd API] Requesting registered_users from http://localhost:52810/api/ with user local-admin@local-jabber.entenhausen.pazz.de'
LOG LOG: [36m'[Ejabberd API] Response registered_users: 200 OK'[39m
LOG: '[Ejabberd API] Response registered_users: 200 OK'
LOG LOG: [36m'[Ejabberd API] Requesting check_account from http://localhost:52810/api/ with user local-admin@local-jabber.entenhausen.pazz.de'[39m
LOG: '[Ejabberd API] Requesting check_account from http://localhost:52810/api/ with user local-admin@local-jabber.entenhausen.pazz.de'
LOG LOG: [36m'[Ejabberd API] Response check_account: 200 OK'[39m
LOG: '[Ejabberd API] Response check_account: 200 OK'
LOG LOG: [36m'[Ejabberd API] Requesting register from http://localhost:52810/api/ with user local-admin@local-jabber.entenhausen.pazz.de'[39m
LOG: '[Ejabberd API] Requesting register from http://localhost:52810/api/ with user local-admin@local-jabber.entenhausen.pazz.de'
LOG LOG: [36m'[Ejabberd API] Response register: 200 OK'[39m
LOG: '[Ejabberd API] Response register: 200 OK'
LOG LOG: [36m'[Ejabberd API] Requesting registered_users from http://localhost:52810/api/ with user local-admin@local-jabber.entenhausen.pazz.de'[39m
LOG: '[Ejabberd API] Requesting registered_users from http://localhost:52810/api/ with user local-admin@local-jabber.entenhausen.pazz.de'
LOG LOG: [36m'[Ejabberd API] Response registered_users: 200 OK'[39m
LOG: '[Ejabberd API] Response registered_users: 200 OK'
LOG LOG: [36m'[Ejabberd API] Requesting check_account from http://localhost:52810/api/ with user local-admin@local-jabber.entenhausen.pazz.de'[39m
LOG: '[Ejabberd API] Requesting check_account from http://localhost:52810/api/ with user local-admin@local-jabber.entenhausen.pazz.de'
LOG LOG: [36m'[Ejabberd API] Response check_account: 200 OK'[39m
LOG: '[Ejabberd API] Response check_account: 200 OK'
LOG LOG: [36m'[Ejabberd API] Requesting register from http://localhost:52810/api/ with user local-admin@local-jabber.entenhausen.pazz.de'[39m
LOG: '[Ejabberd API] Requesting register from http://localhost:52810/api/ with user local-admin@local-jabber.entenhausen.pazz.de'
LOG LOG: [36m'[Ejabberd API] Response register: 200 OK'[39m
LOG: '[Ejabberd API] Response register: 200 OK'
LOG LOG: [36m'[Ejabberd API] Requesting destroy_room from http://localhost:52810/api/ with user local-admin@local-jabber.entenhausen.pazz.de'[39m
LOG: '[Ejabberd API] Requesting destroy_room from http://localhost:52810/api/ with user local-admin@local-jabber.entenhausen.pazz.de'
LOG LOG: [36m'[Ejabberd API] Requesting destroy_room from http://localhost:52810/api/ with user local-admin@local-jabber.entenhausen.pazz.de'[39m
LOG: '[Ejabberd API] Requesting destroy_room from http://localhost:52810/api/ with user local-admin@local-jabber.entenhausen.pazz.de'
LOG LOG: [36m'[Ejabberd API] Requesting destroy_room from http://localhost:52810/api/ with user local-admin@local-jabber.entenhausen.pazz.de'[39m
LOG: '[Ejabberd API] Requesting destroy_room from http://localhost:52810/api/ with user local-admin@local-jabber.entenhausen.pazz.de'
LOG LOG: [36m'[Ejabberd API] Requesting destroy_room from http://localhost:52810/api/ with user local-admin@local-jabber.entenhausen.pazz.de'[39m
LOG: '[Ejabberd API] Requesting destroy_room from http://localhost:52810/api/ with user local-admin@local-jabber.entenhausen.pazz.de'
LOG LOG: [36m'[Ejabberd API] Requesting destroy_room from http://localhost:52810/api/ with user local-admin@local-jabber.entenhausen.pazz.de'[39m
LOG: '[Ejabberd API] Requesting destroy_room from http://localhost:52810/api/ with user local-admin@local-jabber.entenhausen.pazz.de'
LOG LOG: [36m'[Ejabberd API] Requesting destroy_room from http://localhost:52810/api/ with user local-admin@local-jabber.entenhausen.pazz.de'[39m
LOG: '[Ejabberd API] Requesting destroy_room from http://localhost:52810/api/ with user local-admin@local-jabber.entenhausen.pazz.de'
LOG LOG: [36m'[Ejabberd API] Response destroy_room: 200 OK'[39m
LOG: '[Ejabberd API] Response destroy_room: 200 OK'
LOG LOG: [36m'[Ejabberd API] Response destroy_room: 400 Bad Request'[39m
LOG: '[Ejabberd API] Response destroy_room: 400 Bad Request'
LOG LOG: [36m'[Ejabberd API] Response destroy_room: 200 OK'[39m
LOG: '[Ejabberd API] Response destroy_room: 200 OK'
LOG LOG: [36m'[Ejabberd API] Response destroy_room: 400 Bad Request'[39m
LOG: '[Ejabberd API] Response destroy_room: 400 Bad Request'
LOG LOG: [36m'[Ejabberd API] Response destroy_room: 200 OK'[39m
LOG: '[Ejabberd API] Response destroy_room: 200 OK'
LOG LOG: [36m'[Ejabberd API] Response destroy_room: 400 Bad Request'[39m
LOG: '[Ejabberd API] Response destroy_room: 400 Bad Request'
LOG LOG: [36m'[Ejabberd API] Requesting registered_users from http://localhost:52810/api/ with user local-admin@local-jabber.entenhausen.pazz.de'[39m
LOG: '[Ejabberd API] Requesting registered_users from http://localhost:52810/api/ with user local-admin@local-jabber.entenhausen.pazz.de'
LOG LOG: [36m'[Ejabberd API] Requesting registered_users from http://localhost:52810/api/ with user local-admin@local-jabber.entenhausen.pazz.de'[39m
LOG: '[Ejabberd API] Requesting registered_users from http://localhost:52810/api/ with user local-admin@local-jabber.entenhausen.pazz.de'
LOG LOG: [36m'[Ejabberd API] Requesting registered_users from http://localhost:52810/api/ with user local-admin@local-jabber.entenhausen.pazz.de'[39m
LOG: '[Ejabberd API] Requesting registered_users from http://localhost:52810/api/ with user local-admin@local-jabber.entenhausen.pazz.de'
LOG LOG: [36m'[Ejabberd API] Requesting registered_users from http://localhost:52810/api/ with user local-admin@local-jabber.entenhausen.pazz.de'[39m
LOG: '[Ejabberd API] Requesting registered_users from http://localhost:52810/api/ with user local-admin@local-jabber.entenhausen.pazz.de'
LOG LOG: [36m'[Ejabberd API] Requesting registered_users from http://localhost:52810/api/ with user local-admin@local-jabber.entenhausen.pazz.de'[39m
LOG: '[Ejabberd API] Requesting registered_users from http://localhost:52810/api/ with user local-admin@local-jabber.entenhausen.pazz.de'
LOG LOG: [36m'[Ejabberd API] Response registered_users: 200 OK'[39m
LOG: '[Ejabberd API] Response registered_users: 200 OK'
LOG LOG: [36m'[Ejabberd API] Requesting check_account from http://localhost:52810/api/ with user local-admin@local-jabber.entenhausen.pazz.de'[39m
LOG: '[Ejabberd API] Requesting check_account from http://localhost:52810/api/ with user local-admin@local-jabber.entenhausen.pazz.de'
LOG LOG: [36m'[Ejabberd API] Response registered_users: 200 OK'[39m
LOG: '[Ejabberd API] Response registered_users: 200 OK'
LOG LOG: [36m'[Ejabberd API] Response registered_users: 200 OK'[39m
LOG: '[Ejabberd API] Response registered_users: 200 OK'
LOG LOG: [36m'[Ejabberd API] Response registered_users: 200 OK'[39m
LOG: '[Ejabberd API] Response registered_users: 200 OK'
LOG LOG: [36m'[Ejabberd API] Response registered_users: 200 OK'[39m
LOG: '[Ejabberd API] Response registered_users: 200 OK'
LOG LOG: [36m'[Ejabberd API] Requesting check_account from http://localhost:52810/api/ with user local-admin@local-jabber.entenhausen.pazz.de'[39m
LOG: '[Ejabberd API] Requesting check_account from http://localhost:52810/api/ with user local-admin@local-jabber.entenhausen.pazz.de'
LOG LOG: [36m'[Ejabberd API] Response check_account: 200 OK'[39m
LOG: '[Ejabberd API] Response check_account: 200 OK'
LOG LOG: [36m'[Ejabberd API] Requesting unregister from http://localhost:52810/api/ with user local-admin@local-jabber.entenhausen.pazz.de'[39m
LOG: '[Ejabberd API] Requesting unregister from http://localhost:52810/api/ with user local-admin@local-jabber.entenhausen.pazz.de'
LOG LOG: [36m'[Ejabberd API] Response check_account: 200 OK'[39m
LOG: '[Ejabberd API] Response check_account: 200 OK'
LOG LOG: [36m'[Ejabberd API] Requesting unregister from http://localhost:52810/api/ with user local-admin@local-jabber.entenhausen.pazz.de'[39m
LOG: '[Ejabberd API] Requesting unregister from http://localhost:52810/api/ with user local-admin@local-jabber.entenhausen.pazz.de'
LOG LOG: [36m'[Ejabberd API] Response unregister: 200 OK'[39m
LOG: '[Ejabberd API] Response unregister: 200 OK'
LOG LOG: [36m'[Ejabberd API] Response unregister: 200 OK'[39m
LOG: '[Ejabberd API] Response unregister: 200 OK'
      [32m✓ [39mshould be able to query only for rooms joined
LOG LOG: [36m'[Ejabberd API] Requesting muc_online_rooms from http://localhost:52810/api/ with user local-admin@local-jabber.entenhausen.pazz.de'[39m
LOG: '[Ejabberd API] Requesting muc_online_rooms from http://localhost:52810/api/ with user local-admin@local-jabber.entenhausen.pazz.de'
LOG LOG: [36m'[Ejabberd API] Response muc_online_rooms: 200 OK'[39m
LOG: '[Ejabberd API] Response muc_online_rooms: 200 OK'
LOG LOG: [36m'[Ejabberd API] Requesting registered_users from http://localhost:52810/api/ with user local-admin@local-jabber.entenhausen.pazz.de'[39m
LOG: '[Ejabberd API] Requesting registered_users from http://localhost:52810/api/ with user local-admin@local-jabber.entenhausen.pazz.de'
LOG LOG: [36m'[Ejabberd API] Response registered_users: 200 OK'[39m
LOG: '[Ejabberd API] Response registered_users: 200 OK'
LOG LOG: [36m'[Ejabberd API] Requesting registered_users from http://localhost:52810/api/ with user local-admin@local-jabber.entenhausen.pazz.de'[39m
LOG: '[Ejabberd API] Requesting registered_users from http://localhost:52810/api/ with user local-admin@local-jabber.entenhausen.pazz.de'
LOG LOG: [36m'[Ejabberd API] Requesting registered_users from http://localhost:52810/api/ with user local-admin@local-jabber.entenhausen.pazz.de'[39m
LOG: '[Ejabberd API] Requesting registered_users from http://localhost:52810/api/ with user local-admin@local-jabber.entenhausen.pazz.de'
LOG LOG: [36m'[Ejabberd API] Requesting registered_users from http://localhost:52810/api/ with user local-admin@local-jabber.entenhausen.pazz.de'[39m
LOG: '[Ejabberd API] Requesting registered_users from http://localhost:52810/api/ with user local-admin@local-jabber.entenhausen.pazz.de'
LOG LOG: [36m'[Ejabberd API] Requesting registered_users from http://localhost:52810/api/ with user local-admin@local-jabber.entenhausen.pazz.de'[39m
LOG: '[Ejabberd API] Requesting registered_users from http://localhost:52810/api/ with user local-admin@local-jabber.entenhausen.pazz.de'
LOG LOG: [36m'[Ejabberd API] Requesting registered_users from http://localhost:52810/api/ with user local-admin@local-jabber.entenhausen.pazz.de'[39m
LOG: '[Ejabberd API] Requesting registered_users from http://localhost:52810/api/ with user local-admin@local-jabber.entenhausen.pazz.de'
LOG LOG: [36m'[Ejabberd API] Response registered_users: 200 OK'[39m
LOG: '[Ejabberd API] Response registered_users: 200 OK'
LOG LOG: [36m'[Ejabberd API] Response registered_users: 200 OK'[39m
LOG: '[Ejabberd API] Response registered_users: 200 OK'
LOG LOG: [36m'[Ejabberd API] Response registered_users: 200 OK'[39m
LOG: '[Ejabberd API] Response registered_users: 200 OK'
LOG LOG: [36m'[Ejabberd API] Response registered_users: 200 OK'[39m
LOG: '[Ejabberd API] Response registered_users: 200 OK'
LOG LOG: [36m'[Ejabberd API] Response registered_users: 200 OK'[39m
LOG: '[Ejabberd API] Response registered_users: 200 OK'
LOG LOG: [36m'[Ejabberd API] Requesting registered_users from http://localhost:52810/api/ with user local-admin@local-jabber.entenhausen.pazz.de'[39m
LOG: '[Ejabberd API] Requesting registered_users from http://localhost:52810/api/ with user local-admin@local-jabber.entenhausen.pazz.de'
LOG LOG: [36m'[Ejabberd API] Response registered_users: 200 OK'[39m
LOG: '[Ejabberd API] Response registered_users: 200 OK'
LOG LOG: [36m'[Ejabberd API] Requesting check_account from http://localhost:52810/api/ with user local-admin@local-jabber.entenhausen.pazz.de'[39m
LOG: '[Ejabberd API] Requesting check_account from http://localhost:52810/api/ with user local-admin@local-jabber.entenhausen.pazz.de'
LOG LOG: [36m'[Ejabberd API] Response check_account: 200 OK'[39m
LOG: '[Ejabberd API] Response check_account: 200 OK'
LOG LOG: [36m'[Ejabberd API] Requesting register from http://localhost:52810/api/ with user local-admin@local-jabber.entenhausen.pazz.de'[39m
LOG: '[Ejabberd API] Requesting register from http://localhost:52810/api/ with user local-admin@local-jabber.entenhausen.pazz.de'
LOG LOG: [36m'[Ejabberd API] Response register: 200 OK'[39m
LOG: '[Ejabberd API] Response register: 200 OK'
LOG LOG: [36m'[Ejabberd API] Requesting registered_users from http://localhost:52810/api/ with user local-admin@local-jabber.entenhausen.pazz.de'[39m
LOG: '[Ejabberd API] Requesting registered_users from http://localhost:52810/api/ with user local-admin@local-jabber.entenhausen.pazz.de'
LOG LOG: [36m'[Ejabberd API] Response registered_users: 200 OK'[39m
LOG: '[Ejabberd API] Response registered_users: 200 OK'
LOG LOG: [36m'[Ejabberd API] Requesting check_account from http://localhost:52810/api/ with user local-admin@local-jabber.entenhausen.pazz.de'[39m
LOG: '[Ejabberd API] Requesting check_account from http://localhost:52810/api/ with user local-admin@local-jabber.entenhausen.pazz.de'
LOG LOG: [36m'[Ejabberd API] Response check_account: 200 OK'[39m
LOG: '[Ejabberd API] Response check_account: 200 OK'
LOG LOG: [36m'[Ejabberd API] Requesting register from http://localhost:52810/api/ with user local-admin@local-jabber.entenhausen.pazz.de'[39m
LOG: '[Ejabberd API] Requesting register from http://localhost:52810/api/ with user local-admin@local-jabber.entenhausen.pazz.de'
LOG LOG: [36m'[Ejabberd API] Response register: 200 OK'[39m
LOG: '[Ejabberd API] Response register: 200 OK'
LOG LOG: [36m'[Ejabberd API] Requesting get_room_affiliation from http://localhost:52810/api/ with user local-admin@local-jabber.entenhausen.pazz.de'[39m
LOG: '[Ejabberd API] Requesting get_room_affiliation from http://localhost:52810/api/ with user local-admin@local-jabber.entenhausen.pazz.de'
LOG LOG: [36m'[Ejabberd API] Response get_room_affiliation: 200 OK'[39m
LOG: '[Ejabberd API] Response get_room_affiliation: 200 OK'
LOG LOG: [36m'[Ejabberd API] Requesting get_room_affiliation from http://localhost:52810/api/ with user local-admin@local-jabber.entenhausen.pazz.de'[39m
LOG: '[Ejabberd API] Requesting get_room_affiliation from http://localhost:52810/api/ with user local-admin@local-jabber.entenhausen.pazz.de'
LOG LOG: [36m'[Ejabberd API] Response get_room_affiliation: 200 OK'[39m
LOG: '[Ejabberd API] Response get_room_affiliation: 200 OK'
LOG LOG: [36m'[Ejabberd API] Requesting get_room_affiliation from http://localhost:52810/api/ with user local-admin@local-jabber.entenhausen.pazz.de'[39m
LOG: '[Ejabberd API] Requesting get_room_affiliation from http://localhost:52810/api/ with user local-admin@local-jabber.entenhausen.pazz.de'
LOG LOG: [36m'[Ejabberd API] Response get_room_affiliation: 200 OK'[39m
LOG: '[Ejabberd API] Response get_room_affiliation: 200 OK'
LOG LOG: [36m'[Ejabberd API] Requesting destroy_room from http://localhost:52810/api/ with user local-admin@local-jabber.entenhausen.pazz.de'[39m
LOG: '[Ejabberd API] Requesting destroy_room from http://localhost:52810/api/ with user local-admin@local-jabber.entenhausen.pazz.de'
LOG LOG: [36m'[Ejabberd API] Requesting destroy_room from http://localhost:52810/api/ with user local-admin@local-jabber.entenhausen.pazz.de'[39m
LOG: '[Ejabberd API] Requesting destroy_room from http://localhost:52810/api/ with user local-admin@local-jabber.entenhausen.pazz.de'
LOG LOG: [36m'[Ejabberd API] Requesting destroy_room from http://localhost:52810/api/ with user local-admin@local-jabber.entenhausen.pazz.de'[39m
LOG: '[Ejabberd API] Requesting destroy_room from http://localhost:52810/api/ with user local-admin@local-jabber.entenhausen.pazz.de'
LOG LOG: [36m'[Ejabberd API] Requesting destroy_room from http://localhost:52810/api/ with user local-admin@local-jabber.entenhausen.pazz.de'[39m
LOG: '[Ejabberd API] Requesting destroy_room from http://localhost:52810/api/ with user local-admin@local-jabber.entenhausen.pazz.de'
LOG LOG: [36m'[Ejabberd API] Requesting destroy_room from http://localhost:52810/api/ with user local-admin@local-jabber.entenhausen.pazz.de'[39m
LOG: '[Ejabberd API] Requesting destroy_room from http://localhost:52810/api/ with user local-admin@local-jabber.entenhausen.pazz.de'
LOG LOG: [36m'[Ejabberd API] Requesting destroy_room from http://localhost:52810/api/ with user local-admin@local-jabber.entenhausen.pazz.de'[39m
LOG: '[Ejabberd API] Requesting destroy_room from http://localhost:52810/api/ with user local-admin@local-jabber.entenhausen.pazz.de'
LOG LOG: [36m'[Ejabberd API] Response destroy_room: 400 Bad Request'[39m
LOG: '[Ejabberd API] Response destroy_room: 400 Bad Request'
LOG LOG: [36m'[Ejabberd API] Response destroy_room: 400 Bad Request'[39m
LOG: '[Ejabberd API] Response destroy_room: 400 Bad Request'
LOG LOG: [36m'[Ejabberd API] Response destroy_room: 400 Bad Request'[39m
LOG: '[Ejabberd API] Response destroy_room: 400 Bad Request'
LOG LOG: [36m'[Ejabberd API] Response destroy_room: 400 Bad Request'[39m
LOG: '[Ejabberd API] Response destroy_room: 400 Bad Request'
LOG LOG: [36m'[Ejabberd API] Response destroy_room: 400 Bad Request'[39m
LOG: '[Ejabberd API] Response destroy_room: 400 Bad Request'
LOG LOG: [36m'[Ejabberd API] Response destroy_room: 400 Bad Request'[39m
LOG: '[Ejabberd API] Response destroy_room: 400 Bad Request'
LOG LOG: [36m'[Ejabberd API] Requesting registered_users from http://localhost:52810/api/ with user local-admin@local-jabber.entenhausen.pazz.de'[39m
LOG: '[Ejabberd API] Requesting registered_users from http://localhost:52810/api/ with user local-admin@local-jabber.entenhausen.pazz.de'
LOG LOG: [36m'[Ejabberd API] Requesting registered_users from http://localhost:52810/api/ with user local-admin@local-jabber.entenhausen.pazz.de'[39m
LOG: '[Ejabberd API] Requesting registered_users from http://localhost:52810/api/ with user local-admin@local-jabber.entenhausen.pazz.de'
LOG LOG: [36m'[Ejabberd API] Requesting registered_users from http://localhost:52810/api/ with user local-admin@local-jabber.entenhausen.pazz.de'[39m
LOG: '[Ejabberd API] Requesting registered_users from http://localhost:52810/api/ with user local-admin@local-jabber.entenhausen.pazz.de'
LOG LOG: [36m'[Ejabberd API] Requesting registered_users from http://localhost:52810/api/ with user local-admin@local-jabber.entenhausen.pazz.de'[39m
LOG: '[Ejabberd API] Requesting registered_users from http://localhost:52810/api/ with user local-admin@local-jabber.entenhausen.pazz.de'
LOG LOG: [36m'[Ejabberd API] Requesting registered_users from http://localhost:52810/api/ with user local-admin@local-jabber.entenhausen.pazz.de'[39m
LOG: '[Ejabberd API] Requesting registered_users from http://localhost:52810/api/ with user local-admin@local-jabber.entenhausen.pazz.de'
LOG LOG: [36m'[Ejabberd API] Response registered_users: 200 OK'[39m
LOG: '[Ejabberd API] Response registered_users: 200 OK'
LOG LOG: [36m'[Ejabberd API] Requesting check_account from http://localhost:52810/api/ with user local-admin@local-jabber.entenhausen.pazz.de'[39m
LOG: '[Ejabberd API] Requesting check_account from http://localhost:52810/api/ with user local-admin@local-jabber.entenhausen.pazz.de'
LOG LOG: [36m'[Ejabberd API] Response registered_users: 200 OK'[39m
LOG: '[Ejabberd API] Response registered_users: 200 OK'
LOG LOG: [36m'[Ejabberd API] Response registered_users: 200 OK'[39m
LOG: '[Ejabberd API] Response registered_users: 200 OK'
LOG LOG: [36m'[Ejabberd API] Response registered_users: 200 OK'[39m
LOG: '[Ejabberd API] Response registered_users: 200 OK'
LOG LOG: [36m'[Ejabberd API] Requesting check_account from http://localhost:52810/api/ with user local-admin@local-jabber.entenhausen.pazz.de'[39m
LOG: '[Ejabberd API] Requesting check_account from http://localhost:52810/api/ with user local-admin@local-jabber.entenhausen.pazz.de'
LOG LOG: [36m'[Ejabberd API] Response registered_users: 200 OK'[39m
LOG: '[Ejabberd API] Response registered_users: 200 OK'
LOG LOG: [36m'[Ejabberd API] Response check_account: 200 OK'[39m
LOG: '[Ejabberd API] Response check_account: 200 OK'
LOG LOG: [36m'[Ejabberd API] Requesting unregister from http://localhost:52810/api/ with user local-admin@local-jabber.entenhausen.pazz.de'[39m
LOG: '[Ejabberd API] Requesting unregister from http://localhost:52810/api/ with user local-admin@local-jabber.entenhausen.pazz.de'
LOG LOG: [36m'[Ejabberd API] Response check_account: 200 OK'[39m
LOG: '[Ejabberd API] Response check_account: 200 OK'
LOG LOG: [36m'[Ejabberd API] Requesting unregister from http://localhost:52810/api/ with user local-admin@local-jabber.entenhausen.pazz.de'[39m
LOG: '[Ejabberd API] Requesting unregister from http://localhost:52810/api/ with user local-admin@local-jabber.entenhausen.pazz.de'
LOG LOG: [36m'[Ejabberd API] Response unregister: 200 OK'[39m
LOG: '[Ejabberd API] Response unregister: 200 OK'
LOG LOG: [36m'[Ejabberd API] Response unregister: 200 OK'[39m
LOG: '[Ejabberd API] Response unregister: 200 OK'
      [31m✗ [39m[31mshould be able to join multiple rooms[39m
	Error: Timeout - Async function did not complete within 60000ms (custom timeout)
	    at <Jasmine>
LOG LOG: [36m'[Ejabberd API] Requesting muc_online_rooms from http://localhost:52810/api/ with user local-admin@local-jabber.entenhausen.pazz.de'[39m
LOG: '[Ejabberd API] Requesting muc_online_rooms from http://localhost:52810/api/ with user local-admin@local-jabber.entenhausen.pazz.de'
LOG LOG: [36m'[Ejabberd API] Response muc_online_rooms: 200 OK'[39m
LOG: '[Ejabberd API] Response muc_online_rooms: 200 OK'
LOG LOG: [36m'[Ejabberd API] Requesting registered_users from http://localhost:52810/api/ with user local-admin@local-jabber.entenhausen.pazz.de'[39m
LOG: '[Ejabberd API] Requesting registered_users from http://localhost:52810/api/ with user local-admin@local-jabber.entenhausen.pazz.de'
LOG LOG: [36m'[Ejabberd API] Response registered_users: 200 OK'[39m
LOG: '[Ejabberd API] Response registered_users: 200 OK'
LOG LOG: [36m'[Ejabberd API] Requesting registered_users from http://localhost:52810/api/ with user local-admin@local-jabber.entenhausen.pazz.de'[39m
LOG: '[Ejabberd API] Requesting registered_users from http://localhost:52810/api/ with user local-admin@local-jabber.entenhausen.pazz.de'
LOG LOG: [36m'[Ejabberd API] Requesting registered_users from http://localhost:52810/api/ with user local-admin@local-jabber.entenhausen.pazz.de'[39m
LOG: '[Ejabberd API] Requesting registered_users from http://localhost:52810/api/ with user local-admin@local-jabber.entenhausen.pazz.de'
LOG LOG: [36m'[Ejabberd API] Requesting registered_users from http://localhost:52810/api/ with user local-admin@local-jabber.entenhausen.pazz.de'[39m
LOG: '[Ejabberd API] Requesting registered_users from http://localhost:52810/api/ with user local-admin@local-jabber.entenhausen.pazz.de'
LOG LOG: [36m'[Ejabberd API] Requesting registered_users from http://localhost:52810/api/ with user local-admin@local-jabber.entenhausen.pazz.de'[39m
LOG: '[Ejabberd API] Requesting registered_users from http://localhost:52810/api/ with user local-admin@local-jabber.entenhausen.pazz.de'
LOG LOG: [36m'[Ejabberd API] Requesting registered_users from http://localhost:52810/api/ with user local-admin@local-jabber.entenhausen.pazz.de'[39m
LOG: '[Ejabberd API] Requesting registered_users from http://localhost:52810/api/ with user local-admin@local-jabber.entenhausen.pazz.de'
LOG LOG: [36m'[Ejabberd API] Response registered_users: 200 OK'[39m
LOG: '[Ejabberd API] Response registered_users: 200 OK'
LOG LOG: [36m'[Ejabberd API] Response registered_users: 200 OK'[39m
LOG: '[Ejabberd API] Response registered_users: 200 OK'
LOG LOG: [36m'[Ejabberd API] Response registered_users: 200 OK'[39m
LOG: '[Ejabberd API] Response registered_users: 200 OK'
LOG LOG: [36m'[Ejabberd API] Response registered_users: 200 OK'[39m
LOG: '[Ejabberd API] Response registered_users: 200 OK'
LOG LOG: [36m'[Ejabberd API] Response registered_users: 200 OK'[39m
LOG: '[Ejabberd API] Response registered_users: 200 OK'
LOG LOG: [36m'[Ejabberd API] Requesting registered_users from http://localhost:52810/api/ with user local-admin@local-jabber.entenhausen.pazz.de'[39m
LOG: '[Ejabberd API] Requesting registered_users from http://localhost:52810/api/ with user local-admin@local-jabber.entenhausen.pazz.de'
LOG LOG: [36m'[Ejabberd API] Response registered_users: 200 OK'[39m
LOG: '[Ejabberd API] Response registered_users: 200 OK'
LOG LOG: [36m'[Ejabberd API] Requesting check_account from http://localhost:52810/api/ with user local-admin@local-jabber.entenhausen.pazz.de'[39m
LOG: '[Ejabberd API] Requesting check_account from http://localhost:52810/api/ with user local-admin@local-jabber.entenhausen.pazz.de'
LOG LOG: [36m'[Ejabberd API] Response check_account: 200 OK'[39m
LOG: '[Ejabberd API] Response check_account: 200 OK'
LOG LOG: [36m'[Ejabberd API] Requesting register from http://localhost:52810/api/ with user local-admin@local-jabber.entenhausen.pazz.de'[39m
LOG: '[Ejabberd API] Requesting register from http://localhost:52810/api/ with user local-admin@local-jabber.entenhausen.pazz.de'
LOG LOG: [36m'[Ejabberd API] Response register: 200 OK'[39m
LOG: '[Ejabberd API] Response register: 200 OK'
LOG LOG: [36m'[Ejabberd API] Requesting registered_users from http://localhost:52810/api/ with user local-admin@local-jabber.entenhausen.pazz.de'[39m
LOG: '[Ejabberd API] Requesting registered_users from http://localhost:52810/api/ with user local-admin@local-jabber.entenhausen.pazz.de'
LOG LOG: [36m'[Ejabberd API] Response registered_users: 200 OK'[39m
LOG: '[Ejabberd API] Response registered_users: 200 OK'
LOG LOG: [36m'[Ejabberd API] Requesting check_account from http://localhost:52810/api/ with user local-admin@local-jabber.entenhausen.pazz.de'[39m
LOG: '[Ejabberd API] Requesting check_account from http://localhost:52810/api/ with user local-admin@local-jabber.entenhausen.pazz.de'
LOG LOG: [36m'[Ejabberd API] Response check_account: 200 OK'[39m
LOG: '[Ejabberd API] Response check_account: 200 OK'
LOG LOG: [36m'[Ejabberd API] Requesting register from http://localhost:52810/api/ with user local-admin@local-jabber.entenhausen.pazz.de'[39m
LOG: '[Ejabberd API] Requesting register from http://localhost:52810/api/ with user local-admin@local-jabber.entenhausen.pazz.de'
LOG LOG: [36m'[Ejabberd API] Response register: 200 OK'[39m
LOG: '[Ejabberd API] Response register: 200 OK'
LOG LOG: [36m'[Ejabberd API] Requesting destroy_room from http://localhost:52810/api/ with user local-admin@local-jabber.entenhausen.pazz.de'[39m
LOG: '[Ejabberd API] Requesting destroy_room from http://localhost:52810/api/ with user local-admin@local-jabber.entenhausen.pazz.de'
LOG LOG: [36m'[Ejabberd API] Requesting destroy_room from http://localhost:52810/api/ with user local-admin@local-jabber.entenhausen.pazz.de'[39m
LOG: '[Ejabberd API] Requesting destroy_room from http://localhost:52810/api/ with user local-admin@local-jabber.entenhausen.pazz.de'
LOG LOG: [36m'[Ejabberd API] Requesting destroy_room from http://localhost:52810/api/ with user local-admin@local-jabber.entenhausen.pazz.de'[39m
LOG: '[Ejabberd API] Requesting destroy_room from http://localhost:52810/api/ with user local-admin@local-jabber.entenhausen.pazz.de'
LOG LOG: [36m'[Ejabberd API] Requesting destroy_room from http://localhost:52810/api/ with user local-admin@local-jabber.entenhausen.pazz.de'[39m
LOG: '[Ejabberd API] Requesting destroy_room from http://localhost:52810/api/ with user local-admin@local-jabber.entenhausen.pazz.de'
LOG LOG: [36m'[Ejabberd API] Requesting destroy_room from http://localhost:52810/api/ with user local-admin@local-jabber.entenhausen.pazz.de'[39m
LOG: '[Ejabberd API] Requesting destroy_room from http://localhost:52810/api/ with user local-admin@local-jabber.entenhausen.pazz.de'
LOG LOG: [36m'[Ejabberd API] Requesting destroy_room from http://localhost:52810/api/ with user local-admin@local-jabber.entenhausen.pazz.de'[39m
LOG: '[Ejabberd API] Requesting destroy_room from http://localhost:52810/api/ with user local-admin@local-jabber.entenhausen.pazz.de'
LOG LOG: [36m'[Ejabberd API] Response destroy_room: 400 Bad Request'[39m
LOG: '[Ejabberd API] Response destroy_room: 400 Bad Request'
LOG LOG: [36m'[Ejabberd API] Response destroy_room: 400 Bad Request'[39m
LOG: '[Ejabberd API] Response destroy_room: 400 Bad Request'
LOG LOG: [36m'[Ejabberd API] Response destroy_room: 400 Bad Request'[39m
LOG: '[Ejabberd API] Response destroy_room: 400 Bad Request'
LOG LOG: [36m'[Ejabberd API] Response destroy_room: 400 Bad Request'[39m
LOG: '[Ejabberd API] Response destroy_room: 400 Bad Request'
LOG LOG: [36m'[Ejabberd API] Response destroy_room: 400 Bad Request'[39m
LOG: '[Ejabberd API] Response destroy_room: 400 Bad Request'
LOG LOG: [36m'[Ejabberd API] Response destroy_room: 400 Bad Request'[39m
LOG: '[Ejabberd API] Response destroy_room: 400 Bad Request'
LOG LOG: [36m'[Ejabberd API] Requesting registered_users from http://localhost:52810/api/ with user local-admin@local-jabber.entenhausen.pazz.de'[39m
LOG: '[Ejabberd API] Requesting registered_users from http://localhost:52810/api/ with user local-admin@local-jabber.entenhausen.pazz.de'
LOG LOG: [36m'[Ejabberd API] Requesting registered_users from http://localhost:52810/api/ with user local-admin@local-jabber.entenhausen.pazz.de'[39m
LOG: '[Ejabberd API] Requesting registered_users from http://localhost:52810/api/ with user local-admin@local-jabber.entenhausen.pazz.de'
LOG LOG: [36m'[Ejabberd API] Requesting registered_users from http://localhost:52810/api/ with user local-admin@local-jabber.entenhausen.pazz.de'[39m
LOG: '[Ejabberd API] Requesting registered_users from http://localhost:52810/api/ with user local-admin@local-jabber.entenhausen.pazz.de'
LOG LOG: [36m'[Ejabberd API] Requesting registered_users from http://localhost:52810/api/ with user local-admin@local-jabber.entenhausen.pazz.de'[39m
LOG: '[Ejabberd API] Requesting registered_users from http://localhost:52810/api/ with user local-admin@local-jabber.entenhausen.pazz.de'
LOG LOG: [36m'[Ejabberd API] Requesting registered_users from http://localhost:52810/api/ with user local-admin@local-jabber.entenhausen.pazz.de'[39m
LOG: '[Ejabberd API] Requesting registered_users from http://localhost:52810/api/ with user local-admin@local-jabber.entenhausen.pazz.de'
LOG LOG: [36m'[Ejabberd API] Response registered_users: 200 OK'[39m
LOG: '[Ejabberd API] Response registered_users: 200 OK'
LOG LOG: [36m'[Ejabberd API] Response registered_users: 200 OK'[39m
LOG: '[Ejabberd API] Response registered_users: 200 OK'
LOG LOG: [36m'[Ejabberd API] Response registered_users: 200 OK'[39m
LOG: '[Ejabberd API] Response registered_users: 200 OK'
LOG LOG: [36m'[Ejabberd API] Requesting check_account from http://localhost:52810/api/ with user local-admin@local-jabber.entenhausen.pazz.de'[39m
LOG: '[Ejabberd API] Requesting check_account from http://localhost:52810/api/ with user local-admin@local-jabber.entenhausen.pazz.de'
LOG LOG: [36m'[Ejabberd API] Response registered_users: 200 OK'[39m
LOG: '[Ejabberd API] Response registered_users: 200 OK'
LOG LOG: [36m'[Ejabberd API] Response registered_users: 200 OK'[39m
LOG: '[Ejabberd API] Response registered_users: 200 OK'
LOG LOG: [36m'[Ejabberd API] Requesting check_account from http://localhost:52810/api/ with user local-admin@local-jabber.entenhausen.pazz.de'[39m
LOG: '[Ejabberd API] Requesting check_account from http://localhost:52810/api/ with user local-admin@local-jabber.entenhausen.pazz.de'
LOG LOG: [36m'[Ejabberd API] Response check_account: 200 OK'[39m
LOG: '[Ejabberd API] Response check_account: 200 OK'
LOG LOG: [36m'[Ejabberd API] Response check_account: 200 OK'[39m
LOG: '[Ejabberd API] Response check_account: 200 OK'
LOG LOG: [36m'[Ejabberd API] Requesting unregister from http://localhost:52810/api/ with user local-admin@local-jabber.entenhausen.pazz.de'[39m
LOG: '[Ejabberd API] Requesting unregister from http://localhost:52810/api/ with user local-admin@local-jabber.entenhausen.pazz.de'
LOG LOG: [36m'[Ejabberd API] Requesting unregister from http://localhost:52810/api/ with user local-admin@local-jabber.entenhausen.pazz.de'[39m
LOG: '[Ejabberd API] Requesting unregister from http://localhost:52810/api/ with user local-admin@local-jabber.entenhausen.pazz.de'
LOG LOG: [36m'[Ejabberd API] Response unregister: 200 OK'[39m
LOG: '[Ejabberd API] Response unregister: 200 OK'
LOG LOG: [36m'[Ejabberd API] Response unregister: 200 OK'[39m
LOG: '[Ejabberd API] Response unregister: 200 OK'
      [31m✗ [39m[31mshould be able to leave all rooms[39m
	Error: Timeout - Async function did not complete within 60000ms (custom timeout)
	    at <Jasmine>
LOG LOG: [36m'[Ejabberd API] Requesting muc_online_rooms from http://localhost:52810/api/ with user local-admin@local-jabber.entenhausen.pazz.de'[39m
LOG: '[Ejabberd API] Requesting muc_online_rooms from http://localhost:52810/api/ with user local-admin@local-jabber.entenhausen.pazz.de'
LOG LOG: [36m'[Ejabberd API] Response muc_online_rooms: 200 OK'[39m
LOG: '[Ejabberd API] Response muc_online_rooms: 200 OK'
LOG LOG: [36m'[Ejabberd API] Requesting registered_users from http://localhost:52810/api/ with user local-admin@local-jabber.entenhausen.pazz.de'[39m
LOG: '[Ejabberd API] Requesting registered_users from http://localhost:52810/api/ with user local-admin@local-jabber.entenhausen.pazz.de'
LOG LOG: [36m'[Ejabberd API] Response registered_users: 200 OK'[39m
LOG: '[Ejabberd API] Response registered_users: 200 OK'
LOG LOG: [36m'[Ejabberd API] Requesting registered_users from http://localhost:52810/api/ with user local-admin@local-jabber.entenhausen.pazz.de'[39m
LOG: '[Ejabberd API] Requesting registered_users from http://localhost:52810/api/ with user local-admin@local-jabber.entenhausen.pazz.de'
LOG LOG: [36m'[Ejabberd API] Requesting registered_users from http://localhost:52810/api/ with user local-admin@local-jabber.entenhausen.pazz.de'[39m
LOG: '[Ejabberd API] Requesting registered_users from http://localhost:52810/api/ with user local-admin@local-jabber.entenhausen.pazz.de'
LOG LOG: [36m'[Ejabberd API] Requesting registered_users from http://localhost:52810/api/ with user local-admin@local-jabber.entenhausen.pazz.de'[39m
LOG: '[Ejabberd API] Requesting registered_users from http://localhost:52810/api/ with user local-admin@local-jabber.entenhausen.pazz.de'
LOG LOG: [36m'[Ejabberd API] Requesting registered_users from http://localhost:52810/api/ with user local-admin@local-jabber.entenhausen.pazz.de'[39m
LOG: '[Ejabberd API] Requesting registered_users from http://localhost:52810/api/ with user local-admin@local-jabber.entenhausen.pazz.de'
LOG LOG: [36m'[Ejabberd API] Requesting registered_users from http://localhost:52810/api/ with user local-admin@local-jabber.entenhausen.pazz.de'[39m
LOG: '[Ejabberd API] Requesting registered_users from http://localhost:52810/api/ with user local-admin@local-jabber.entenhausen.pazz.de'
LOG LOG: [36m'[Ejabberd API] Response registered_users: 200 OK'[39m
LOG: '[Ejabberd API] Response registered_users: 200 OK'
LOG LOG: [36m'[Ejabberd API] Response registered_users: 200 OK'[39m
LOG: '[Ejabberd API] Response registered_users: 200 OK'
LOG LOG: [36m'[Ejabberd API] Response registered_users: 200 OK'[39m
LOG: '[Ejabberd API] Response registered_users: 200 OK'
LOG LOG: [36m'[Ejabberd API] Response registered_users: 200 OK'[39m
LOG: '[Ejabberd API] Response registered_users: 200 OK'
LOG LOG: [36m'[Ejabberd API] Response registered_users: 200 OK'[39m
LOG: '[Ejabberd API] Response registered_users: 200 OK'
LOG LOG: [36m'[Ejabberd API] Requesting registered_users from http://localhost:52810/api/ with user local-admin@local-jabber.entenhausen.pazz.de'[39m
LOG: '[Ejabberd API] Requesting registered_users from http://localhost:52810/api/ with user local-admin@local-jabber.entenhausen.pazz.de'
LOG LOG: [36m'[Ejabberd API] Response registered_users: 200 OK'[39m
LOG: '[Ejabberd API] Response registered_users: 200 OK'
LOG LOG: [36m'[Ejabberd API] Requesting check_account from http://localhost:52810/api/ with user local-admin@local-jabber.entenhausen.pazz.de'[39m
LOG: '[Ejabberd API] Requesting check_account from http://localhost:52810/api/ with user local-admin@local-jabber.entenhausen.pazz.de'
LOG LOG: [36m'[Ejabberd API] Response check_account: 200 OK'[39m
LOG: '[Ejabberd API] Response check_account: 200 OK'
LOG LOG: [36m'[Ejabberd API] Requesting register from http://localhost:52810/api/ with user local-admin@local-jabber.entenhausen.pazz.de'[39m
LOG: '[Ejabberd API] Requesting register from http://localhost:52810/api/ with user local-admin@local-jabber.entenhausen.pazz.de'
LOG LOG: [36m'[Ejabberd API] Response register: 200 OK'[39m
LOG: '[Ejabberd API] Response register: 200 OK'
LOG LOG: [36m'[Ejabberd API] Requesting registered_users from http://localhost:52810/api/ with user local-admin@local-jabber.entenhausen.pazz.de'[39m
LOG: '[Ejabberd API] Requesting registered_users from http://localhost:52810/api/ with user local-admin@local-jabber.entenhausen.pazz.de'
LOG LOG: [36m'[Ejabberd API] Response registered_users: 200 OK'[39m
LOG: '[Ejabberd API] Response registered_users: 200 OK'
LOG LOG: [36m'[Ejabberd API] Requesting check_account from http://localhost:52810/api/ with user local-admin@local-jabber.entenhausen.pazz.de'[39m
LOG: '[Ejabberd API] Requesting check_account from http://localhost:52810/api/ with user local-admin@local-jabber.entenhausen.pazz.de'
LOG LOG: [36m'[Ejabberd API] Response check_account: 200 OK'[39m
LOG: '[Ejabberd API] Response check_account: 200 OK'
LOG LOG: [36m'[Ejabberd API] Requesting register from http://localhost:52810/api/ with user local-admin@local-jabber.entenhausen.pazz.de'[39m
LOG: '[Ejabberd API] Requesting register from http://localhost:52810/api/ with user local-admin@local-jabber.entenhausen.pazz.de'
LOG LOG: [36m'[Ejabberd API] Response register: 200 OK'[39m
LOG: '[Ejabberd API] Response register: 200 OK'
LOG LOG: [36m'[Ejabberd API] Requesting destroy_room from http://localhost:52810/api/ with user local-admin@local-jabber.entenhausen.pazz.de'[39m
LOG: '[Ejabberd API] Requesting destroy_room from http://localhost:52810/api/ with user local-admin@local-jabber.entenhausen.pazz.de'
LOG LOG: [36m'[Ejabberd API] Requesting destroy_room from http://localhost:52810/api/ with user local-admin@local-jabber.entenhausen.pazz.de'[39m
LOG: '[Ejabberd API] Requesting destroy_room from http://localhost:52810/api/ with user local-admin@local-jabber.entenhausen.pazz.de'
LOG LOG: [36m'[Ejabberd API] Requesting destroy_room from http://localhost:52810/api/ with user local-admin@local-jabber.entenhausen.pazz.de'[39m
LOG: '[Ejabberd API] Requesting destroy_room from http://localhost:52810/api/ with user local-admin@local-jabber.entenhausen.pazz.de'
LOG LOG: [36m'[Ejabberd API] Requesting destroy_room from http://localhost:52810/api/ with user local-admin@local-jabber.entenhausen.pazz.de'[39m
LOG: '[Ejabberd API] Requesting destroy_room from http://localhost:52810/api/ with user local-admin@local-jabber.entenhausen.pazz.de'
LOG LOG: [36m'[Ejabberd API] Requesting destroy_room from http://localhost:52810/api/ with user local-admin@local-jabber.entenhausen.pazz.de'[39m
LOG: '[Ejabberd API] Requesting destroy_room from http://localhost:52810/api/ with user local-admin@local-jabber.entenhausen.pazz.de'
LOG LOG: [36m'[Ejabberd API] Requesting destroy_room from http://localhost:52810/api/ with user local-admin@local-jabber.entenhausen.pazz.de'[39m
LOG: '[Ejabberd API] Requesting destroy_room from http://localhost:52810/api/ with user local-admin@local-jabber.entenhausen.pazz.de'
LOG LOG: [36m'[Ejabberd API] Response destroy_room: 200 OK'[39m
LOG: '[Ejabberd API] Response destroy_room: 200 OK'
LOG LOG: [36m'[Ejabberd API] Response destroy_room: 400 Bad Request'[39m
LOG: '[Ejabberd API] Response destroy_room: 400 Bad Request'
LOG LOG: [36m'[Ejabberd API] Response destroy_room: 400 Bad Request'[39m
LOG: '[Ejabberd API] Response destroy_room: 400 Bad Request'
LOG LOG: [36m'[Ejabberd API] Response destroy_room: 200 OK'[39m
LOG: '[Ejabberd API] Response destroy_room: 200 OK'
LOG LOG: [36m'[Ejabberd API] Response destroy_room: 200 OK'[39m
LOG: '[Ejabberd API] Response destroy_room: 200 OK'
LOG LOG: [36m'[Ejabberd API] Response destroy_room: 400 Bad Request'[39m
LOG: '[Ejabberd API] Response destroy_room: 400 Bad Request'
LOG LOG: [36m'[Ejabberd API] Requesting registered_users from http://localhost:52810/api/ with user local-admin@local-jabber.entenhausen.pazz.de'[39m
LOG: '[Ejabberd API] Requesting registered_users from http://localhost:52810/api/ with user local-admin@local-jabber.entenhausen.pazz.de'
LOG LOG: [36m'[Ejabberd API] Requesting registered_users from http://localhost:52810/api/ with user local-admin@local-jabber.entenhausen.pazz.de'[39m
LOG: '[Ejabberd API] Requesting registered_users from http://localhost:52810/api/ with user local-admin@local-jabber.entenhausen.pazz.de'
LOG LOG: [36m'[Ejabberd API] Requesting registered_users from http://localhost:52810/api/ with user local-admin@local-jabber.entenhausen.pazz.de'[39m
LOG: '[Ejabberd API] Requesting registered_users from http://localhost:52810/api/ with user local-admin@local-jabber.entenhausen.pazz.de'
LOG LOG: [36m'[Ejabberd API] Requesting registered_users from http://localhost:52810/api/ with user local-admin@local-jabber.entenhausen.pazz.de'[39m
LOG: '[Ejabberd API] Requesting registered_users from http://localhost:52810/api/ with user local-admin@local-jabber.entenhausen.pazz.de'
LOG LOG: [36m'[Ejabberd API] Requesting registered_users from http://localhost:52810/api/ with user local-admin@local-jabber.entenhausen.pazz.de'[39m
LOG: '[Ejabberd API] Requesting registered_users from http://localhost:52810/api/ with user local-admin@local-jabber.entenhausen.pazz.de'
LOG LOG: [36m'[Ejabberd API] Response registered_users: 200 OK'[39m
LOG: '[Ejabberd API] Response registered_users: 200 OK'
LOG LOG: [36m'[Ejabberd API] Requesting check_account from http://localhost:52810/api/ with user local-admin@local-jabber.entenhausen.pazz.de'[39m
LOG: '[Ejabberd API] Requesting check_account from http://localhost:52810/api/ with user local-admin@local-jabber.entenhausen.pazz.de'
LOG LOG: [36m'[Ejabberd API] Response registered_users: 200 OK'[39m
LOG: '[Ejabberd API] Response registered_users: 200 OK'
LOG LOG: [36m'[Ejabberd API] Response registered_users: 200 OK'[39m
LOG: '[Ejabberd API] Response registered_users: 200 OK'
LOG LOG: [36m'[Ejabberd API] Response registered_users: 200 OK'[39m
LOG: '[Ejabberd API] Response registered_users: 200 OK'
LOG LOG: [36m'[Ejabberd API] Response registered_users: 200 OK'[39m
LOG: '[Ejabberd API] Response registered_users: 200 OK'
LOG LOG: [36m'[Ejabberd API] Requesting check_account from http://localhost:52810/api/ with user local-admin@local-jabber.entenhausen.pazz.de'[39m
LOG: '[Ejabberd API] Requesting check_account from http://localhost:52810/api/ with user local-admin@local-jabber.entenhausen.pazz.de'
LOG LOG: [36m'[Ejabberd API] Response check_account: 200 OK'[39m
LOG: '[Ejabberd API] Response check_account: 200 OK'
LOG LOG: [36m'[Ejabberd API] Requesting unregister from http://localhost:52810/api/ with user local-admin@local-jabber.entenhausen.pazz.de'[39m
LOG: '[Ejabberd API] Requesting unregister from http://localhost:52810/api/ with user local-admin@local-jabber.entenhausen.pazz.de'
LOG LOG: [36m'[Ejabberd API] Response check_account: 200 OK'[39m
LOG: '[Ejabberd API] Response check_account: 200 OK'
LOG LOG: [36m'[Ejabberd API] Requesting unregister from http://localhost:52810/api/ with user local-admin@local-jabber.entenhausen.pazz.de'[39m
LOG: '[Ejabberd API] Requesting unregister from http://localhost:52810/api/ with user local-admin@local-jabber.entenhausen.pazz.de'
LOG LOG: [36m'[Ejabberd API] Response unregister: 200 OK'[39m
LOG: '[Ejabberd API] Response unregister: 200 OK'
LOG LOG: [36m'[Ejabberd API] Response unregister: 200 OK'[39m
LOG: '[Ejabberd API] Response unregister: 200 OK'
      [32m✓ [39mshould be able to keep the rooms when logging out and and in
LOG LOG: [36m'[Ejabberd API] Requesting muc_online_rooms from http://localhost:52810/api/ with user local-admin@local-jabber.entenhausen.pazz.de'[39m
LOG: '[Ejabberd API] Requesting muc_online_rooms from http://localhost:52810/api/ with user local-admin@local-jabber.entenhausen.pazz.de'
LOG LOG: [36m'[Ejabberd API] Response muc_online_rooms: 200 OK'[39m
LOG: '[Ejabberd API] Response muc_online_rooms: 200 OK'
LOG LOG: [36m'[Ejabberd API] Requesting registered_users from http://localhost:52810/api/ with user local-admin@local-jabber.entenhausen.pazz.de'[39m
LOG: '[Ejabberd API] Requesting registered_users from http://localhost:52810/api/ with user local-admin@local-jabber.entenhausen.pazz.de'
LOG LOG: [36m'[Ejabberd API] Response registered_users: 200 OK'[39m
LOG: '[Ejabberd API] Response registered_users: 200 OK'
LOG LOG: [36m'[Ejabberd API] Requesting registered_users from http://localhost:52810/api/ with user local-admin@local-jabber.entenhausen.pazz.de'[39m
LOG: '[Ejabberd API] Requesting registered_users from http://localhost:52810/api/ with user local-admin@local-jabber.entenhausen.pazz.de'
LOG LOG: [36m'[Ejabberd API] Requesting registered_users from http://localhost:52810/api/ with user local-admin@local-jabber.entenhausen.pazz.de'[39m
LOG: '[Ejabberd API] Requesting registered_users from http://localhost:52810/api/ with user local-admin@local-jabber.entenhausen.pazz.de'
LOG LOG: [36m'[Ejabberd API] Requesting registered_users from http://localhost:52810/api/ with user local-admin@local-jabber.entenhausen.pazz.de'[39m
LOG: '[Ejabberd API] Requesting registered_users from http://localhost:52810/api/ with user local-admin@local-jabber.entenhausen.pazz.de'
LOG LOG: [36m'[Ejabberd API] Requesting registered_users from http://localhost:52810/api/ with user local-admin@local-jabber.entenhausen.pazz.de'[39m
LOG: '[Ejabberd API] Requesting registered_users from http://localhost:52810/api/ with user local-admin@local-jabber.entenhausen.pazz.de'
LOG LOG: [36m'[Ejabberd API] Requesting registered_users from http://localhost:52810/api/ with user local-admin@local-jabber.entenhausen.pazz.de'[39m
LOG: '[Ejabberd API] Requesting registered_users from http://localhost:52810/api/ with user local-admin@local-jabber.entenhausen.pazz.de'
LOG LOG: [36m'[Ejabberd API] Response registered_users: 200 OK'[39m
LOG: '[Ejabberd API] Response registered_users: 200 OK'
LOG LOG: [36m'[Ejabberd API] Response registered_users: 200 OK'[39m
LOG: '[Ejabberd API] Response registered_users: 200 OK'
LOG LOG: [36m'[Ejabberd API] Response registered_users: 200 OK'[39m
LOG: '[Ejabberd API] Response registered_users: 200 OK'
LOG LOG: [36m'[Ejabberd API] Response registered_users: 200 OK'[39m
LOG: '[Ejabberd API] Response registered_users: 200 OK'
LOG LOG: [36m'[Ejabberd API] Response registered_users: 200 OK'[39m
LOG: '[Ejabberd API] Response registered_users: 200 OK'
LOG LOG: [36m'[Ejabberd API] Requesting registered_users from http://localhost:52810/api/ with user local-admin@local-jabber.entenhausen.pazz.de'[39m
LOG: '[Ejabberd API] Requesting registered_users from http://localhost:52810/api/ with user local-admin@local-jabber.entenhausen.pazz.de'
LOG LOG: [36m'[Ejabberd API] Response registered_users: 200 OK'[39m
LOG: '[Ejabberd API] Response registered_users: 200 OK'
LOG LOG: [36m'[Ejabberd API] Requesting check_account from http://localhost:52810/api/ with user local-admin@local-jabber.entenhausen.pazz.de'[39m
LOG: '[Ejabberd API] Requesting check_account from http://localhost:52810/api/ with user local-admin@local-jabber.entenhausen.pazz.de'
LOG LOG: [36m'[Ejabberd API] Response check_account: 200 OK'[39m
LOG: '[Ejabberd API] Response check_account: 200 OK'
LOG LOG: [36m'[Ejabberd API] Requesting register from http://localhost:52810/api/ with user local-admin@local-jabber.entenhausen.pazz.de'[39m
LOG: '[Ejabberd API] Requesting register from http://localhost:52810/api/ with user local-admin@local-jabber.entenhausen.pazz.de'
LOG LOG: [36m'[Ejabberd API] Response register: 200 OK'[39m
LOG: '[Ejabberd API] Response register: 200 OK'
LOG LOG: [36m'[Ejabberd API] Requesting destroy_room from http://localhost:52810/api/ with user local-admin@local-jabber.entenhausen.pazz.de'[39m
LOG: '[Ejabberd API] Requesting destroy_room from http://localhost:52810/api/ with user local-admin@local-jabber.entenhausen.pazz.de'
LOG LOG: [36m'[Ejabberd API] Requesting destroy_room from http://localhost:52810/api/ with user local-admin@local-jabber.entenhausen.pazz.de'[39m
LOG: '[Ejabberd API] Requesting destroy_room from http://localhost:52810/api/ with user local-admin@local-jabber.entenhausen.pazz.de'
LOG LOG: [36m'[Ejabberd API] Requesting destroy_room from http://localhost:52810/api/ with user local-admin@local-jabber.entenhausen.pazz.de'[39m
LOG: '[Ejabberd API] Requesting destroy_room from http://localhost:52810/api/ with user local-admin@local-jabber.entenhausen.pazz.de'
LOG LOG: [36m'[Ejabberd API] Requesting destroy_room from http://localhost:52810/api/ with user local-admin@local-jabber.entenhausen.pazz.de'[39m
LOG: '[Ejabberd API] Requesting destroy_room from http://localhost:52810/api/ with user local-admin@local-jabber.entenhausen.pazz.de'
LOG LOG: [36m'[Ejabberd API] Requesting destroy_room from http://localhost:52810/api/ with user local-admin@local-jabber.entenhausen.pazz.de'[39m
LOG: '[Ejabberd API] Requesting destroy_room from http://localhost:52810/api/ with user local-admin@local-jabber.entenhausen.pazz.de'
LOG LOG: [36m'[Ejabberd API] Requesting destroy_room from http://localhost:52810/api/ with user local-admin@local-jabber.entenhausen.pazz.de'[39m
LOG: '[Ejabberd API] Requesting destroy_room from http://localhost:52810/api/ with user local-admin@local-jabber.entenhausen.pazz.de'
LOG LOG: [36m'[Ejabberd API] Response destroy_room: 400 Bad Request'[39m
LOG: '[Ejabberd API] Response destroy_room: 400 Bad Request'
LOG LOG: [36m'[Ejabberd API] Response destroy_room: 400 Bad Request'[39m
LOG: '[Ejabberd API] Response destroy_room: 400 Bad Request'
LOG LOG: [36m'[Ejabberd API] Response destroy_room: 400 Bad Request'[39m
LOG: '[Ejabberd API] Response destroy_room: 400 Bad Request'
LOG LOG: [36m'[Ejabberd API] Response destroy_room: 400 Bad Request'[39m
LOG: '[Ejabberd API] Response destroy_room: 400 Bad Request'
LOG LOG: [36m'[Ejabberd API] Response destroy_room: 400 Bad Request'[39m
LOG: '[Ejabberd API] Response destroy_room: 400 Bad Request'
LOG LOG: [36m'[Ejabberd API] Response destroy_room: 400 Bad Request'[39m
LOG: '[Ejabberd API] Response destroy_room: 400 Bad Request'
LOG LOG: [36m'[Ejabberd API] Requesting registered_users from http://localhost:52810/api/ with user local-admin@local-jabber.entenhausen.pazz.de'[39m
LOG: '[Ejabberd API] Requesting registered_users from http://localhost:52810/api/ with user local-admin@local-jabber.entenhausen.pazz.de'
LOG LOG: [36m'[Ejabberd API] Requesting registered_users from http://localhost:52810/api/ with user local-admin@local-jabber.entenhausen.pazz.de'[39m
LOG: '[Ejabberd API] Requesting registered_users from http://localhost:52810/api/ with user local-admin@local-jabber.entenhausen.pazz.de'
LOG LOG: [36m'[Ejabberd API] Requesting registered_users from http://localhost:52810/api/ with user local-admin@local-jabber.entenhausen.pazz.de'[39m
LOG: '[Ejabberd API] Requesting registered_users from http://localhost:52810/api/ with user local-admin@local-jabber.entenhausen.pazz.de'
LOG LOG: [36m'[Ejabberd API] Requesting registered_users from http://localhost:52810/api/ with user local-admin@local-jabber.entenhausen.pazz.de'[39m
LOG: '[Ejabberd API] Requesting registered_users from http://localhost:52810/api/ with user local-admin@local-jabber.entenhausen.pazz.de'
LOG LOG: [36m'[Ejabberd API] Requesting registered_users from http://localhost:52810/api/ with user local-admin@local-jabber.entenhausen.pazz.de'[39m
LOG: '[Ejabberd API] Requesting registered_users from http://localhost:52810/api/ with user local-admin@local-jabber.entenhausen.pazz.de'
LOG LOG: [36m'[Ejabberd API] Response registered_users: 200 OK'[39m
LOG: '[Ejabberd API] Response registered_users: 200 OK'
LOG LOG: [36m'[Ejabberd API] Response registered_users: 200 OK'[39m
LOG: '[Ejabberd API] Response registered_users: 200 OK'
LOG LOG: [36m'[Ejabberd API] Requesting check_account from http://localhost:52810/api/ with user local-admin@local-jabber.entenhausen.pazz.de'[39m
LOG: '[Ejabberd API] Requesting check_account from http://localhost:52810/api/ with user local-admin@local-jabber.entenhausen.pazz.de'
LOG LOG: [36m'[Ejabberd API] Response registered_users: 200 OK'[39m
LOG: '[Ejabberd API] Response registered_users: 200 OK'
LOG LOG: [36m'[Ejabberd API] Response registered_users: 200 OK'[39m
LOG: '[Ejabberd API] Response registered_users: 200 OK'
LOG LOG: [36m'[Ejabberd API] Response registered_users: 200 OK'[39m
LOG: '[Ejabberd API] Response registered_users: 200 OK'
LOG LOG: [36m'[Ejabberd API] Response check_account: 200 OK'[39m
LOG: '[Ejabberd API] Response check_account: 200 OK'
LOG LOG: [36m'[Ejabberd API] Requesting unregister from http://localhost:52810/api/ with user local-admin@local-jabber.entenhausen.pazz.de'[39m
LOG: '[Ejabberd API] Requesting unregister from http://localhost:52810/api/ with user local-admin@local-jabber.entenhausen.pazz.de'
LOG LOG: [36m'[Ejabberd API] Response unregister: 200 OK'[39m
LOG: '[Ejabberd API] Response unregister: 200 OK'
    room creation
      [32m✓ [39mshould allow users to create and configure rooms
LOG LOG: [36m'[Ejabberd API] Requesting muc_online_rooms from http://localhost:52810/api/ with user local-admin@local-jabber.entenhausen.pazz.de'[39m
LOG: '[Ejabberd API] Requesting muc_online_rooms from http://localhost:52810/api/ with user local-admin@local-jabber.entenhausen.pazz.de'
LOG LOG: [36m'[Ejabberd API] Response muc_online_rooms: 200 OK'[39m
LOG: '[Ejabberd API] Response muc_online_rooms: 200 OK'
LOG LOG: [36m'[Ejabberd API] Requesting registered_users from http://localhost:52810/api/ with user local-admin@local-jabber.entenhausen.pazz.de'[39m
LOG: '[Ejabberd API] Requesting registered_users from http://localhost:52810/api/ with user local-admin@local-jabber.entenhausen.pazz.de'
LOG LOG: [36m'[Ejabberd API] Response registered_users: 200 OK'[39m
LOG: '[Ejabberd API] Response registered_users: 200 OK'
LOG LOG: [36m'[Ejabberd API] Requesting registered_users from http://localhost:52810/api/ with user local-admin@local-jabber.entenhausen.pazz.de'[39m
LOG: '[Ejabberd API] Requesting registered_users from http://localhost:52810/api/ with user local-admin@local-jabber.entenhausen.pazz.de'
LOG LOG: [36m'[Ejabberd API] Requesting registered_users from http://localhost:52810/api/ with user local-admin@local-jabber.entenhausen.pazz.de'[39m
LOG: '[Ejabberd API] Requesting registered_users from http://localhost:52810/api/ with user local-admin@local-jabber.entenhausen.pazz.de'
LOG LOG: [36m'[Ejabberd API] Requesting registered_users from http://localhost:52810/api/ with user local-admin@local-jabber.entenhausen.pazz.de'[39m
LOG: '[Ejabberd API] Requesting registered_users from http://localhost:52810/api/ with user local-admin@local-jabber.entenhausen.pazz.de'
LOG LOG: [36m'[Ejabberd API] Requesting registered_users from http://localhost:52810/api/ with user local-admin@local-jabber.entenhausen.pazz.de'[39m
LOG: '[Ejabberd API] Requesting registered_users from http://localhost:52810/api/ with user local-admin@local-jabber.entenhausen.pazz.de'
LOG LOG: [36m'[Ejabberd API] Requesting registered_users from http://localhost:52810/api/ with user local-admin@local-jabber.entenhausen.pazz.de'[39m
LOG: '[Ejabberd API] Requesting registered_users from http://localhost:52810/api/ with user local-admin@local-jabber.entenhausen.pazz.de'
LOG LOG: [36m'[Ejabberd API] Response registered_users: 200 OK'[39m
LOG: '[Ejabberd API] Response registered_users: 200 OK'
LOG LOG: [36m'[Ejabberd API] Response registered_users: 200 OK'[39m
LOG: '[Ejabberd API] Response registered_users: 200 OK'
LOG LOG: [36m'[Ejabberd API] Response registered_users: 200 OK'[39m
LOG: '[Ejabberd API] Response registered_users: 200 OK'
LOG LOG: [36m'[Ejabberd API] Response registered_users: 200 OK'[39m
LOG: '[Ejabberd API] Response registered_users: 200 OK'
LOG LOG: [36m'[Ejabberd API] Response registered_users: 200 OK'[39m
LOG: '[Ejabberd API] Response registered_users: 200 OK'
LOG LOG: [36m'[Ejabberd API] Requesting registered_users from http://localhost:52810/api/ with user local-admin@local-jabber.entenhausen.pazz.de'[39m
LOG: '[Ejabberd API] Requesting registered_users from http://localhost:52810/api/ with user local-admin@local-jabber.entenhausen.pazz.de'
LOG LOG: [36m'[Ejabberd API] Response registered_users: 200 OK'[39m
LOG: '[Ejabberd API] Response registered_users: 200 OK'
LOG LOG: [36m'[Ejabberd API] Requesting check_account from http://localhost:52810/api/ with user local-admin@local-jabber.entenhausen.pazz.de'[39m
LOG: '[Ejabberd API] Requesting check_account from http://localhost:52810/api/ with user local-admin@local-jabber.entenhausen.pazz.de'
LOG LOG: [36m'[Ejabberd API] Response check_account: 200 OK'[39m
LOG: '[Ejabberd API] Response check_account: 200 OK'
LOG LOG: [36m'[Ejabberd API] Requesting register from http://localhost:52810/api/ with user local-admin@local-jabber.entenhausen.pazz.de'[39m
LOG: '[Ejabberd API] Requesting register from http://localhost:52810/api/ with user local-admin@local-jabber.entenhausen.pazz.de'
LOG LOG: [36m'[Ejabberd API] Response register: 200 OK'[39m
LOG: '[Ejabberd API] Response register: 200 OK'
LOG LOG: [36m'[Ejabberd API] Requesting destroy_room from http://localhost:52810/api/ with user local-admin@local-jabber.entenhausen.pazz.de'[39m
LOG: '[Ejabberd API] Requesting destroy_room from http://localhost:52810/api/ with user local-admin@local-jabber.entenhausen.pazz.de'
LOG LOG: [36m'[Ejabberd API] Requesting destroy_room from http://localhost:52810/api/ with user local-admin@local-jabber.entenhausen.pazz.de'[39m
LOG: '[Ejabberd API] Requesting destroy_room from http://localhost:52810/api/ with user local-admin@local-jabber.entenhausen.pazz.de'
LOG LOG: [36m'[Ejabberd API] Requesting destroy_room from http://localhost:52810/api/ with user local-admin@local-jabber.entenhausen.pazz.de'[39m
LOG: '[Ejabberd API] Requesting destroy_room from http://localhost:52810/api/ with user local-admin@local-jabber.entenhausen.pazz.de'
LOG LOG: [36m'[Ejabberd API] Requesting destroy_room from http://localhost:52810/api/ with user local-admin@local-jabber.entenhausen.pazz.de'[39m
LOG: '[Ejabberd API] Requesting destroy_room from http://localhost:52810/api/ with user local-admin@local-jabber.entenhausen.pazz.de'
LOG LOG: [36m'[Ejabberd API] Requesting destroy_room from http://localhost:52810/api/ with user local-admin@local-jabber.entenhausen.pazz.de'[39m
LOG: '[Ejabberd API] Requesting destroy_room from http://localhost:52810/api/ with user local-admin@local-jabber.entenhausen.pazz.de'
LOG LOG: [36m'[Ejabberd API] Requesting destroy_room from http://localhost:52810/api/ with user local-admin@local-jabber.entenhausen.pazz.de'[39m
LOG: '[Ejabberd API] Requesting destroy_room from http://localhost:52810/api/ with user local-admin@local-jabber.entenhausen.pazz.de'
LOG LOG: [36m'[Ejabberd API] Response destroy_room: 400 Bad Request'[39m
LOG: '[Ejabberd API] Response destroy_room: 400 Bad Request'
LOG LOG: [36m'[Ejabberd API] Response destroy_room: 400 Bad Request'[39m
LOG: '[Ejabberd API] Response destroy_room: 400 Bad Request'
LOG LOG: [36m'[Ejabberd API] Response destroy_room: 400 Bad Request'[39m
LOG: '[Ejabberd API] Response destroy_room: 400 Bad Request'
LOG LOG: [36m'[Ejabberd API] Response destroy_room: 400 Bad Request'[39m
LOG: '[Ejabberd API] Response destroy_room: 400 Bad Request'
LOG LOG: [36m'[Ejabberd API] Response destroy_room: 400 Bad Request'[39m
LOG: '[Ejabberd API] Response destroy_room: 400 Bad Request'
LOG LOG: [36m'[Ejabberd API] Response destroy_room: 400 Bad Request'[39m
LOG: '[Ejabberd API] Response destroy_room: 400 Bad Request'
LOG LOG: [36m'[Ejabberd API] Requesting registered_users from http://localhost:52810/api/ with user local-admin@local-jabber.entenhausen.pazz.de'[39m
LOG: '[Ejabberd API] Requesting registered_users from http://localhost:52810/api/ with user local-admin@local-jabber.entenhausen.pazz.de'
LOG LOG: [36m'[Ejabberd API] Requesting registered_users from http://localhost:52810/api/ with user local-admin@local-jabber.entenhausen.pazz.de'[39m
LOG: '[Ejabberd API] Requesting registered_users from http://localhost:52810/api/ with user local-admin@local-jabber.entenhausen.pazz.de'
LOG LOG: [36m'[Ejabberd API] Requesting registered_users from http://localhost:52810/api/ with user local-admin@local-jabber.entenhausen.pazz.de'[39m
LOG: '[Ejabberd API] Requesting registered_users from http://localhost:52810/api/ with user local-admin@local-jabber.entenhausen.pazz.de'
LOG LOG: [36m'[Ejabberd API] Requesting registered_users from http://localhost:52810/api/ with user local-admin@local-jabber.entenhausen.pazz.de'[39m
LOG: '[Ejabberd API] Requesting registered_users from http://localhost:52810/api/ with user local-admin@local-jabber.entenhausen.pazz.de'
LOG LOG: [36m'[Ejabberd API] Requesting registered_users from http://localhost:52810/api/ with user local-admin@local-jabber.entenhausen.pazz.de'[39m
LOG: '[Ejabberd API] Requesting registered_users from http://localhost:52810/api/ with user local-admin@local-jabber.entenhausen.pazz.de'
LOG LOG: [36m'[Ejabberd API] Response registered_users: 200 OK'[39m
LOG: '[Ejabberd API] Response registered_users: 200 OK'
LOG LOG: [36m'[Ejabberd API] Response registered_users: 200 OK'[39m
LOG: '[Ejabberd API] Response registered_users: 200 OK'
LOG LOG: [36m'[Ejabberd API] Response registered_users: 200 OK'[39m
LOG: '[Ejabberd API] Response registered_users: 200 OK'
LOG LOG: [36m'[Ejabberd API] Response registered_users: 200 OK'[39m
LOG: '[Ejabberd API] Response registered_users: 200 OK'
LOG LOG: [36m'[Ejabberd API] Response registered_users: 200 OK'[39m
LOG: '[Ejabberd API] Response registered_users: 200 OK'
LOG LOG: [36m'[Ejabberd API] Requesting check_account from http://localhost:52810/api/ with user local-admin@local-jabber.entenhausen.pazz.de'[39m
LOG: '[Ejabberd API] Requesting check_account from http://localhost:52810/api/ with user local-admin@local-jabber.entenhausen.pazz.de'
LOG LOG: [36m'[Ejabberd API] Response check_account: 200 OK'[39m
LOG: '[Ejabberd API] Response check_account: 200 OK'
LOG LOG: [36m'[Ejabberd API] Requesting unregister from http://localhost:52810/api/ with user local-admin@local-jabber.entenhausen.pazz.de'[39m
LOG: '[Ejabberd API] Requesting unregister from http://localhost:52810/api/ with user local-admin@local-jabber.entenhausen.pazz.de'
LOG LOG: [36m'[Ejabberd API] Response unregister: 200 OK'[39m
LOG: '[Ejabberd API] Response unregister: 200 OK'
      [32m✓ [39mshould be able to create multiple rooms
LOG LOG: [36m'[Ejabberd API] Requesting muc_online_rooms from http://localhost:52810/api/ with user local-admin@local-jabber.entenhausen.pazz.de'[39m
LOG: '[Ejabberd API] Requesting muc_online_rooms from http://localhost:52810/api/ with user local-admin@local-jabber.entenhausen.pazz.de'
LOG LOG: [36m'[Ejabberd API] Response muc_online_rooms: 200 OK'[39m
LOG: '[Ejabberd API] Response muc_online_rooms: 200 OK'
LOG LOG: [36m'[Ejabberd API] Requesting registered_users from http://localhost:52810/api/ with user local-admin@local-jabber.entenhausen.pazz.de'[39m
LOG: '[Ejabberd API] Requesting registered_users from http://localhost:52810/api/ with user local-admin@local-jabber.entenhausen.pazz.de'
LOG LOG: [36m'[Ejabberd API] Response registered_users: 200 OK'[39m
LOG: '[Ejabberd API] Response registered_users: 200 OK'
LOG LOG: [36m'[Ejabberd API] Requesting registered_users from http://localhost:52810/api/ with user local-admin@local-jabber.entenhausen.pazz.de'[39m
LOG: '[Ejabberd API] Requesting registered_users from http://localhost:52810/api/ with user local-admin@local-jabber.entenhausen.pazz.de'
LOG LOG: [36m'[Ejabberd API] Requesting registered_users from http://localhost:52810/api/ with user local-admin@local-jabber.entenhausen.pazz.de'[39m
LOG: '[Ejabberd API] Requesting registered_users from http://localhost:52810/api/ with user local-admin@local-jabber.entenhausen.pazz.de'
LOG LOG: [36m'[Ejabberd API] Requesting registered_users from http://localhost:52810/api/ with user local-admin@local-jabber.entenhausen.pazz.de'[39m
LOG: '[Ejabberd API] Requesting registered_users from http://localhost:52810/api/ with user local-admin@local-jabber.entenhausen.pazz.de'
LOG LOG: [36m'[Ejabberd API] Requesting registered_users from http://localhost:52810/api/ with user local-admin@local-jabber.entenhausen.pazz.de'[39m
LOG: '[Ejabberd API] Requesting registered_users from http://localhost:52810/api/ with user local-admin@local-jabber.entenhausen.pazz.de'
LOG LOG: [36m'[Ejabberd API] Requesting registered_users from http://localhost:52810/api/ with user local-admin@local-jabber.entenhausen.pazz.de'[39m
LOG: '[Ejabberd API] Requesting registered_users from http://localhost:52810/api/ with user local-admin@local-jabber.entenhausen.pazz.de'
LOG LOG: [36m'[Ejabberd API] Response registered_users: 200 OK'[39m
LOG: '[Ejabberd API] Response registered_users: 200 OK'
LOG LOG: [36m'[Ejabberd API] Response registered_users: 200 OK'[39m
LOG: '[Ejabberd API] Response registered_users: 200 OK'
LOG LOG: [36m'[Ejabberd API] Response registered_users: 200 OK'[39m
LOG: '[Ejabberd API] Response registered_users: 200 OK'
LOG LOG: [36m'[Ejabberd API] Response registered_users: 200 OK'[39m
LOG: '[Ejabberd API] Response registered_users: 200 OK'
LOG LOG: [36m'[Ejabberd API] Response registered_users: 200 OK'[39m
LOG: '[Ejabberd API] Response registered_users: 200 OK'
LOG LOG: [36m'[Ejabberd API] Requesting registered_users from http://localhost:52810/api/ with user local-admin@local-jabber.entenhausen.pazz.de'[39m
LOG: '[Ejabberd API] Requesting registered_users from http://localhost:52810/api/ with user local-admin@local-jabber.entenhausen.pazz.de'
LOG LOG: [36m'[Ejabberd API] Response registered_users: 200 OK'[39m
LOG: '[Ejabberd API] Response registered_users: 200 OK'
LOG LOG: [36m'[Ejabberd API] Requesting check_account from http://localhost:52810/api/ with user local-admin@local-jabber.entenhausen.pazz.de'[39m
LOG: '[Ejabberd API] Requesting check_account from http://localhost:52810/api/ with user local-admin@local-jabber.entenhausen.pazz.de'
LOG LOG: [36m'[Ejabberd API] Response check_account: 200 OK'[39m
LOG: '[Ejabberd API] Response check_account: 200 OK'
LOG LOG: [36m'[Ejabberd API] Requesting register from http://localhost:52810/api/ with user local-admin@local-jabber.entenhausen.pazz.de'[39m
LOG: '[Ejabberd API] Requesting register from http://localhost:52810/api/ with user local-admin@local-jabber.entenhausen.pazz.de'
LOG LOG: [36m'[Ejabberd API] Response register: 200 OK'[39m
LOG: '[Ejabberd API] Response register: 200 OK'
LOG LOG: [36m'[Ejabberd API] Requesting get_room_affiliation from http://localhost:52810/api/ with user local-admin@local-jabber.entenhausen.pazz.de'[39m
LOG: '[Ejabberd API] Requesting get_room_affiliation from http://localhost:52810/api/ with user local-admin@local-jabber.entenhausen.pazz.de'
LOG LOG: [36m'[Ejabberd API] Response get_room_affiliation: 200 OK'[39m
LOG: '[Ejabberd API] Response get_room_affiliation: 200 OK'
LOG LOG: [36m'[Ejabberd API] Requesting destroy_room from http://localhost:52810/api/ with user local-admin@local-jabber.entenhausen.pazz.de'[39m
LOG: '[Ejabberd API] Requesting destroy_room from http://localhost:52810/api/ with user local-admin@local-jabber.entenhausen.pazz.de'
LOG LOG: [36m'[Ejabberd API] Requesting destroy_room from http://localhost:52810/api/ with user local-admin@local-jabber.entenhausen.pazz.de'[39m
LOG: '[Ejabberd API] Requesting destroy_room from http://localhost:52810/api/ with user local-admin@local-jabber.entenhausen.pazz.de'
LOG LOG: [36m'[Ejabberd API] Requesting destroy_room from http://localhost:52810/api/ with user local-admin@local-jabber.entenhausen.pazz.de'[39m
LOG: '[Ejabberd API] Requesting destroy_room from http://localhost:52810/api/ with user local-admin@local-jabber.entenhausen.pazz.de'
LOG LOG: [36m'[Ejabberd API] Requesting destroy_room from http://localhost:52810/api/ with user local-admin@local-jabber.entenhausen.pazz.de'[39m
LOG: '[Ejabberd API] Requesting destroy_room from http://localhost:52810/api/ with user local-admin@local-jabber.entenhausen.pazz.de'
LOG LOG: [36m'[Ejabberd API] Requesting destroy_room from http://localhost:52810/api/ with user local-admin@local-jabber.entenhausen.pazz.de'[39m
LOG: '[Ejabberd API] Requesting destroy_room from http://localhost:52810/api/ with user local-admin@local-jabber.entenhausen.pazz.de'
LOG LOG: [36m'[Ejabberd API] Requesting destroy_room from http://localhost:52810/api/ with user local-admin@local-jabber.entenhausen.pazz.de'[39m
LOG: '[Ejabberd API] Requesting destroy_room from http://localhost:52810/api/ with user local-admin@local-jabber.entenhausen.pazz.de'
LOG LOG: [36m'[Ejabberd API] Response destroy_room: 400 Bad Request'[39m
LOG: '[Ejabberd API] Response destroy_room: 400 Bad Request'
LOG LOG: [36m'[Ejabberd API] Response destroy_room: 400 Bad Request'[39m
LOG: '[Ejabberd API] Response destroy_room: 400 Bad Request'
LOG LOG: [36m'[Ejabberd API] Response destroy_room: 400 Bad Request'[39m
LOG: '[Ejabberd API] Response destroy_room: 400 Bad Request'
LOG LOG: [36m'[Ejabberd API] Response destroy_room: 400 Bad Request'[39m
LOG: '[Ejabberd API] Response destroy_room: 400 Bad Request'
LOG LOG: [36m'[Ejabberd API] Response destroy_room: 400 Bad Request'[39m
LOG: '[Ejabberd API] Response destroy_room: 400 Bad Request'
LOG LOG: [36m'[Ejabberd API] Response destroy_room: 400 Bad Request'[39m
LOG: '[Ejabberd API] Response destroy_room: 400 Bad Request'
LOG LOG: [36m'[Ejabberd API] Requesting registered_users from http://localhost:52810/api/ with user local-admin@local-jabber.entenhausen.pazz.de'[39m
LOG: '[Ejabberd API] Requesting registered_users from http://localhost:52810/api/ with user local-admin@local-jabber.entenhausen.pazz.de'
LOG LOG: [36m'[Ejabberd API] Requesting registered_users from http://localhost:52810/api/ with user local-admin@local-jabber.entenhausen.pazz.de'[39m
LOG: '[Ejabberd API] Requesting registered_users from http://localhost:52810/api/ with user local-admin@local-jabber.entenhausen.pazz.de'
LOG LOG: [36m'[Ejabberd API] Requesting registered_users from http://localhost:52810/api/ with user local-admin@local-jabber.entenhausen.pazz.de'[39m
LOG: '[Ejabberd API] Requesting registered_users from http://localhost:52810/api/ with user local-admin@local-jabber.entenhausen.pazz.de'
LOG LOG: [36m'[Ejabberd API] Requesting registered_users from http://localhost:52810/api/ with user local-admin@local-jabber.entenhausen.pazz.de'[39m
LOG: '[Ejabberd API] Requesting registered_users from http://localhost:52810/api/ with user local-admin@local-jabber.entenhausen.pazz.de'
LOG LOG: [36m'[Ejabberd API] Requesting registered_users from http://localhost:52810/api/ with user local-admin@local-jabber.entenhausen.pazz.de'[39m
LOG: '[Ejabberd API] Requesting registered_users from http://localhost:52810/api/ with user local-admin@local-jabber.entenhausen.pazz.de'
LOG LOG: [36m'[Ejabberd API] Response registered_users: 200 OK'[39m
LOG: '[Ejabberd API] Response registered_users: 200 OK'
LOG LOG: [36m'[Ejabberd API] Response registered_users: 200 OK'[39m
LOG: '[Ejabberd API] Response registered_users: 200 OK'
LOG LOG: [36m'[Ejabberd API] Response registered_users: 200 OK'[39m
LOG: '[Ejabberd API] Response registered_users: 200 OK'
LOG LOG: [36m'[Ejabberd API] Response registered_users: 200 OK'[39m
LOG: '[Ejabberd API] Response registered_users: 200 OK'
LOG LOG: [36m'[Ejabberd API] Response registered_users: 200 OK'[39m
LOG: '[Ejabberd API] Response registered_users: 200 OK'
LOG LOG: [36m'[Ejabberd API] Requesting check_account from http://localhost:52810/api/ with user local-admin@local-jabber.entenhausen.pazz.de'[39m
LOG: '[Ejabberd API] Requesting check_account from http://localhost:52810/api/ with user local-admin@local-jabber.entenhausen.pazz.de'
LOG LOG: [36m'[Ejabberd API] Response check_account: 200 OK'[39m
LOG: '[Ejabberd API] Response check_account: 200 OK'
LOG LOG: [36m'[Ejabberd API] Requesting unregister from http://localhost:52810/api/ with user local-admin@local-jabber.entenhausen.pazz.de'[39m
LOG: '[Ejabberd API] Requesting unregister from http://localhost:52810/api/ with user local-admin@local-jabber.entenhausen.pazz.de'
LOG LOG: [36m'[Ejabberd API] Response unregister: 200 OK'[39m
LOG: '[Ejabberd API] Response unregister: 200 OK'
      [32m✓ [39mshould be owner of created room
LOG LOG: [36m'[Ejabberd API] Requesting muc_online_rooms from http://localhost:52810/api/ with user local-admin@local-jabber.entenhausen.pazz.de'[39m
LOG: '[Ejabberd API] Requesting muc_online_rooms from http://localhost:52810/api/ with user local-admin@local-jabber.entenhausen.pazz.de'
LOG LOG: [36m'[Ejabberd API] Response muc_online_rooms: 200 OK'[39m
LOG: '[Ejabberd API] Response muc_online_rooms: 200 OK'
LOG LOG: [36m'[Ejabberd API] Requesting registered_users from http://localhost:52810/api/ with user local-admin@local-jabber.entenhausen.pazz.de'[39m
LOG: '[Ejabberd API] Requesting registered_users from http://localhost:52810/api/ with user local-admin@local-jabber.entenhausen.pazz.de'
LOG LOG: [36m'[Ejabberd API] Response registered_users: 200 OK'[39m
LOG: '[Ejabberd API] Response registered_users: 200 OK'
LOG LOG: [36m'[Ejabberd API] Requesting registered_users from http://localhost:52810/api/ with user local-admin@local-jabber.entenhausen.pazz.de'[39m
LOG: '[Ejabberd API] Requesting registered_users from http://localhost:52810/api/ with user local-admin@local-jabber.entenhausen.pazz.de'
LOG LOG: [36m'[Ejabberd API] Requesting registered_users from http://localhost:52810/api/ with user local-admin@local-jabber.entenhausen.pazz.de'[39m
LOG: '[Ejabberd API] Requesting registered_users from http://localhost:52810/api/ with user local-admin@local-jabber.entenhausen.pazz.de'
LOG LOG: [36m'[Ejabberd API] Requesting registered_users from http://localhost:52810/api/ with user local-admin@local-jabber.entenhausen.pazz.de'[39m
LOG: '[Ejabberd API] Requesting registered_users from http://localhost:52810/api/ with user local-admin@local-jabber.entenhausen.pazz.de'
LOG LOG: [36m'[Ejabberd API] Requesting registered_users from http://localhost:52810/api/ with user local-admin@local-jabber.entenhausen.pazz.de'[39m
LOG: '[Ejabberd API] Requesting registered_users from http://localhost:52810/api/ with user local-admin@local-jabber.entenhausen.pazz.de'
LOG LOG: [36m'[Ejabberd API] Requesting registered_users from http://localhost:52810/api/ with user local-admin@local-jabber.entenhausen.pazz.de'[39m
LOG: '[Ejabberd API] Requesting registered_users from http://localhost:52810/api/ with user local-admin@local-jabber.entenhausen.pazz.de'
LOG LOG: [36m'[Ejabberd API] Response registered_users: 200 OK'[39m
LOG: '[Ejabberd API] Response registered_users: 200 OK'
LOG LOG: [36m'[Ejabberd API] Response registered_users: 200 OK'[39m
LOG: '[Ejabberd API] Response registered_users: 200 OK'
LOG LOG: [36m'[Ejabberd API] Response registered_users: 200 OK'[39m
LOG: '[Ejabberd API] Response registered_users: 200 OK'
LOG LOG: [36m'[Ejabberd API] Response registered_users: 200 OK'[39m
LOG: '[Ejabberd API] Response registered_users: 200 OK'
LOG LOG: [36m'[Ejabberd API] Response registered_users: 200 OK'[39m
LOG: '[Ejabberd API] Response registered_users: 200 OK'
LOG LOG: [36m'[Ejabberd API] Requesting registered_users from http://localhost:52810/api/ with user local-admin@local-jabber.entenhausen.pazz.de'[39m
LOG: '[Ejabberd API] Requesting registered_users from http://localhost:52810/api/ with user local-admin@local-jabber.entenhausen.pazz.de'
LOG LOG: [36m'[Ejabberd API] Response registered_users: 200 OK'[39m
LOG: '[Ejabberd API] Response registered_users: 200 OK'
LOG LOG: [36m'[Ejabberd API] Requesting check_account from http://localhost:52810/api/ with user local-admin@local-jabber.entenhausen.pazz.de'[39m
LOG: '[Ejabberd API] Requesting check_account from http://localhost:52810/api/ with user local-admin@local-jabber.entenhausen.pazz.de'
LOG LOG: [36m'[Ejabberd API] Response check_account: 200 OK'[39m
LOG: '[Ejabberd API] Response check_account: 200 OK'
LOG LOG: [36m'[Ejabberd API] Requesting register from http://localhost:52810/api/ with user local-admin@local-jabber.entenhausen.pazz.de'[39m
LOG: '[Ejabberd API] Requesting register from http://localhost:52810/api/ with user local-admin@local-jabber.entenhausen.pazz.de'
LOG LOG: [36m'[Ejabberd API] Response register: 200 OK'[39m
LOG: '[Ejabberd API] Response register: 200 OK'
LOG LOG: [36m'[Ejabberd API] Requesting destroy_room from http://localhost:52810/api/ with user local-admin@local-jabber.entenhausen.pazz.de'[39m
LOG: '[Ejabberd API] Requesting destroy_room from http://localhost:52810/api/ with user local-admin@local-jabber.entenhausen.pazz.de'
LOG LOG: [36m'[Ejabberd API] Requesting destroy_room from http://localhost:52810/api/ with user local-admin@local-jabber.entenhausen.pazz.de'[39m
LOG: '[Ejabberd API] Requesting destroy_room from http://localhost:52810/api/ with user local-admin@local-jabber.entenhausen.pazz.de'
LOG LOG: [36m'[Ejabberd API] Requesting destroy_room from http://localhost:52810/api/ with user local-admin@local-jabber.entenhausen.pazz.de'[39m
LOG: '[Ejabberd API] Requesting destroy_room from http://localhost:52810/api/ with user local-admin@local-jabber.entenhausen.pazz.de'
LOG LOG: [36m'[Ejabberd API] Requesting destroy_room from http://localhost:52810/api/ with user local-admin@local-jabber.entenhausen.pazz.de'[39m
LOG: '[Ejabberd API] Requesting destroy_room from http://localhost:52810/api/ with user local-admin@local-jabber.entenhausen.pazz.de'
LOG LOG: [36m'[Ejabberd API] Requesting destroy_room from http://localhost:52810/api/ with user local-admin@local-jabber.entenhausen.pazz.de'[39m
LOG: '[Ejabberd API] Requesting destroy_room from http://localhost:52810/api/ with user local-admin@local-jabber.entenhausen.pazz.de'
LOG LOG: [36m'[Ejabberd API] Requesting destroy_room from http://localhost:52810/api/ with user local-admin@local-jabber.entenhausen.pazz.de'[39m
LOG: '[Ejabberd API] Requesting destroy_room from http://localhost:52810/api/ with user local-admin@local-jabber.entenhausen.pazz.de'
LOG LOG: [36m'[Ejabberd API] Response destroy_room: 400 Bad Request'[39m
LOG: '[Ejabberd API] Response destroy_room: 400 Bad Request'
LOG LOG: [36m'[Ejabberd API] Response destroy_room: 400 Bad Request'[39m
LOG: '[Ejabberd API] Response destroy_room: 400 Bad Request'
LOG LOG: [36m'[Ejabberd API] Response destroy_room: 400 Bad Request'[39m
LOG: '[Ejabberd API] Response destroy_room: 400 Bad Request'
LOG LOG: [36m'[Ejabberd API] Response destroy_room: 400 Bad Request'[39m
LOG: '[Ejabberd API] Response destroy_room: 400 Bad Request'
LOG LOG: [36m'[Ejabberd API] Response destroy_room: 400 Bad Request'[39m
LOG: '[Ejabberd API] Response destroy_room: 400 Bad Request'
LOG LOG: [36m'[Ejabberd API] Response destroy_room: 400 Bad Request'[39m
LOG: '[Ejabberd API] Response destroy_room: 400 Bad Request'
LOG LOG: [36m'[Ejabberd API] Requesting registered_users from http://localhost:52810/api/ with user local-admin@local-jabber.entenhausen.pazz.de'[39m
LOG: '[Ejabberd API] Requesting registered_users from http://localhost:52810/api/ with user local-admin@local-jabber.entenhausen.pazz.de'
LOG LOG: [36m'[Ejabberd API] Requesting registered_users from http://localhost:52810/api/ with user local-admin@local-jabber.entenhausen.pazz.de'[39m
LOG: '[Ejabberd API] Requesting registered_users from http://localhost:52810/api/ with user local-admin@local-jabber.entenhausen.pazz.de'
LOG LOG: [36m'[Ejabberd API] Requesting registered_users from http://localhost:52810/api/ with user local-admin@local-jabber.entenhausen.pazz.de'[39m
LOG: '[Ejabberd API] Requesting registered_users from http://localhost:52810/api/ with user local-admin@local-jabber.entenhausen.pazz.de'
LOG LOG: [36m'[Ejabberd API] Requesting registered_users from http://localhost:52810/api/ with user local-admin@local-jabber.entenhausen.pazz.de'[39m
LOG: '[Ejabberd API] Requesting registered_users from http://localhost:52810/api/ with user local-admin@local-jabber.entenhausen.pazz.de'
LOG LOG: [36m'[Ejabberd API] Requesting registered_users from http://localhost:52810/api/ with user local-admin@local-jabber.entenhausen.pazz.de'[39m
LOG: '[Ejabberd API] Requesting registered_users from http://localhost:52810/api/ with user local-admin@local-jabber.entenhausen.pazz.de'
LOG LOG: [36m'[Ejabberd API] Response registered_users: 200 OK'[39m
LOG: '[Ejabberd API] Response registered_users: 200 OK'
LOG LOG: [36m'[Ejabberd API] Response registered_users: 200 OK'[39m
LOG: '[Ejabberd API] Response registered_users: 200 OK'
LOG LOG: [36m'[Ejabberd API] Response registered_users: 200 OK'[39m
LOG: '[Ejabberd API] Response registered_users: 200 OK'
LOG LOG: [36m'[Ejabberd API] Response registered_users: 200 OK'[39m
LOG: '[Ejabberd API] Response registered_users: 200 OK'
LOG LOG: [36m'[Ejabberd API] Response registered_users: 200 OK'[39m
LOG: '[Ejabberd API] Response registered_users: 200 OK'
LOG LOG: [36m'[Ejabberd API] Requesting check_account from http://localhost:52810/api/ with user local-admin@local-jabber.entenhausen.pazz.de'[39m
LOG: '[Ejabberd API] Requesting check_account from http://localhost:52810/api/ with user local-admin@local-jabber.entenhausen.pazz.de'
LOG LOG: [36m'[Ejabberd API] Response check_account: 200 OK'[39m
LOG: '[Ejabberd API] Response check_account: 200 OK'
LOG LOG: [36m'[Ejabberd API] Requesting unregister from http://localhost:52810/api/ with user local-admin@local-jabber.entenhausen.pazz.de'[39m
LOG: '[Ejabberd API] Requesting unregister from http://localhost:52810/api/ with user local-admin@local-jabber.entenhausen.pazz.de'
LOG LOG: [36m'[Ejabberd API] Response unregister: 200 OK'[39m
LOG: '[Ejabberd API] Response unregister: 200 OK'
      [32m✓ [39mshould not throw if user tries to create the same room multiple times just return the existing one
LOG LOG: [36m'[Ejabberd API] Requesting muc_online_rooms from http://localhost:52810/api/ with user local-admin@local-jabber.entenhausen.pazz.de'[39m
LOG: '[Ejabberd API] Requesting muc_online_rooms from http://localhost:52810/api/ with user local-admin@local-jabber.entenhausen.pazz.de'
LOG LOG: [36m'[Ejabberd API] Response muc_online_rooms: 200 OK'[39m
LOG: '[Ejabberd API] Response muc_online_rooms: 200 OK'
LOG LOG: [36m'[Ejabberd API] Requesting registered_users from http://localhost:52810/api/ with user local-admin@local-jabber.entenhausen.pazz.de'[39m
LOG: '[Ejabberd API] Requesting registered_users from http://localhost:52810/api/ with user local-admin@local-jabber.entenhausen.pazz.de'
LOG LOG: [36m'[Ejabberd API] Response registered_users: 200 OK'[39m
LOG: '[Ejabberd API] Response registered_users: 200 OK'
LOG LOG: [36m'[Ejabberd API] Requesting registered_users from http://localhost:52810/api/ with user local-admin@local-jabber.entenhausen.pazz.de'[39m
LOG: '[Ejabberd API] Requesting registered_users from http://localhost:52810/api/ with user local-admin@local-jabber.entenhausen.pazz.de'
LOG LOG: [36m'[Ejabberd API] Requesting registered_users from http://localhost:52810/api/ with user local-admin@local-jabber.entenhausen.pazz.de'[39m
LOG: '[Ejabberd API] Requesting registered_users from http://localhost:52810/api/ with user local-admin@local-jabber.entenhausen.pazz.de'
LOG LOG: [36m'[Ejabberd API] Requesting registered_users from http://localhost:52810/api/ with user local-admin@local-jabber.entenhausen.pazz.de'[39m
LOG: '[Ejabberd API] Requesting registered_users from http://localhost:52810/api/ with user local-admin@local-jabber.entenhausen.pazz.de'
LOG LOG: [36m'[Ejabberd API] Requesting registered_users from http://localhost:52810/api/ with user local-admin@local-jabber.entenhausen.pazz.de'[39m
LOG: '[Ejabberd API] Requesting registered_users from http://localhost:52810/api/ with user local-admin@local-jabber.entenhausen.pazz.de'
LOG LOG: [36m'[Ejabberd API] Requesting registered_users from http://localhost:52810/api/ with user local-admin@local-jabber.entenhausen.pazz.de'[39m
LOG: '[Ejabberd API] Requesting registered_users from http://localhost:52810/api/ with user local-admin@local-jabber.entenhausen.pazz.de'
LOG LOG: [36m'[Ejabberd API] Response registered_users: 200 OK'[39m
LOG: '[Ejabberd API] Response registered_users: 200 OK'
LOG LOG: [36m'[Ejabberd API] Response registered_users: 200 OK'[39m
LOG: '[Ejabberd API] Response registered_users: 200 OK'
LOG LOG: [36m'[Ejabberd API] Response registered_users: 200 OK'[39m
LOG: '[Ejabberd API] Response registered_users: 200 OK'
LOG LOG: [36m'[Ejabberd API] Response registered_users: 200 OK'[39m
LOG: '[Ejabberd API] Response registered_users: 200 OK'
LOG LOG: [36m'[Ejabberd API] Response registered_users: 200 OK'[39m
LOG: '[Ejabberd API] Response registered_users: 200 OK'
LOG LOG: [36m'[Ejabberd API] Requesting registered_users from http://localhost:52810/api/ with user local-admin@local-jabber.entenhausen.pazz.de'[39m
LOG: '[Ejabberd API] Requesting registered_users from http://localhost:52810/api/ with user local-admin@local-jabber.entenhausen.pazz.de'
LOG LOG: [36m'[Ejabberd API] Response registered_users: 200 OK'[39m
LOG: '[Ejabberd API] Response registered_users: 200 OK'
LOG LOG: [36m'[Ejabberd API] Requesting check_account from http://localhost:52810/api/ with user local-admin@local-jabber.entenhausen.pazz.de'[39m
LOG: '[Ejabberd API] Requesting check_account from http://localhost:52810/api/ with user local-admin@local-jabber.entenhausen.pazz.de'
LOG LOG: [36m'[Ejabberd API] Response check_account: 200 OK'[39m
LOG: '[Ejabberd API] Response check_account: 200 OK'
LOG LOG: [36m'[Ejabberd API] Requesting register from http://localhost:52810/api/ with user local-admin@local-jabber.entenhausen.pazz.de'[39m
LOG: '[Ejabberd API] Requesting register from http://localhost:52810/api/ with user local-admin@local-jabber.entenhausen.pazz.de'
LOG LOG: [36m'[Ejabberd API] Response register: 200 OK'[39m
LOG: '[Ejabberd API] Response register: 200 OK'
LOG LOG: [36m'[Ejabberd API] Requesting registered_users from http://localhost:52810/api/ with user local-admin@local-jabber.entenhausen.pazz.de'[39m
LOG: '[Ejabberd API] Requesting registered_users from http://localhost:52810/api/ with user local-admin@local-jabber.entenhausen.pazz.de'
LOG LOG: [36m'[Ejabberd API] Response registered_users: 200 OK'[39m
LOG: '[Ejabberd API] Response registered_users: 200 OK'
LOG LOG: [36m'[Ejabberd API] Requesting check_account from http://localhost:52810/api/ with user local-admin@local-jabber.entenhausen.pazz.de'[39m
LOG: '[Ejabberd API] Requesting check_account from http://localhost:52810/api/ with user local-admin@local-jabber.entenhausen.pazz.de'
LOG LOG: [36m'[Ejabberd API] Response check_account: 200 OK'[39m
LOG: '[Ejabberd API] Response check_account: 200 OK'
LOG LOG: [36m'[Ejabberd API] Requesting register from http://localhost:52810/api/ with user local-admin@local-jabber.entenhausen.pazz.de'[39m
LOG: '[Ejabberd API] Requesting register from http://localhost:52810/api/ with user local-admin@local-jabber.entenhausen.pazz.de'
LOG LOG: [36m'[Ejabberd API] Response register: 200 OK'[39m
LOG: '[Ejabberd API] Response register: 200 OK'
LOG LOG: [36m'[Ejabberd API] Requesting destroy_room from http://localhost:52810/api/ with user local-admin@local-jabber.entenhausen.pazz.de'[39m
LOG: '[Ejabberd API] Requesting destroy_room from http://localhost:52810/api/ with user local-admin@local-jabber.entenhausen.pazz.de'
LOG LOG: [36m'[Ejabberd API] Requesting destroy_room from http://localhost:52810/api/ with user local-admin@local-jabber.entenhausen.pazz.de'[39m
LOG: '[Ejabberd API] Requesting destroy_room from http://localhost:52810/api/ with user local-admin@local-jabber.entenhausen.pazz.de'
LOG LOG: [36m'[Ejabberd API] Requesting destroy_room from http://localhost:52810/api/ with user local-admin@local-jabber.entenhausen.pazz.de'[39m
LOG: '[Ejabberd API] Requesting destroy_room from http://localhost:52810/api/ with user local-admin@local-jabber.entenhausen.pazz.de'
LOG LOG: [36m'[Ejabberd API] Requesting destroy_room from http://localhost:52810/api/ with user local-admin@local-jabber.entenhausen.pazz.de'[39m
LOG: '[Ejabberd API] Requesting destroy_room from http://localhost:52810/api/ with user local-admin@local-jabber.entenhausen.pazz.de'
LOG LOG: [36m'[Ejabberd API] Requesting destroy_room from http://localhost:52810/api/ with user local-admin@local-jabber.entenhausen.pazz.de'[39m
LOG: '[Ejabberd API] Requesting destroy_room from http://localhost:52810/api/ with user local-admin@local-jabber.entenhausen.pazz.de'
LOG LOG: [36m'[Ejabberd API] Requesting destroy_room from http://localhost:52810/api/ with user local-admin@local-jabber.entenhausen.pazz.de'[39m
LOG: '[Ejabberd API] Requesting destroy_room from http://localhost:52810/api/ with user local-admin@local-jabber.entenhausen.pazz.de'
LOG LOG: [36m'[Ejabberd API] Response destroy_room: 400 Bad Request'[39m
LOG: '[Ejabberd API] Response destroy_room: 400 Bad Request'
LOG LOG: [36m'[Ejabberd API] Response destroy_room: 400 Bad Request'[39m
LOG: '[Ejabberd API] Response destroy_room: 400 Bad Request'
LOG LOG: [36m'[Ejabberd API] Response destroy_room: 400 Bad Request'[39m
LOG: '[Ejabberd API] Response destroy_room: 400 Bad Request'
LOG LOG: [36m'[Ejabberd API] Response destroy_room: 400 Bad Request'[39m
LOG: '[Ejabberd API] Response destroy_room: 400 Bad Request'
LOG LOG: [36m'[Ejabberd API] Response destroy_room: 400 Bad Request'[39m
LOG: '[Ejabberd API] Response destroy_room: 400 Bad Request'
LOG LOG: [36m'[Ejabberd API] Response destroy_room: 400 Bad Request'[39m
LOG: '[Ejabberd API] Response destroy_room: 400 Bad Request'
LOG LOG: [36m'[Ejabberd API] Requesting registered_users from http://localhost:52810/api/ with user local-admin@local-jabber.entenhausen.pazz.de'[39m
LOG: '[Ejabberd API] Requesting registered_users from http://localhost:52810/api/ with user local-admin@local-jabber.entenhausen.pazz.de'
LOG LOG: [36m'[Ejabberd API] Requesting registered_users from http://localhost:52810/api/ with user local-admin@local-jabber.entenhausen.pazz.de'[39m
LOG: '[Ejabberd API] Requesting registered_users from http://localhost:52810/api/ with user local-admin@local-jabber.entenhausen.pazz.de'
LOG LOG: [36m'[Ejabberd API] Requesting registered_users from http://localhost:52810/api/ with user local-admin@local-jabber.entenhausen.pazz.de'[39m
LOG: '[Ejabberd API] Requesting registered_users from http://localhost:52810/api/ with user local-admin@local-jabber.entenhausen.pazz.de'
LOG LOG: [36m'[Ejabberd API] Requesting registered_users from http://localhost:52810/api/ with user local-admin@local-jabber.entenhausen.pazz.de'[39m
LOG: '[Ejabberd API] Requesting registered_users from http://localhost:52810/api/ with user local-admin@local-jabber.entenhausen.pazz.de'
LOG LOG: [36m'[Ejabberd API] Requesting registered_users from http://localhost:52810/api/ with user local-admin@local-jabber.entenhausen.pazz.de'[39m
LOG: '[Ejabberd API] Requesting registered_users from http://localhost:52810/api/ with user local-admin@local-jabber.entenhausen.pazz.de'
LOG LOG: [36m'[Ejabberd API] Response registered_users: 200 OK'[39m
LOG: '[Ejabberd API] Response registered_users: 200 OK'
LOG LOG: [36m'[Ejabberd API] Response registered_users: 200 OK'[39m
LOG: '[Ejabberd API] Response registered_users: 200 OK'
LOG LOG: [36m'[Ejabberd API] Response registered_users: 200 OK'[39m
LOG: '[Ejabberd API] Response registered_users: 200 OK'
LOG LOG: [36m'[Ejabberd API] Requesting check_account from http://localhost:52810/api/ with user local-admin@local-jabber.entenhausen.pazz.de'[39m
LOG: '[Ejabberd API] Requesting check_account from http://localhost:52810/api/ with user local-admin@local-jabber.entenhausen.pazz.de'
LOG LOG: [36m'[Ejabberd API] Response registered_users: 200 OK'[39m
LOG: '[Ejabberd API] Response registered_users: 200 OK'
LOG LOG: [36m'[Ejabberd API] Response registered_users: 200 OK'[39m
LOG: '[Ejabberd API] Response registered_users: 200 OK'
LOG LOG: [36m'[Ejabberd API] Requesting check_account from http://localhost:52810/api/ with user local-admin@local-jabber.entenhausen.pazz.de'[39m
LOG: '[Ejabberd API] Requesting check_account from http://localhost:52810/api/ with user local-admin@local-jabber.entenhausen.pazz.de'
LOG LOG: [36m'[Ejabberd API] Response check_account: 200 OK'[39m
LOG: '[Ejabberd API] Response check_account: 200 OK'
LOG LOG: [36m'[Ejabberd API] Response check_account: 200 OK'[39m
LOG: '[Ejabberd API] Response check_account: 200 OK'
LOG LOG: [36m'[Ejabberd API] Requesting unregister from http://localhost:52810/api/ with user local-admin@local-jabber.entenhausen.pazz.de'[39m
LOG: '[Ejabberd API] Requesting unregister from http://localhost:52810/api/ with user local-admin@local-jabber.entenhausen.pazz.de'
LOG LOG: [36m'[Ejabberd API] Requesting unregister from http://localhost:52810/api/ with user local-admin@local-jabber.entenhausen.pazz.de'[39m
LOG: '[Ejabberd API] Requesting unregister from http://localhost:52810/api/ with user local-admin@local-jabber.entenhausen.pazz.de'
LOG LOG: [36m'[Ejabberd API] Response unregister: 200 OK'[39m
LOG: '[Ejabberd API] Response unregister: 200 OK'
LOG LOG: [36m'[Ejabberd API] Response unregister: 200 OK'[39m
LOG: '[Ejabberd API] Response unregister: 200 OK'
      [31m✗ [39m[31mshould throw if another user already created the room[39m
	Failed: should have thrown
	    at <Jasmine>
	    at UserContext.<anonymous> (libs/ngx-xmpp/src/test/multi-user-chat.plugin.spec.ts:145:9)
	    at Generator.next (<anonymous>)
	    at asyncGeneratorStep (node_modules/@babel/runtime/helpers/esm/asyncToGenerator.js:3:1)
	Error: Room does not exist in your list
	    at libs/xmpp-adapter/src/plugins/multi-user-chat/multi-user-chat.plugin.ts:235:13
	    at Generator.next (<anonymous>)
	    at asyncGeneratorStep (node_modules/@babel/runtime/helpers/esm/asyncToGenerator.js:3:1)
	    at _next (node_modules/@babel/runtime/helpers/esm/asyncToGenerator.js:22:1)
LOG LOG: [36m'[Ejabberd API] Requesting muc_online_rooms from http://localhost:52810/api/ with user local-admin@local-jabber.entenhausen.pazz.de'[39m
LOG: '[Ejabberd API] Requesting muc_online_rooms from http://localhost:52810/api/ with user local-admin@local-jabber.entenhausen.pazz.de'
LOG LOG: [36m'[Ejabberd API] Response muc_online_rooms: 200 OK'[39m
LOG: '[Ejabberd API] Response muc_online_rooms: 200 OK'
LOG LOG: [36m'[Ejabberd API] Requesting registered_users from http://localhost:52810/api/ with user local-admin@local-jabber.entenhausen.pazz.de'[39m
LOG: '[Ejabberd API] Requesting registered_users from http://localhost:52810/api/ with user local-admin@local-jabber.entenhausen.pazz.de'
LOG LOG: [36m'[Ejabberd API] Response registered_users: 200 OK'[39m
LOG: '[Ejabberd API] Response registered_users: 200 OK'
LOG LOG: [36m'[Ejabberd API] Requesting registered_users from http://localhost:52810/api/ with user local-admin@local-jabber.entenhausen.pazz.de'[39m
LOG: '[Ejabberd API] Requesting registered_users from http://localhost:52810/api/ with user local-admin@local-jabber.entenhausen.pazz.de'
LOG LOG: [36m'[Ejabberd API] Requesting registered_users from http://localhost:52810/api/ with user local-admin@local-jabber.entenhausen.pazz.de'[39m
LOG: '[Ejabberd API] Requesting registered_users from http://localhost:52810/api/ with user local-admin@local-jabber.entenhausen.pazz.de'
LOG LOG: [36m'[Ejabberd API] Requesting registered_users from http://localhost:52810/api/ with user local-admin@local-jabber.entenhausen.pazz.de'[39m
LOG: '[Ejabberd API] Requesting registered_users from http://localhost:52810/api/ with user local-admin@local-jabber.entenhausen.pazz.de'
LOG LOG: [36m'[Ejabberd API] Requesting registered_users from http://localhost:52810/api/ with user local-admin@local-jabber.entenhausen.pazz.de'[39m
LOG: '[Ejabberd API] Requesting registered_users from http://localhost:52810/api/ with user local-admin@local-jabber.entenhausen.pazz.de'
LOG LOG: [36m'[Ejabberd API] Requesting registered_users from http://localhost:52810/api/ with user local-admin@local-jabber.entenhausen.pazz.de'[39m
LOG: '[Ejabberd API] Requesting registered_users from http://localhost:52810/api/ with user local-admin@local-jabber.entenhausen.pazz.de'
LOG LOG: [36m'[Ejabberd API] Response registered_users: 200 OK'[39m
LOG: '[Ejabberd API] Response registered_users: 200 OK'
LOG LOG: [36m'[Ejabberd API] Response registered_users: 200 OK'[39m
LOG: '[Ejabberd API] Response registered_users: 200 OK'
LOG LOG: [36m'[Ejabberd API] Response registered_users: 200 OK'[39m
LOG: '[Ejabberd API] Response registered_users: 200 OK'
LOG LOG: [36m'[Ejabberd API] Response registered_users: 200 OK'[39m
LOG: '[Ejabberd API] Response registered_users: 200 OK'
LOG LOG: [36m'[Ejabberd API] Response registered_users: 200 OK'[39m
LOG: '[Ejabberd API] Response registered_users: 200 OK'
LOG LOG: [36m'[Ejabberd API] Requesting registered_users from http://localhost:52810/api/ with user local-admin@local-jabber.entenhausen.pazz.de'[39m
LOG: '[Ejabberd API] Requesting registered_users from http://localhost:52810/api/ with user local-admin@local-jabber.entenhausen.pazz.de'
LOG LOG: [36m'[Ejabberd API] Response registered_users: 200 OK'[39m
LOG: '[Ejabberd API] Response registered_users: 200 OK'
LOG LOG: [36m'[Ejabberd API] Requesting check_account from http://localhost:52810/api/ with user local-admin@local-jabber.entenhausen.pazz.de'[39m
LOG: '[Ejabberd API] Requesting check_account from http://localhost:52810/api/ with user local-admin@local-jabber.entenhausen.pazz.de'
LOG LOG: [36m'[Ejabberd API] Response check_account: 200 OK'[39m
LOG: '[Ejabberd API] Response check_account: 200 OK'
LOG LOG: [36m'[Ejabberd API] Requesting register from http://localhost:52810/api/ with user local-admin@local-jabber.entenhausen.pazz.de'[39m
LOG: '[Ejabberd API] Requesting register from http://localhost:52810/api/ with user local-admin@local-jabber.entenhausen.pazz.de'
LOG LOG: [36m'[Ejabberd API] Response register: 200 OK'[39m
LOG: '[Ejabberd API] Response register: 200 OK'
LOG LOG: [36m'[Ejabberd API] Requesting registered_users from http://localhost:52810/api/ with user local-admin@local-jabber.entenhausen.pazz.de'[39m
LOG: '[Ejabberd API] Requesting registered_users from http://localhost:52810/api/ with user local-admin@local-jabber.entenhausen.pazz.de'
LOG LOG: [36m'[Ejabberd API] Response registered_users: 200 OK'[39m
LOG: '[Ejabberd API] Response registered_users: 200 OK'
LOG LOG: [36m'[Ejabberd API] Requesting check_account from http://localhost:52810/api/ with user local-admin@local-jabber.entenhausen.pazz.de'[39m
LOG: '[Ejabberd API] Requesting check_account from http://localhost:52810/api/ with user local-admin@local-jabber.entenhausen.pazz.de'
LOG LOG: [36m'[Ejabberd API] Response check_account: 200 OK'[39m
LOG: '[Ejabberd API] Response check_account: 200 OK'
LOG LOG: [36m'[Ejabberd API] Requesting register from http://localhost:52810/api/ with user local-admin@local-jabber.entenhausen.pazz.de'[39m
LOG: '[Ejabberd API] Requesting register from http://localhost:52810/api/ with user local-admin@local-jabber.entenhausen.pazz.de'
LOG LOG: [36m'[Ejabberd API] Response register: 200 OK'[39m
LOG: '[Ejabberd API] Response register: 200 OK'
LOG LOG: [36m'[Ejabberd API] Requesting destroy_room from http://localhost:52810/api/ with user local-admin@local-jabber.entenhausen.pazz.de'[39m
LOG: '[Ejabberd API] Requesting destroy_room from http://localhost:52810/api/ with user local-admin@local-jabber.entenhausen.pazz.de'
LOG LOG: [36m'[Ejabberd API] Requesting destroy_room from http://localhost:52810/api/ with user local-admin@local-jabber.entenhausen.pazz.de'[39m
LOG: '[Ejabberd API] Requesting destroy_room from http://localhost:52810/api/ with user local-admin@local-jabber.entenhausen.pazz.de'
LOG LOG: [36m'[Ejabberd API] Requesting destroy_room from http://localhost:52810/api/ with user local-admin@local-jabber.entenhausen.pazz.de'[39m
LOG: '[Ejabberd API] Requesting destroy_room from http://localhost:52810/api/ with user local-admin@local-jabber.entenhausen.pazz.de'
LOG LOG: [36m'[Ejabberd API] Requesting destroy_room from http://localhost:52810/api/ with user local-admin@local-jabber.entenhausen.pazz.de'[39m
LOG: '[Ejabberd API] Requesting destroy_room from http://localhost:52810/api/ with user local-admin@local-jabber.entenhausen.pazz.de'
LOG LOG: [36m'[Ejabberd API] Requesting destroy_room from http://localhost:52810/api/ with user local-admin@local-jabber.entenhausen.pazz.de'[39m
LOG: '[Ejabberd API] Requesting destroy_room from http://localhost:52810/api/ with user local-admin@local-jabber.entenhausen.pazz.de'
LOG LOG: [36m'[Ejabberd API] Requesting destroy_room from http://localhost:52810/api/ with user local-admin@local-jabber.entenhausen.pazz.de'[39m
LOG: '[Ejabberd API] Requesting destroy_room from http://localhost:52810/api/ with user local-admin@local-jabber.entenhausen.pazz.de'
LOG LOG: [36m'[Ejabberd API] Response destroy_room: 400 Bad Request'[39m
LOG: '[Ejabberd API] Response destroy_room: 400 Bad Request'
LOG LOG: [36m'[Ejabberd API] Response destroy_room: 400 Bad Request'[39m
LOG: '[Ejabberd API] Response destroy_room: 400 Bad Request'
LOG LOG: [36m'[Ejabberd API] Response destroy_room: 400 Bad Request'[39m
LOG: '[Ejabberd API] Response destroy_room: 400 Bad Request'
LOG LOG: [36m'[Ejabberd API] Response destroy_room: 200 OK'[39m
LOG: '[Ejabberd API] Response destroy_room: 200 OK'
LOG LOG: [36m'[Ejabberd API] Response destroy_room: 400 Bad Request'[39m
LOG: '[Ejabberd API] Response destroy_room: 400 Bad Request'
LOG LOG: [36m'[Ejabberd API] Response destroy_room: 400 Bad Request'[39m
LOG: '[Ejabberd API] Response destroy_room: 400 Bad Request'
LOG LOG: [36m'[Ejabberd API] Requesting registered_users from http://localhost:52810/api/ with user local-admin@local-jabber.entenhausen.pazz.de'[39m
LOG: '[Ejabberd API] Requesting registered_users from http://localhost:52810/api/ with user local-admin@local-jabber.entenhausen.pazz.de'
LOG LOG: [36m'[Ejabberd API] Requesting registered_users from http://localhost:52810/api/ with user local-admin@local-jabber.entenhausen.pazz.de'[39m
LOG: '[Ejabberd API] Requesting registered_users from http://localhost:52810/api/ with user local-admin@local-jabber.entenhausen.pazz.de'
LOG LOG: [36m'[Ejabberd API] Requesting registered_users from http://localhost:52810/api/ with user local-admin@local-jabber.entenhausen.pazz.de'[39m
LOG: '[Ejabberd API] Requesting registered_users from http://localhost:52810/api/ with user local-admin@local-jabber.entenhausen.pazz.de'
LOG LOG: [36m'[Ejabberd API] Requesting registered_users from http://localhost:52810/api/ with user local-admin@local-jabber.entenhausen.pazz.de'[39m
LOG: '[Ejabberd API] Requesting registered_users from http://localhost:52810/api/ with user local-admin@local-jabber.entenhausen.pazz.de'
LOG LOG: [36m'[Ejabberd API] Requesting registered_users from http://localhost:52810/api/ with user local-admin@local-jabber.entenhausen.pazz.de'[39m
LOG: '[Ejabberd API] Requesting registered_users from http://localhost:52810/api/ with user local-admin@local-jabber.entenhausen.pazz.de'
LOG LOG: [36m'[Ejabberd API] Response registered_users: 200 OK'[39m
LOG: '[Ejabberd API] Response registered_users: 200 OK'
LOG LOG: [36m'[Ejabberd API] Response registered_users: 200 OK'[39m
LOG: '[Ejabberd API] Response registered_users: 200 OK'
LOG LOG: [36m'[Ejabberd API] Response registered_users: 200 OK'[39m
LOG: '[Ejabberd API] Response registered_users: 200 OK'
LOG LOG: [36m'[Ejabberd API] Response registered_users: 200 OK'[39m
LOG: '[Ejabberd API] Response registered_users: 200 OK'
LOG LOG: [36m'[Ejabberd API] Response registered_users: 200 OK'[39m
LOG: '[Ejabberd API] Response registered_users: 200 OK'
LOG LOG: [36m'[Ejabberd API] Requesting check_account from http://localhost:52810/api/ with user local-admin@local-jabber.entenhausen.pazz.de'[39m
LOG: '[Ejabberd API] Requesting check_account from http://localhost:52810/api/ with user local-admin@local-jabber.entenhausen.pazz.de'
LOG LOG: [36m'[Ejabberd API] Requesting check_account from http://localhost:52810/api/ with user local-admin@local-jabber.entenhausen.pazz.de'[39m
LOG: '[Ejabberd API] Requesting check_account from http://localhost:52810/api/ with user local-admin@local-jabber.entenhausen.pazz.de'
LOG LOG: [36m'[Ejabberd API] Response check_account: 200 OK'[39m
LOG: '[Ejabberd API] Response check_account: 200 OK'
LOG LOG: [36m'[Ejabberd API] Response check_account: 200 OK'[39m
LOG: '[Ejabberd API] Response check_account: 200 OK'
LOG LOG: [36m'[Ejabberd API] Requesting unregister from http://localhost:52810/api/ with user local-admin@local-jabber.entenhausen.pazz.de'[39m
LOG: '[Ejabberd API] Requesting unregister from http://localhost:52810/api/ with user local-admin@local-jabber.entenhausen.pazz.de'
LOG LOG: [36m'[Ejabberd API] Requesting unregister from http://localhost:52810/api/ with user local-admin@local-jabber.entenhausen.pazz.de'[39m
LOG: '[Ejabberd API] Requesting unregister from http://localhost:52810/api/ with user local-admin@local-jabber.entenhausen.pazz.de'
LOG LOG: [36m'[Ejabberd API] Response unregister: 200 OK'[39m
LOG: '[Ejabberd API] Response unregister: 200 OK'
LOG LOG: [36m'[Ejabberd API] Response unregister: 200 OK'[39m
LOG: '[Ejabberd API] Response unregister: 200 OK'
      [31m✗ [39m[31mshould throw if room is not configurable[39m
	Failed: should have thrown
	    at <Jasmine>
	    at UserContext.<anonymous> (libs/ngx-xmpp/src/test/multi-user-chat.plugin.spec.ts:168:9)
	    at Generator.next (<anonymous>)
	    at asyncGeneratorStep (node_modules/@babel/runtime/helpers/esm/asyncToGenerator.js:3:1)
	<presence xmlns="jabber:client" xml:lang="en" to="hero@local-jabber.entenhausen.pazz.de/11859247168601816996529026" from="heroroom-wynn9l@conference.local-jabber.entenhausen.pazz.de/hero" type="error" id="ef46f9e8-b8f4-4084-9cde-29fb0cdb377f:sendPresence"><x xmlns="http://jabber.org/protocol/muc"><history maxstanzas="50" seconds="604800"></history></x><error type="auth"><registration-required xmlns="urn:ietf:params:xml:ns:xmpp-stanzas"></registration-required><text xmlns="urn:ietf:params:xml:ns:xmpp-stanzas" xml:lang="en">Membership is required to enter this room</text></error></presence> thrown
Chrome Headless 115.0.5790.98 (Mac OS 10.15.7): Executed 15 of 17[31m (7 FAILED)[39m (skipped 2) (4 mins 33.26 secs / 4 mins 33.232 secs)
[31mTOTAL: 7 FAILED, 8 SUCCESS[39m
[32m✔[39m Browser application bundle generation complete.
[32m✔[39m Browser application bundle generation complete.



 NX   Running target test for project ngx-xmpp failed

Failed tasks:

- ngx-xmpp:test

Hint: run the command with --verbose for more details.

