[NX Daemon Server] - 2026-01-14T12:46:33.746Z - Started listening on: /var/folders/3z/kpp6yp0x5dl0swhvz6zjq1fm0000gn/T/79c6a19bf59cc98d29a0/d.sock
[NX Daemon Server] - 2026-01-14T12:46:33.751Z - [WATCHER]: Subscribed to changes within: /Users/oliverschiessl/WebstormProjects/ngx-chat-new/ngx-chat (native)
[NX Daemon Server] - 2026-01-14T12:46:33.754Z - Established a connection. Number of open connections: 1
[NX Daemon Server] - 2026-01-14T12:46:33.754Z - Established a connection. Number of open connections: 2
[NX Daemon Server] - 2026-01-14T12:46:33.755Z - Closed a connection. Number of open connections: 1
[NX Daemon Server] - 2026-01-14T12:46:33.756Z - [REQUEST]: Client Request for Project Graph Received
[NX Daemon Server] - 2026-01-14T12:46:33.865Z - Time taken for 'Load Nx Plugin: /Users/oliverschiessl/WebstormProjects/ngx-chat-new/ngx-chat/node_modules/nx/src/plugins/project-json/build-nodes/project-json' 106.17062499999999ms
[NX Daemon Server] - 2026-01-14T12:46:33.865Z - Time taken for 'Load Nx Plugin: /Users/oliverschiessl/WebstormProjects/ngx-chat-new/ngx-chat/node_modules/nx/src/plugins/package-json' 107.258291ms
[NX Daemon Server] - 2026-01-14T12:46:33.877Z - [REQUEST]: Updated workspace context based on watched changes, recomputing project graph...
[NX Daemon Server] - 2026-01-14T12:46:33.877Z - [REQUEST]: 
[NX Daemon Server] - 2026-01-14T12:46:33.877Z - [REQUEST]: 
[NX Daemon Server] - 2026-01-14T12:46:33.883Z - Time taken for 'loadNxPlugins' 116.30462500000002ms
[NX Daemon Server] - 2026-01-14T12:46:33.921Z - Time taken for 'build-project-configs' 23.65491700000001ms
[NX Daemon Server] - 2026-01-14T12:46:34.032Z - [SYNC]: collect registered sync generators
[NX Daemon Server] - 2026-01-14T12:46:34.032Z - [REQUEST]: Responding to the client. project-graph
[NX Daemon Server] - 2026-01-14T12:46:34.033Z - Time taken for 'total for creating and serializing project graph' 276.28033300000004ms
[NX Daemon Server] - 2026-01-14T12:46:34.037Z - Done responding to the client project-graph
[NX Daemon Server] - 2026-01-14T12:46:34.037Z - Handled REQUEST_PROJECT_GRAPH. Handling time: 276. Response time: 5.
[NX Daemon Server] - 2026-01-14T12:46:34.104Z - [REQUEST]: Responding to the client. handleHashTasks
[NX Daemon Server] - 2026-01-14T12:46:34.106Z - Done responding to the client handleHashTasks
[NX Daemon Server] - 2026-01-14T12:46:34.106Z - Handled HASH_TASKS. Handling time: 20. Response time: 2.
[NX Daemon Server] - 2026-01-14T12:46:34.131Z - [REQUEST]: Responding to the client. handleGetEstimatedTaskTimings
[NX Daemon Server] - 2026-01-14T12:46:34.131Z - Done responding to the client handleGetEstimatedTaskTimings
[NX Daemon Server] - 2026-01-14T12:46:34.131Z - Handled GET_ESTIMATED_TASK_TIMINGS. Handling time: 17. Response time: 0.
[NX Daemon Server] - 2026-01-14T12:46:34.655Z - [WATCHER]: Processing file changes in outputs
[NX Daemon Server] - 2026-01-14T12:46:35.540Z - [WATCHER]: Processing file changes in outputs
[NX Daemon Server] - 2026-01-14T12:46:35.589Z - [WATCHER]: Processing file changes in outputs
[NX Daemon Server] - 2026-01-14T12:46:35.611Z - [REQUEST]: Responding to the client. recordOutputsHash
[NX Daemon Server] - 2026-01-14T12:46:35.611Z - Done responding to the client recordOutputsHash
[NX Daemon Server] - 2026-01-14T12:46:35.611Z - Handled RECORD_OUTPUTS_HASH. Handling time: 3. Response time: 0.
[NX Daemon Server] - 2026-01-14T12:46:35.646Z - [WATCHER]: Processing file changes in outputs
[NX Daemon Server] - 2026-01-14T12:46:35.699Z - [WATCHER]: Processing file changes in outputs
[NX Daemon Server] - 2026-01-14T12:46:35.889Z - [WATCHER]: Processing file changes in outputs
[NX Daemon Server] - 2026-01-14T12:46:35.941Z - [WATCHER]: Processing file changes in outputs
[NX Daemon Server] - 2026-01-14T12:46:35.969Z - [REQUEST]: Responding to the client. recordOutputsHash
[NX Daemon Server] - 2026-01-14T12:46:35.970Z - Done responding to the client recordOutputsHash
[NX Daemon Server] - 2026-01-14T12:46:35.970Z - Handled RECORD_OUTPUTS_HASH. Handling time: 2. Response time: 1.
[NX Daemon Server] - 2026-01-14T12:46:35.996Z - [WATCHER]: Processing file changes in outputs
[NX Daemon Server] - 2026-01-14T12:46:36.048Z - [WATCHER]: Processing file changes in outputs
[NX Daemon Server] - 2026-01-14T12:46:36.304Z - [WATCHER]: Processing file changes in outputs
[NX Daemon Server] - 2026-01-14T12:46:37.525Z - [WATCHER]: Processing file changes in outputs
[NX Daemon Server] - 2026-01-14T12:46:37.578Z - [WATCHER]: Processing file changes in outputs
[NX Daemon Server] - 2026-01-14T12:46:37.634Z - [REQUEST]: Responding to the client. recordOutputsHash
[NX Daemon Server] - 2026-01-14T12:46:37.634Z - Done responding to the client recordOutputsHash
[NX Daemon Server] - 2026-01-14T12:46:37.634Z - Handled RECORD_OUTPUTS_HASH. Handling time: 4. Response time: 0.
[NX Daemon Server] - 2026-01-14T12:46:37.634Z - [WATCHER]: Processing file changes in outputs
[NX Daemon Server] - 2026-01-14T12:46:37.690Z - [WATCHER]: Processing file changes in outputs
[NX Daemon Server] - 2026-01-14T12:46:38.259Z - [WATCHER]: Processing file changes in outputs
[NX Daemon Server] - 2026-01-14T12:46:38.434Z - [WATCHER]: Processing file changes in outputs
[NX Daemon Server] - 2026-01-14T12:46:39.254Z - [WATCHER]: Processing file changes in outputs
[NX Daemon Server] - 2026-01-14T12:46:39.273Z - [REQUEST]: Responding to the client. recordOutputsHash
[NX Daemon Server] - 2026-01-14T12:46:39.273Z - Done responding to the client recordOutputsHash
[NX Daemon Server] - 2026-01-14T12:46:39.273Z - Handled RECORD_OUTPUTS_HASH. Handling time: 2. Response time: 0.
[NX Daemon Server] - 2026-01-14T12:46:39.309Z - [WATCHER]: Processing file changes in outputs
[NX Daemon Server] - 2026-01-14T12:46:39.728Z - [WATCHER]: Processing file changes in outputs
[NX Daemon Server] - 2026-01-14T12:46:39.906Z - [WATCHER]: Processing file changes in outputs
[NX Daemon Server] - 2026-01-14T12:46:39.988Z - [WATCHER]: Processing file changes in outputs
[NX Daemon Server] - 2026-01-14T12:46:41.773Z - [WATCHER]: Processing file changes in outputs
[NX Daemon Server] - 2026-01-14T12:46:41.846Z - [REQUEST]: Responding to the client. recordOutputsHash
[NX Daemon Server] - 2026-01-14T12:46:41.846Z - Done responding to the client recordOutputsHash
[NX Daemon Server] - 2026-01-14T12:46:41.846Z - Handled RECORD_OUTPUTS_HASH. Handling time: 5. Response time: 0.
[NX Daemon Server] - 2026-01-14T12:46:41.869Z - [REQUEST]: Responding to the client. handleRecordTaskRuns
[NX Daemon Server] - 2026-01-14T12:46:41.870Z - Done responding to the client handleRecordTaskRuns
[NX Daemon Server] - 2026-01-14T12:46:41.870Z - Handled RECORD_TASK_RUNS. Handling time: 0. Response time: 1.
[NX Daemon Server] - 2026-01-14T12:46:41.870Z - [REQUEST]: Responding to the client. handleGetFlakyTasks
[NX Daemon Server] - 2026-01-14T12:46:41.870Z - Done responding to the client handleGetFlakyTasks
[NX Daemon Server] - 2026-01-14T12:46:41.870Z - Handled GET_FLAKY_TASKS. Handling time: 0. Response time: 0.
[NX Daemon Server] - 2026-01-14T12:46:41.879Z - Closed a connection. Number of open connections: 0
[NX Daemon Server] - 2026-01-14T12:46:42.003Z - [WATCHER]: Processing file changes in outputs
[NX Daemon Server] - 2026-01-14T12:46:59.166Z - Established a connection. Number of open connections: 1
[NX Daemon Server] - 2026-01-14T12:46:59.166Z - Closed a connection. Number of open connections: 0
[NX Daemon Server] - 2026-01-14T12:46:59.167Z - Established a connection. Number of open connections: 1
[NX Daemon Server] - 2026-01-14T12:46:59.168Z - [REQUEST]: Client Request for Project Graph Received
[NX Daemon Server] - 2026-01-14T12:46:59.168Z - [REQUEST]: Responding to the client. project-graph
[NX Daemon Server] - 2026-01-14T12:46:59.169Z - Time taken for 'total for creating and serializing project graph' 0.2479590000002645ms
[NX Daemon Server] - 2026-01-14T12:46:59.171Z - Done responding to the client project-graph
[NX Daemon Server] - 2026-01-14T12:46:59.171Z - Handled REQUEST_PROJECT_GRAPH. Handling time: 0. Response time: 3.
[NX Daemon Server] - 2026-01-14T12:46:59.219Z - [REQUEST]: Responding to the client. handleHashTasks
[NX Daemon Server] - 2026-01-14T12:46:59.220Z - Done responding to the client handleHashTasks
[NX Daemon Server] - 2026-01-14T12:46:59.220Z - Handled HASH_TASKS. Handling time: 6. Response time: 1.
[NX Daemon Server] - 2026-01-14T12:46:59.226Z - [REQUEST]: Responding to the client. handleGetEstimatedTaskTimings
[NX Daemon Server] - 2026-01-14T12:46:59.226Z - Done responding to the client handleGetEstimatedTaskTimings
[NX Daemon Server] - 2026-01-14T12:46:59.226Z - Handled GET_ESTIMATED_TASK_TIMINGS. Handling time: 0. Response time: 0.
[NX Daemon Server] - 2026-01-14T12:46:59.492Z - Established a connection. Number of open connections: 2
[NX Daemon Server] - 2026-01-14T12:46:59.493Z - Closed a connection. Number of open connections: 1
[NX Daemon Server] - 2026-01-14T12:46:59.493Z - Established a connection. Number of open connections: 2
[NX Daemon Server] - 2026-01-14T12:46:59.495Z - [REQUEST]: Client Request for Project Graph Received
[NX Daemon Server] - 2026-01-14T12:46:59.495Z - [REQUEST]: Responding to the client. project-graph
[NX Daemon Server] - 2026-01-14T12:46:59.496Z - Time taken for 'total for creating and serializing project graph' 0.20062500000130967ms
[NX Daemon Server] - 2026-01-14T12:46:59.499Z - Done responding to the client project-graph
[NX Daemon Server] - 2026-01-14T12:46:59.499Z - Handled REQUEST_PROJECT_GRAPH. Handling time: 0. Response time: 4.
[NX Daemon Server] - 2026-01-14T12:47:04.825Z - [WATCHER]: Processing file changes in outputs
[NX Daemon Server] - 2026-01-14T12:47:04.885Z - [WATCHER]: Processing file changes in outputs
[NX Daemon Server] - 2026-01-14T12:56:52.608Z - Closed a connection. Number of open connections: 1
[NX Daemon Server] - 2026-01-14T12:56:52.614Z - [REQUEST]: Responding to the client. recordOutputsHash
[NX Daemon Server] - 2026-01-14T12:56:52.614Z - Done responding to the client recordOutputsHash
[NX Daemon Server] - 2026-01-14T12:56:52.614Z - Handled RECORD_OUTPUTS_HASH. Handling time: 0. Response time: 0.
[NX Daemon Server] - 2026-01-14T12:56:52.618Z - [REQUEST]: Responding to the client. handleRecordTaskRuns
[NX Daemon Server] - 2026-01-14T12:56:52.618Z - Done responding to the client handleRecordTaskRuns
[NX Daemon Server] - 2026-01-14T12:56:52.618Z - Handled RECORD_TASK_RUNS. Handling time: 1. Response time: 0.
[NX Daemon Server] - 2026-01-14T12:56:52.618Z - [REQUEST]: Responding to the client. handleGetFlakyTasks
[NX Daemon Server] - 2026-01-14T12:56:52.618Z - Done responding to the client handleGetFlakyTasks
[NX Daemon Server] - 2026-01-14T12:56:52.618Z - Handled GET_FLAKY_TASKS. Handling time: 0. Response time: 0.
[NX Daemon Server] - 2026-01-14T12:56:52.623Z - Closed a connection. Number of open connections: 0
[NX Daemon Server] - 2026-01-14T12:59:08.479Z - Established a connection. Number of open connections: 1
[NX Daemon Server] - 2026-01-14T12:59:08.480Z - Established a connection. Number of open connections: 2
[NX Daemon Server] - 2026-01-14T12:59:08.480Z - Closed a connection. Number of open connections: 1
[NX Daemon Server] - 2026-01-14T12:59:08.481Z - [REQUEST]: Client Request for Project Graph Received
[NX Daemon Server] - 2026-01-14T12:59:08.481Z - [REQUEST]: Responding to the client. project-graph
[NX Daemon Server] - 2026-01-14T12:59:08.482Z - Time taken for 'total for creating and serializing project graph' 0.3468330000760034ms
[NX Daemon Server] - 2026-01-14T12:59:08.484Z - Done responding to the client project-graph
[NX Daemon Server] - 2026-01-14T12:59:08.484Z - Handled REQUEST_PROJECT_GRAPH. Handling time: 0. Response time: 3.
[NX Daemon Server] - 2026-01-14T12:59:08.535Z - [REQUEST]: Responding to the client. handleHashTasks
[NX Daemon Server] - 2026-01-14T12:59:08.535Z - Done responding to the client handleHashTasks
[NX Daemon Server] - 2026-01-14T12:59:08.535Z - Handled HASH_TASKS. Handling time: 8. Response time: 0.
[NX Daemon Server] - 2026-01-14T12:59:08.541Z - [REQUEST]: Responding to the client. handleGetEstimatedTaskTimings
[NX Daemon Server] - 2026-01-14T12:59:08.541Z - Done responding to the client handleGetEstimatedTaskTimings
[NX Daemon Server] - 2026-01-14T12:59:08.541Z - Handled GET_ESTIMATED_TASK_TIMINGS. Handling time: 0. Response time: 0.
[NX Daemon Server] - 2026-01-14T12:59:08.801Z - Established a connection. Number of open connections: 2
[NX Daemon Server] - 2026-01-14T12:59:08.802Z - Closed a connection. Number of open connections: 1
[NX Daemon Server] - 2026-01-14T12:59:08.802Z - Established a connection. Number of open connections: 2
[NX Daemon Server] - 2026-01-14T12:59:08.803Z - [REQUEST]: Client Request for Project Graph Received
[NX Daemon Server] - 2026-01-14T12:59:08.804Z - [REQUEST]: Responding to the client. project-graph
[NX Daemon Server] - 2026-01-14T12:59:08.805Z - Time taken for 'total for creating and serializing project graph' 0.1336250000167638ms
[NX Daemon Server] - 2026-01-14T12:59:08.808Z - Done responding to the client project-graph
[NX Daemon Server] - 2026-01-14T12:59:08.808Z - Handled REQUEST_PROJECT_GRAPH. Handling time: 1. Response time: 4.
[NX Daemon Server] - 2026-01-14T13:04:03.570Z - Closed a connection. Number of open connections: 1
[NX Daemon Server] - 2026-01-14T13:04:03.577Z - [REQUEST]: Responding to the client. recordOutputsHash
[NX Daemon Server] - 2026-01-14T13:04:03.577Z - Done responding to the client recordOutputsHash
[NX Daemon Server] - 2026-01-14T13:04:03.577Z - Handled RECORD_OUTPUTS_HASH. Handling time: 0. Response time: 0.
[NX Daemon Server] - 2026-01-14T13:04:03.605Z - [REQUEST]: Responding to the client. handleRecordTaskRuns
[NX Daemon Server] - 2026-01-14T13:04:03.605Z - Done responding to the client handleRecordTaskRuns
[NX Daemon Server] - 2026-01-14T13:04:03.605Z - Handled RECORD_TASK_RUNS. Handling time: 1. Response time: 0.
[NX Daemon Server] - 2026-01-14T13:04:03.606Z - [REQUEST]: Responding to the client. handleGetFlakyTasks
[NX Daemon Server] - 2026-01-14T13:04:03.606Z - Done responding to the client handleGetFlakyTasks
[NX Daemon Server] - 2026-01-14T13:04:03.606Z - Handled GET_FLAKY_TASKS. Handling time: 1. Response time: 0.
[NX Daemon Server] - 2026-01-14T13:04:03.610Z - Closed a connection. Number of open connections: 0
[NX Daemon Server] - 2026-01-14T13:09:54.612Z - Established a connection. Number of open connections: 1
[NX Daemon Server] - 2026-01-14T13:09:54.613Z - Established a connection. Number of open connections: 2
[NX Daemon Server] - 2026-01-14T13:09:54.614Z - Closed a connection. Number of open connections: 1
[NX Daemon Server] - 2026-01-14T13:09:54.615Z - [REQUEST]: Client Request for Project Graph Received
[NX Daemon Server] - 2026-01-14T13:09:54.615Z - [REQUEST]: Responding to the client. project-graph
[NX Daemon Server] - 2026-01-14T13:09:54.616Z - Time taken for 'total for creating and serializing project graph' 0.3439579999540001ms
[NX Daemon Server] - 2026-01-14T13:09:54.618Z - Done responding to the client project-graph
[NX Daemon Server] - 2026-01-14T13:09:54.618Z - Handled REQUEST_PROJECT_GRAPH. Handling time: 0. Response time: 3.
[NX Daemon Server] - 2026-01-14T13:09:54.670Z - [REQUEST]: Responding to the client. handleHashTasks
[NX Daemon Server] - 2026-01-14T13:09:54.670Z - Done responding to the client handleHashTasks
[NX Daemon Server] - 2026-01-14T13:09:54.670Z - Handled HASH_TASKS. Handling time: 8. Response time: 0.
[NX Daemon Server] - 2026-01-14T13:09:54.677Z - [REQUEST]: Responding to the client. handleGetEstimatedTaskTimings
[NX Daemon Server] - 2026-01-14T13:09:54.677Z - Done responding to the client handleGetEstimatedTaskTimings
[NX Daemon Server] - 2026-01-14T13:09:54.677Z - Handled GET_ESTIMATED_TASK_TIMINGS. Handling time: 0. Response time: 0.
[NX Daemon Server] - 2026-01-14T13:09:55.964Z - [REQUEST]: Responding to the client. recordOutputsHash
[NX Daemon Server] - 2026-01-14T13:09:55.964Z - Done responding to the client recordOutputsHash
[NX Daemon Server] - 2026-01-14T13:09:55.964Z - Handled RECORD_OUTPUTS_HASH. Handling time: 1. Response time: 0.
[NX Daemon Server] - 2026-01-14T13:09:55.989Z - [REQUEST]: Responding to the client. handleRecordTaskRuns
[NX Daemon Server] - 2026-01-14T13:09:55.989Z - Done responding to the client handleRecordTaskRuns
[NX Daemon Server] - 2026-01-14T13:09:55.989Z - Handled RECORD_TASK_RUNS. Handling time: 0. Response time: 0.
[NX Daemon Server] - 2026-01-14T13:09:55.991Z - [REQUEST]: Responding to the client. handleGetFlakyTasks
[NX Daemon Server] - 2026-01-14T13:09:55.991Z - Done responding to the client handleGetFlakyTasks
[NX Daemon Server] - 2026-01-14T13:09:55.991Z - Handled GET_FLAKY_TASKS. Handling time: 0. Response time: 0.
[NX Daemon Server] - 2026-01-14T13:09:55.994Z - Closed a connection. Number of open connections: 0
[NX Daemon Server] - 2026-01-14T13:09:56.381Z - Established a connection. Number of open connections: 1
[NX Daemon Server] - 2026-01-14T13:09:56.381Z - Closed a connection. Number of open connections: 0
[NX Daemon Server] - 2026-01-14T13:09:56.381Z - Established a connection. Number of open connections: 1
[NX Daemon Server] - 2026-01-14T13:09:56.382Z - [REQUEST]: Client Request for Project Graph Received
[NX Daemon Server] - 2026-01-14T13:09:56.382Z - [REQUEST]: Responding to the client. project-graph
[NX Daemon Server] - 2026-01-14T13:09:56.382Z - Time taken for 'total for creating and serializing project graph' 0.10229200008325279ms
[NX Daemon Server] - 2026-01-14T13:09:56.384Z - Done responding to the client project-graph
[NX Daemon Server] - 2026-01-14T13:09:56.384Z - Handled REQUEST_PROJECT_GRAPH. Handling time: 0. Response time: 2.
[NX Daemon Server] - 2026-01-14T13:09:56.426Z - [REQUEST]: Responding to the client. handleHashTasks
[NX Daemon Server] - 2026-01-14T13:09:56.427Z - Done responding to the client handleHashTasks
[NX Daemon Server] - 2026-01-14T13:09:56.427Z - Handled HASH_TASKS. Handling time: 8. Response time: 1.
[NX Daemon Server] - 2026-01-14T13:09:56.432Z - [REQUEST]: Responding to the client. handleGetEstimatedTaskTimings
[NX Daemon Server] - 2026-01-14T13:09:56.433Z - Done responding to the client handleGetEstimatedTaskTimings
[NX Daemon Server] - 2026-01-14T13:09:56.433Z - Handled GET_ESTIMATED_TASK_TIMINGS. Handling time: 0. Response time: 1.
[NX Daemon Server] - 2026-01-14T13:09:57.896Z - [REQUEST]: Responding to the client. recordOutputsHash
[NX Daemon Server] - 2026-01-14T13:09:57.897Z - Done responding to the client recordOutputsHash
[NX Daemon Server] - 2026-01-14T13:09:57.897Z - Handled RECORD_OUTPUTS_HASH. Handling time: 0. Response time: 1.
[NX Daemon Server] - 2026-01-14T13:09:57.922Z - [REQUEST]: Responding to the client. handleRecordTaskRuns
[NX Daemon Server] - 2026-01-14T13:09:57.922Z - Done responding to the client handleRecordTaskRuns
[NX Daemon Server] - 2026-01-14T13:09:57.922Z - Handled RECORD_TASK_RUNS. Handling time: 1. Response time: 0.
[NX Daemon Server] - 2026-01-14T13:09:57.923Z - [REQUEST]: Responding to the client. handleGetFlakyTasks
[NX Daemon Server] - 2026-01-14T13:09:57.923Z - Done responding to the client handleGetFlakyTasks
[NX Daemon Server] - 2026-01-14T13:09:57.923Z - Handled GET_FLAKY_TASKS. Handling time: 0. Response time: 0.
[NX Daemon Server] - 2026-01-14T13:09:57.927Z - Closed a connection. Number of open connections: 0
[NX Daemon Server] - 2026-01-14T13:10:30.362Z - Established a connection. Number of open connections: 1
[NX Daemon Server] - 2026-01-14T13:10:30.363Z - Closed a connection. Number of open connections: 0
[NX Daemon Server] - 2026-01-14T13:10:30.363Z - Established a connection. Number of open connections: 1
[NX Daemon Server] - 2026-01-14T13:10:30.363Z - [REQUEST]: Client Request for Project Graph Received
[NX Daemon Server] - 2026-01-14T13:10:30.364Z - [REQUEST]: Responding to the client. project-graph
[NX Daemon Server] - 2026-01-14T13:10:30.364Z - Time taken for 'total for creating and serializing project graph' 0.26904199994169176ms
[NX Daemon Server] - 2026-01-14T13:10:30.366Z - Done responding to the client project-graph
[NX Daemon Server] - 2026-01-14T13:10:30.366Z - Handled REQUEST_PROJECT_GRAPH. Handling time: 1. Response time: 2.
[NX Daemon Server] - 2026-01-14T13:10:30.437Z - Closed a connection. Number of open connections: 0
[NX Daemon Server] - 2026-01-14T13:10:43.154Z - Established a connection. Number of open connections: 1
[NX Daemon Server] - 2026-01-14T13:10:43.155Z - Closed a connection. Number of open connections: 0
[NX Daemon Server] - 2026-01-14T13:10:43.155Z - Established a connection. Number of open connections: 1
[NX Daemon Server] - 2026-01-14T13:10:43.157Z - [REQUEST]: Client Request for Project Graph Received
[NX Daemon Server] - 2026-01-14T13:10:43.157Z - [REQUEST]: Responding to the client. project-graph
[NX Daemon Server] - 2026-01-14T13:10:43.157Z - Time taken for 'total for creating and serializing project graph' 0.1457499999087304ms
[NX Daemon Server] - 2026-01-14T13:10:43.159Z - Done responding to the client project-graph
[NX Daemon Server] - 2026-01-14T13:10:43.159Z - Handled REQUEST_PROJECT_GRAPH. Handling time: 0. Response time: 2.
[NX Daemon Server] - 2026-01-14T13:10:43.209Z - [REQUEST]: Responding to the client. handleHashTasks
[NX Daemon Server] - 2026-01-14T13:10:43.209Z - Done responding to the client handleHashTasks
[NX Daemon Server] - 2026-01-14T13:10:43.209Z - Handled HASH_TASKS. Handling time: 9. Response time: 0.
[NX Daemon Server] - 2026-01-14T13:10:43.217Z - [REQUEST]: Responding to the client. handleGetEstimatedTaskTimings
[NX Daemon Server] - 2026-01-14T13:10:43.217Z - Done responding to the client handleGetEstimatedTaskTimings
[NX Daemon Server] - 2026-01-14T13:10:43.217Z - Handled GET_ESTIMATED_TASK_TIMINGS. Handling time: 0. Response time: 0.
[NX Daemon Server] - 2026-01-14T13:10:43.492Z - Established a connection. Number of open connections: 2
[NX Daemon Server] - 2026-01-14T13:10:43.493Z - Closed a connection. Number of open connections: 1
[NX Daemon Server] - 2026-01-14T13:10:43.493Z - Established a connection. Number of open connections: 2
[NX Daemon Server] - 2026-01-14T13:10:43.494Z - [REQUEST]: Client Request for Project Graph Received
[NX Daemon Server] - 2026-01-14T13:10:43.494Z - [REQUEST]: Responding to the client. project-graph
[NX Daemon Server] - 2026-01-14T13:10:43.494Z - Time taken for 'total for creating and serializing project graph' 0.15904200007207692ms
[NX Daemon Server] - 2026-01-14T13:10:43.497Z - Done responding to the client project-graph
[NX Daemon Server] - 2026-01-14T13:10:43.498Z - Handled REQUEST_PROJECT_GRAPH. Handling time: 0. Response time: 4.
[NX Daemon Server] - 2026-01-14T13:10:46.701Z - [WATCHER]: Processing file changes in outputs
[NX Daemon Server] - 2026-01-14T13:10:46.766Z - [WATCHER]: Processing file changes in outputs
[NX Daemon Server] - 2026-01-14T13:10:46.820Z - [WATCHER]: Processing file changes in outputs
[NX Daemon Server] - 2026-01-14T13:10:46.871Z - [WATCHER]: Processing file changes in outputs
[NX Daemon Server] - 2026-01-14T13:10:46.931Z - [WATCHER]: Processing file changes in outputs
[NX Daemon Server] - 2026-01-14T13:10:46.992Z - [WATCHER]: Processing file changes in outputs
[NX Daemon Server] - 2026-01-14T13:10:47.111Z - [WATCHER]: Processing file changes in outputs
[NX Daemon Server] - 2026-01-14T13:10:47.500Z - [WATCHER]: Processing file changes in outputs
[NX Daemon Server] - 2026-01-14T13:10:47.617Z - [WATCHER]: Processing file changes in outputs
[NX Daemon Server] - 2026-01-14T13:10:47.671Z - [WATCHER]: Processing file changes in outputs
[NX Daemon Server] - 2026-01-14T13:10:47.731Z - [WATCHER]: Processing file changes in outputs
[NX Daemon Server] - 2026-01-14T13:10:47.785Z - [WATCHER]: Processing file changes in outputs
[NX Daemon Server] - 2026-01-14T13:10:47.850Z - [WATCHER]: Processing file changes in outputs
[NX Daemon Server] - 2026-01-14T13:10:47.914Z - [WATCHER]: Processing file changes in outputs
[NX Daemon Server] - 2026-01-14T13:10:48.130Z - [WATCHER]: Processing file changes in outputs
[NX Daemon Server] - 2026-01-14T13:10:48.287Z - [WATCHER]: Processing file changes in outputs
[NX Daemon Server] - 2026-01-14T13:10:48.430Z - [WATCHER]: Processing file changes in outputs
[NX Daemon Server] - 2026-01-14T13:10:48.491Z - [WATCHER]: Processing file changes in outputs
[NX Daemon Server] - 2026-01-14T13:10:48.590Z - [WATCHER]: Processing file changes in outputs
[NX Daemon Server] - 2026-01-14T13:10:48.831Z - [WATCHER]: Processing file changes in outputs
[NX Daemon Server] - 2026-01-14T13:10:48.959Z - [WATCHER]: Processing file changes in outputs
[NX Daemon Server] - 2026-01-14T13:10:49.011Z - [WATCHER]: Processing file changes in outputs
[NX Daemon Server] - 2026-01-14T13:10:49.099Z - [WATCHER]: Processing file changes in outputs
[NX Daemon Server] - 2026-01-14T13:10:49.183Z - [WATCHER]: Processing file changes in outputs
[NX Daemon Server] - 2026-01-14T13:10:49.239Z - [WATCHER]: Processing file changes in outputs
[NX Daemon Server] - 2026-01-14T13:10:49.302Z - [WATCHER]: Processing file changes in outputs
[NX Daemon Server] - 2026-01-14T13:10:49.354Z - [WATCHER]: Processing file changes in outputs
[NX Daemon Server] - 2026-01-14T13:10:49.412Z - [WATCHER]: Processing file changes in outputs
[NX Daemon Server] - 2026-01-14T13:10:49.505Z - [WATCHER]: Processing file changes in outputs
[NX Daemon Server] - 2026-01-14T13:10:49.557Z - [WATCHER]: Processing file changes in outputs
[NX Daemon Server] - 2026-01-14T13:10:49.615Z - [WATCHER]: Processing file changes in outputs
[NX Daemon Server] - 2026-01-14T13:10:49.676Z - [WATCHER]: Processing file changes in outputs
[NX Daemon Server] - 2026-01-14T13:10:49.746Z - [WATCHER]: Processing file changes in outputs
[NX Daemon Server] - 2026-01-14T13:10:52.985Z - [WATCHER]: Processing file changes in outputs
[NX Daemon Server] - 2026-01-14T13:10:53.090Z - [WATCHER]: Processing file changes in outputs
[NX Daemon Server] - 2026-01-14T13:21:41.314Z - [WATCHER]: Processing file changes in outputs
[NX Daemon Server] - 2026-01-14T13:21:41.354Z - Closed a connection. Number of open connections: 1
[NX Daemon Server] - 2026-01-14T13:21:41.360Z - [REQUEST]: Responding to the client. recordOutputsHash
[NX Daemon Server] - 2026-01-14T13:21:41.360Z - Done responding to the client recordOutputsHash
[NX Daemon Server] - 2026-01-14T13:21:41.360Z - Handled RECORD_OUTPUTS_HASH. Handling time: 1. Response time: 0.
[NX Daemon Server] - 2026-01-14T13:21:41.388Z - [REQUEST]: Responding to the client. handleRecordTaskRuns
[NX Daemon Server] - 2026-01-14T13:21:41.388Z - Done responding to the client handleRecordTaskRuns
[NX Daemon Server] - 2026-01-14T13:21:41.388Z - Handled RECORD_TASK_RUNS. Handling time: 0. Response time: 0.
[NX Daemon Server] - 2026-01-14T13:21:41.389Z - [REQUEST]: Responding to the client. handleGetFlakyTasks
[NX Daemon Server] - 2026-01-14T13:21:41.389Z - Done responding to the client handleGetFlakyTasks
[NX Daemon Server] - 2026-01-14T13:21:41.389Z - Handled GET_FLAKY_TASKS. Handling time: 0. Response time: 0.
[NX Daemon Server] - 2026-01-14T13:21:41.393Z - Closed a connection. Number of open connections: 0
[NX Daemon Server] - 2026-01-14T13:21:51.783Z - Established a connection. Number of open connections: 1
[NX Daemon Server] - 2026-01-14T13:21:51.783Z - Established a connection. Number of open connections: 2
[NX Daemon Server] - 2026-01-14T13:21:51.783Z - Closed a connection. Number of open connections: 1
[NX Daemon Server] - 2026-01-14T13:21:51.784Z - [REQUEST]: Client Request for Project Graph Received
[NX Daemon Server] - 2026-01-14T13:21:51.785Z - [REQUEST]: Responding to the client. project-graph
[NX Daemon Server] - 2026-01-14T13:21:51.785Z - Time taken for 'total for creating and serializing project graph' 0.28087499970570207ms
[NX Daemon Server] - 2026-01-14T13:21:51.787Z - Done responding to the client project-graph
[NX Daemon Server] - 2026-01-14T13:21:51.787Z - Handled REQUEST_PROJECT_GRAPH. Handling time: 1. Response time: 2.
[NX Daemon Server] - 2026-01-14T13:21:51.836Z - [REQUEST]: Responding to the client. handleHashTasks
[NX Daemon Server] - 2026-01-14T13:21:51.836Z - Done responding to the client handleHashTasks
[NX Daemon Server] - 2026-01-14T13:21:51.836Z - Handled HASH_TASKS. Handling time: 8. Response time: 0.
[NX Daemon Server] - 2026-01-14T13:21:51.842Z - [REQUEST]: Responding to the client. handleGetEstimatedTaskTimings
[NX Daemon Server] - 2026-01-14T13:21:51.842Z - Done responding to the client handleGetEstimatedTaskTimings
[NX Daemon Server] - 2026-01-14T13:21:51.842Z - Handled GET_ESTIMATED_TASK_TIMINGS. Handling time: 0. Response time: 0.
[NX Daemon Server] - 2026-01-14T13:21:52.143Z - Established a connection. Number of open connections: 2
[NX Daemon Server] - 2026-01-14T13:21:52.144Z - Closed a connection. Number of open connections: 1
[NX Daemon Server] - 2026-01-14T13:21:52.144Z - Established a connection. Number of open connections: 2
[NX Daemon Server] - 2026-01-14T13:21:52.145Z - [REQUEST]: Client Request for Project Graph Received
[NX Daemon Server] - 2026-01-14T13:21:52.145Z - [REQUEST]: Responding to the client. project-graph
[NX Daemon Server] - 2026-01-14T13:21:52.145Z - Time taken for 'total for creating and serializing project graph' 0.12116699991747737ms
[NX Daemon Server] - 2026-01-14T13:21:52.149Z - Done responding to the client project-graph
[NX Daemon Server] - 2026-01-14T13:21:52.149Z - Handled REQUEST_PROJECT_GRAPH. Handling time: 0. Response time: 4.
[NX Daemon Server] - 2026-01-14T13:21:56.128Z - [WATCHER]: Processing file changes in outputs
[NX Daemon Server] - 2026-01-14T13:21:56.288Z - [WATCHER]: Processing file changes in outputs
[NX Daemon Server] - 2026-01-14T13:21:56.343Z - [WATCHER]: Processing file changes in outputs
[NX Daemon Server] - 2026-01-14T13:21:56.501Z - [WATCHER]: Processing file changes in outputs
[NX Daemon Server] - 2026-01-14T13:21:56.560Z - [WATCHER]: Processing file changes in outputs
[NX Daemon Server] - 2026-01-14T13:21:56.621Z - [WATCHER]: Processing file changes in outputs
[NX Daemon Server] - 2026-01-14T13:22:00.742Z - [WATCHER]: Processing file changes in outputs
[NX Daemon Server] - 2026-01-14T13:22:00.861Z - [WATCHER]: Processing file changes in outputs
[NX Daemon Server] - 2026-01-14T13:23:03.207Z - [WATCHER]: Processing file changes in outputs
[NX Daemon Server] - 2026-01-14T13:23:03.261Z - [WATCHER]: Processing file changes in outputs
[NX Daemon Server] - 2026-01-14T13:23:03.597Z - [WATCHER]: Processing file changes in outputs
[NX Daemon Server] - 2026-01-14T13:23:04.007Z - [WATCHER]: Processing file changes in outputs
[NX Daemon Server] - 2026-01-14T13:23:04.371Z - [WATCHER]: Processing file changes in outputs
[NX Daemon Server] - 2026-01-14T13:23:04.720Z - [WATCHER]: Processing file changes in outputs
[NX Daemon Server] - 2026-01-14T13:23:04.771Z - [WATCHER]: Processing file changes in outputs
[NX Daemon Server] - 2026-01-14T13:23:04.858Z - [WATCHER]: Processing file changes in outputs
[NX Daemon Server] - 2026-01-14T13:23:04.968Z - [WATCHER]: Processing file changes in outputs
[NX Daemon Server] - 2026-01-14T13:23:05.024Z - [WATCHER]: Processing file changes in outputs
[NX Daemon Server] - 2026-01-14T13:23:05.098Z - [WATCHER]: Processing file changes in outputs
[NX Daemon Server] - 2026-01-14T13:23:05.181Z - [WATCHER]: Processing file changes in outputs
[NX Daemon Server] - 2026-01-14T13:23:05.244Z - [WATCHER]: Processing file changes in outputs
[NX Daemon Server] - 2026-01-14T13:23:05.310Z - [WATCHER]: Processing file changes in outputs
[NX Daemon Server] - 2026-01-14T13:23:05.377Z - [WATCHER]: Processing file changes in outputs
[NX Daemon Server] - 2026-01-14T13:23:05.455Z - [WATCHER]: Processing file changes in outputs
[NX Daemon Server] - 2026-01-14T13:23:05.519Z - [WATCHER]: Processing file changes in outputs
[NX Daemon Server] - 2026-01-14T13:23:05.580Z - [WATCHER]: Processing file changes in outputs
[NX Daemon Server] - 2026-01-14T13:23:06.065Z - [WATCHER]: Processing file changes in outputs
[NX Daemon Server] - 2026-01-14T13:23:06.137Z - [WATCHER]: Processing file changes in outputs
[NX Daemon Server] - 2026-01-14T13:23:06.604Z - [WATCHER]: Processing file changes in outputs
[NX Daemon Server] - 2026-01-14T13:23:06.660Z - [WATCHER]: Processing file changes in outputs
[NX Daemon Server] - 2026-01-14T13:23:06.715Z - [WATCHER]: Processing file changes in outputs
[NX Daemon Server] - 2026-01-14T13:23:06.768Z - [WATCHER]: Processing file changes in outputs
[NX Daemon Server] - 2026-01-14T13:23:06.874Z - [WATCHER]: Processing file changes in outputs
[NX Daemon Server] - 2026-01-14T13:23:07.041Z - [WATCHER]: Processing file changes in outputs
[NX Daemon Server] - 2026-01-14T13:23:07.093Z - [WATCHER]: Processing file changes in outputs
[NX Daemon Server] - 2026-01-14T13:23:07.147Z - [WATCHER]: Processing file changes in outputs
[NX Daemon Server] - 2026-01-14T13:23:07.204Z - [WATCHER]: Processing file changes in outputs
[NX Daemon Server] - 2026-01-14T13:23:07.257Z - [WATCHER]: Processing file changes in outputs
[NX Daemon Server] - 2026-01-14T13:23:07.308Z - [WATCHER]: Processing file changes in outputs
[NX Daemon Server] - 2026-01-14T13:23:20.596Z - Closed a connection. Number of open connections: 1
[NX Daemon Server] - 2026-01-14T13:23:20.609Z - [WATCHER]: Processing file changes in outputs
[NX Daemon Server] - 2026-01-14T13:23:20.641Z - [REQUEST]: Responding to the client. recordOutputsHash
[NX Daemon Server] - 2026-01-14T13:23:20.641Z - Done responding to the client recordOutputsHash
[NX Daemon Server] - 2026-01-14T13:23:20.641Z - Handled RECORD_OUTPUTS_HASH. Handling time: 0. Response time: 0.
[NX Daemon Server] - 2026-01-14T13:23:20.646Z - [REQUEST]: Responding to the client. handleRecordTaskRuns
[NX Daemon Server] - 2026-01-14T13:23:20.646Z - Done responding to the client handleRecordTaskRuns
[NX Daemon Server] - 2026-01-14T13:23:20.646Z - Handled RECORD_TASK_RUNS. Handling time: 2. Response time: 0.
[NX Daemon Server] - 2026-01-14T13:23:20.647Z - [REQUEST]: Responding to the client. handleGetFlakyTasks
[NX Daemon Server] - 2026-01-14T13:23:20.647Z - Done responding to the client handleGetFlakyTasks
[NX Daemon Server] - 2026-01-14T13:23:20.647Z - Handled GET_FLAKY_TASKS. Handling time: 0. Response time: 0.
[NX Daemon Server] - 2026-01-14T13:23:20.651Z - Closed a connection. Number of open connections: 0
[NX Daemon Server] - 2026-01-14T13:27:21.900Z - Established a connection. Number of open connections: 1
[NX Daemon Server] - 2026-01-14T13:27:21.901Z - Established a connection. Number of open connections: 2
[NX Daemon Server] - 2026-01-14T13:27:21.901Z - Closed a connection. Number of open connections: 1
[NX Daemon Server] - 2026-01-14T13:27:21.902Z - [REQUEST]: Client Request for Project Graph Received
[NX Daemon Server] - 2026-01-14T13:27:21.902Z - [REQUEST]: Responding to the client. project-graph
[NX Daemon Server] - 2026-01-14T13:27:21.903Z - Time taken for 'total for creating and serializing project graph' 0.3048749999143183ms
[NX Daemon Server] - 2026-01-14T13:27:21.905Z - Done responding to the client project-graph
[NX Daemon Server] - 2026-01-14T13:27:21.905Z - Handled REQUEST_PROJECT_GRAPH. Handling time: 0. Response time: 3.
[NX Daemon Server] - 2026-01-14T13:27:21.957Z - [REQUEST]: Responding to the client. handleHashTasks
[NX Daemon Server] - 2026-01-14T13:27:21.958Z - Done responding to the client handleHashTasks
[NX Daemon Server] - 2026-01-14T13:27:21.958Z - Handled HASH_TASKS. Handling time: 8. Response time: 1.
[NX Daemon Server] - 2026-01-14T13:27:21.965Z - [REQUEST]: Responding to the client. handleGetEstimatedTaskTimings
[NX Daemon Server] - 2026-01-14T13:27:21.965Z - Done responding to the client handleGetEstimatedTaskTimings
[NX Daemon Server] - 2026-01-14T13:27:21.965Z - Handled GET_ESTIMATED_TASK_TIMINGS. Handling time: 0. Response time: 0.
[NX Daemon Server] - 2026-01-14T13:27:22.285Z - Established a connection. Number of open connections: 2
[NX Daemon Server] - 2026-01-14T13:27:22.285Z - Closed a connection. Number of open connections: 1
[NX Daemon Server] - 2026-01-14T13:27:22.285Z - Established a connection. Number of open connections: 2
[NX Daemon Server] - 2026-01-14T13:27:22.287Z - [REQUEST]: Client Request for Project Graph Received
[NX Daemon Server] - 2026-01-14T13:27:22.287Z - [REQUEST]: Responding to the client. project-graph
[NX Daemon Server] - 2026-01-14T13:27:22.287Z - Time taken for 'total for creating and serializing project graph' 0.1507080001756549ms
[NX Daemon Server] - 2026-01-14T13:27:22.291Z - Done responding to the client project-graph
[NX Daemon Server] - 2026-01-14T13:27:22.291Z - Handled REQUEST_PROJECT_GRAPH. Handling time: 0. Response time: 4.
[NX Daemon Server] - 2026-01-14T13:27:28.385Z - [WATCHER]: Processing file changes in outputs
[NX Daemon Server] - 2026-01-14T13:27:28.483Z - [WATCHER]: Processing file changes in outputs
[NX Daemon Server] - 2026-01-14T13:27:34.256Z - Closed a connection. Number of open connections: 1
[NX Daemon Server] - 2026-01-14T13:27:34.263Z - [REQUEST]: Responding to the client. recordOutputsHash
[NX Daemon Server] - 2026-01-14T13:27:34.263Z - Done responding to the client recordOutputsHash
[NX Daemon Server] - 2026-01-14T13:27:34.263Z - Handled RECORD_OUTPUTS_HASH. Handling time: 0. Response time: 0.
[NX Daemon Server] - 2026-01-14T13:27:34.270Z - [WATCHER]: Processing file changes in outputs
[NX Daemon Server] - 2026-01-14T13:27:34.290Z - [REQUEST]: Responding to the client. handleRecordTaskRuns
[NX Daemon Server] - 2026-01-14T13:27:34.290Z - Done responding to the client handleRecordTaskRuns
[NX Daemon Server] - 2026-01-14T13:27:34.291Z - Handled RECORD_TASK_RUNS. Handling time: 0. Response time: 1.
[NX Daemon Server] - 2026-01-14T13:27:34.291Z - [REQUEST]: Responding to the client. handleGetFlakyTasks
[NX Daemon Server] - 2026-01-14T13:27:34.291Z - Done responding to the client handleGetFlakyTasks
[NX Daemon Server] - 2026-01-14T13:27:34.291Z - Handled GET_FLAKY_TASKS. Handling time: 0. Response time: 0.
[NX Daemon Server] - 2026-01-14T13:27:34.295Z - Closed a connection. Number of open connections: 0
[NX Daemon Server] - 2026-01-14T13:27:45.263Z - Established a connection. Number of open connections: 1
[NX Daemon Server] - 2026-01-14T13:27:45.263Z - Closed a connection. Number of open connections: 0
[NX Daemon Server] - 2026-01-14T13:27:45.263Z - Established a connection. Number of open connections: 1
[NX Daemon Server] - 2026-01-14T13:27:45.264Z - [REQUEST]: Client Request for Project Graph Received
[NX Daemon Server] - 2026-01-14T13:27:45.264Z - [REQUEST]: Responding to the client. project-graph
[NX Daemon Server] - 2026-01-14T13:27:45.264Z - Time taken for 'total for creating and serializing project graph' 0.14470899989828467ms
[NX Daemon Server] - 2026-01-14T13:27:45.266Z - Done responding to the client project-graph
[NX Daemon Server] - 2026-01-14T13:27:45.266Z - Handled REQUEST_PROJECT_GRAPH. Handling time: 0. Response time: 2.
[NX Daemon Server] - 2026-01-14T13:27:45.316Z - [REQUEST]: Responding to the client. handleHashTasks
[NX Daemon Server] - 2026-01-14T13:27:45.316Z - Done responding to the client handleHashTasks
[NX Daemon Server] - 2026-01-14T13:27:45.316Z - Handled HASH_TASKS. Handling time: 10. Response time: 0.
[NX Daemon Server] - 2026-01-14T13:27:45.322Z - [REQUEST]: Responding to the client. handleGetEstimatedTaskTimings
[NX Daemon Server] - 2026-01-14T13:27:45.322Z - Done responding to the client handleGetEstimatedTaskTimings
[NX Daemon Server] - 2026-01-14T13:27:45.322Z - Handled GET_ESTIMATED_TASK_TIMINGS. Handling time: 0. Response time: 0.
[NX Daemon Server] - 2026-01-14T13:27:45.584Z - Established a connection. Number of open connections: 2
[NX Daemon Server] - 2026-01-14T13:27:45.584Z - Closed a connection. Number of open connections: 1
[NX Daemon Server] - 2026-01-14T13:27:45.585Z - Established a connection. Number of open connections: 2
[NX Daemon Server] - 2026-01-14T13:27:45.586Z - [REQUEST]: Client Request for Project Graph Received
[NX Daemon Server] - 2026-01-14T13:27:45.586Z - [REQUEST]: Responding to the client. project-graph
[NX Daemon Server] - 2026-01-14T13:27:45.587Z - Time taken for 'total for creating and serializing project graph' 0.24087500013411045ms
[NX Daemon Server] - 2026-01-14T13:27:45.590Z - Done responding to the client project-graph
[NX Daemon Server] - 2026-01-14T13:27:45.591Z - Handled REQUEST_PROJECT_GRAPH. Handling time: 0. Response time: 5.
[NX Daemon Server] - 2026-01-14T13:27:51.121Z - [WATCHER]: Processing file changes in outputs
[NX Daemon Server] - 2026-01-14T13:29:03.256Z - [WATCHER]: Processing file changes in outputs
[NX Daemon Server] - 2026-01-14T13:29:03.260Z - Closed a connection. Number of open connections: 1
[NX Daemon Server] - 2026-01-14T13:29:03.268Z - [REQUEST]: Responding to the client. recordOutputsHash
[NX Daemon Server] - 2026-01-14T13:29:03.268Z - Done responding to the client recordOutputsHash
[NX Daemon Server] - 2026-01-14T13:29:03.268Z - Handled RECORD_OUTPUTS_HASH. Handling time: 0. Response time: 0.
[NX Daemon Server] - 2026-01-14T13:29:03.296Z - [REQUEST]: Responding to the client. handleRecordTaskRuns
[NX Daemon Server] - 2026-01-14T13:29:03.296Z - Done responding to the client handleRecordTaskRuns
[NX Daemon Server] - 2026-01-14T13:29:03.296Z - Handled RECORD_TASK_RUNS. Handling time: 1. Response time: 0.
[NX Daemon Server] - 2026-01-14T13:29:03.297Z - [REQUEST]: Responding to the client. handleGetFlakyTasks
[NX Daemon Server] - 2026-01-14T13:29:03.297Z - Done responding to the client handleGetFlakyTasks
[NX Daemon Server] - 2026-01-14T13:29:03.297Z - Handled GET_FLAKY_TASKS. Handling time: 0. Response time: 0.
[NX Daemon Server] - 2026-01-14T13:29:03.302Z - Closed a connection. Number of open connections: 0
[NX v22.3.3 Daemon Server] - 2026-01-14T13:36:28.657Z - Started listening on: /var/folders/3z/kpp6yp0x5dl0swhvz6zjq1fm0000gn/T/0a065ebf8a8ce8ac2263/d.sock
[NX v22.3.3 Daemon Server] - 2026-01-14T13:36:28.661Z - [WATCHER]: Subscribed to changes within: /Users/oliverschiessl/WebstormProjects/ngx-chat-new/ngx-chat (native)
[NX v22.3.3 Daemon Server] - 2026-01-14T13:36:28.662Z - [NX-CONSOLE]: Pulling latest Nx (latest) to check console status...
Fetching nx...
[NX v22.3.3 Daemon Server] - 2026-01-14T13:36:28.759Z - Established a connection. Number of open connections: 1
[NX v22.3.3 Daemon Server] - 2026-01-14T13:36:28.759Z - Established a connection. Number of open connections: 2
[NX v22.3.3 Daemon Server] - 2026-01-14T13:36:28.760Z - Closed a connection. Number of open connections: 1
[NX v22.3.3 Daemon Server] - 2026-01-14T13:36:28.761Z - Received raw message of length 32
[NX v22.3.3 Daemon Server] - 2026-01-14T13:36:28.761Z - Received json message of type GET_NX_CONSOLE_STATUS
[NX v22.3.3 Daemon Server] - 2026-01-14T13:36:28.761Z - Serializing response for GET_NX_CONSOLE_STATUS message in json mode
[NX v22.3.3 Daemon Server] - 2026-01-14T13:36:28.761Z - Responding to GET_NX_CONSOLE_STATUS message
[NX v22.3.3 Daemon Server] - 2026-01-14T13:36:28.761Z - [REQUEST]: Responding to the client. handleGetNxConsoleStatus
[NX v22.3.3 Daemon Server] - 2026-01-14T13:36:28.762Z - Done responding to the client handleGetNxConsoleStatus
[NX v22.3.3 Daemon Server] - 2026-01-14T13:36:28.762Z - Handled json message GET_NX_CONSOLE_STATUS. Handling time: 0. Response time: 1.
[NX v22.3.3 Daemon Server] - 2026-01-14T13:36:28.764Z - Time taken for 'loadSpecifiedNxPlugins' 1.0815830000000233ms
Time for 'plugin worker 26155 code loading' 2.4674590000000016
Time for 'plugin worker 26154 code loading' 2.543666
Time for 'plugin worker 26156 code loading' 3.3955829999999985
[NX v22.3.3 Daemon Server] - 2026-01-14T13:36:28.895Z - Time taken for 'Load Nx Plugin: /Users/oliverschiessl/WebstormProjects/ngx-chat-new/ngx-chat/node_modules/nx/src/plugins/project-json/build-nodes/project-json' 132.89262499999998ms
[NX v22.3.3 Daemon Server] - 2026-01-14T13:36:28.896Z - Time taken for 'Load Nx Plugin: /Users/oliverschiessl/WebstormProjects/ngx-chat-new/ngx-chat/node_modules/nx/src/plugins/package-json' 134.130458ms
[NX v22.3.3 Daemon Server] - 2026-01-14T13:36:28.907Z - [REQUEST]: Updated workspace context based on watched changes, recomputing project graph...
[NX v22.3.3 Daemon Server] - 2026-01-14T13:36:28.907Z - [REQUEST]: 
[NX v22.3.3 Daemon Server] - 2026-01-14T13:36:28.907Z - [REQUEST]: 
[NX v22.3.3 Daemon Server] - 2026-01-14T13:36:28.912Z - Time taken for 'loadDefaultNxPlugins' 142.377125ms
Time for 'nx/core/project-json:createNodes' 1.9958330000000046
Time for 'nx/core/package-json:createNodes' 3.4699170000000095
Time for 'nx/js/dependencies-and-lockfile:createNodes' 15.620208999999988
[NX v22.3.3 Daemon Server] - 2026-01-14T13:36:28.973Z - Time taken for 'build-project-configs' 43.531042000000014ms
Time for 'build typescript dependencies' 47.40083400000003
[NX v22.3.3 Daemon Server] - 2026-01-14T13:36:29.079Z - [SYNC]: collect registered sync generators
[NX v22.3.3 Daemon Server] - 2026-01-14T13:36:29.080Z - Time taken for 'total execution time for createProjectGraph()' 113.28891700000003ms
[NX v22.3.3 Daemon Server] - 2026-01-14T13:36:30.680Z - [NX-CONSOLE]: Successfully pulled latest Nx to /var/folders/3z/kpp6yp0x5dl0swhvz6zjq1fm0000gn/T/tmp-26150-hm8nRksFd86J
[NX v22.3.3 Daemon Server] - 2026-01-14T13:36:30.741Z - [NX-CONSOLE]: Using local implementation (NX_USE_LOCAL=true or inner call)
DEBUG nx::native::ide::preferences: Loaded console preferences: NxConsolePreferences { auto_install_console: Some(false), path: "/Users/oliverschiessl/.config/nx/ide.json" }
DEBUG nx::native::ide::install: Detected editor: VSCode
DEBUG nx::native::ide::install: Checking if Nx Console extension is installed with: code --list-extensions
DEBUG nx::native::ide::install: Command 'code' not found, cannot check extension status
[NX v22.3.3 Daemon Server] - 2026-01-14T13:36:30.747Z - [NX-CONSOLE]: Console status check completed, shouldPrompt: false
[NX v22.3.3 Daemon Server] - 2026-01-14T13:36:31.292Z - Closed a connection. Number of open connections: 0
[NX v22.3.3 Daemon Server] - 2026-01-14T13:38:03.668Z - Started listening on: /var/folders/3z/kpp6yp0x5dl0swhvz6zjq1fm0000gn/T/02fb61bf61246ce540df/d.sock
[NX v22.3.3 Daemon Server] - 2026-01-14T13:38:03.674Z - [WATCHER]: Subscribed to changes within: /Users/oliverschiessl/WebstormProjects/ngx-chat-new/ngx-chat (native)
[NX v22.3.3 Daemon Server] - 2026-01-14T13:38:03.677Z - [NX-CONSOLE]: Pulling latest Nx (latest) to check console status...
Fetching nx...
[NX v22.3.3 Daemon Server] - 2026-01-14T13:38:03.795Z - Established a connection. Number of open connections: 1
[NX v22.3.3 Daemon Server] - 2026-01-14T13:38:03.795Z - Established a connection. Number of open connections: 2
[NX v22.3.3 Daemon Server] - 2026-01-14T13:38:03.796Z - Closed a connection. Number of open connections: 1
[NX v22.3.3 Daemon Server] - 2026-01-14T13:38:03.797Z - Received raw message of length 32
[NX v22.3.3 Daemon Server] - 2026-01-14T13:38:03.797Z - Received json message of type GET_NX_CONSOLE_STATUS
[NX v22.3.3 Daemon Server] - 2026-01-14T13:38:03.797Z - Serializing response for GET_NX_CONSOLE_STATUS message in json mode
[NX v22.3.3 Daemon Server] - 2026-01-14T13:38:03.797Z - Responding to GET_NX_CONSOLE_STATUS message
[NX v22.3.3 Daemon Server] - 2026-01-14T13:38:03.797Z - [REQUEST]: Responding to the client. handleGetNxConsoleStatus
[NX v22.3.3 Daemon Server] - 2026-01-14T13:38:03.797Z - Done responding to the client handleGetNxConsoleStatus
[NX v22.3.3 Daemon Server] - 2026-01-14T13:38:03.797Z - Handled json message GET_NX_CONSOLE_STATUS. Handling time: 0. Response time: 0.
Time for 'plugin worker 26803 code loading' 2.4415840000000006
Time for 'plugin worker 26802 code loading' 2.7689580000000014
Time for 'plugin worker 26804 code loading' 3.258000000000001
[NX v22.3.3 Daemon Server] - 2026-01-14T13:38:03.937Z - Time taken for 'Load Nx Plugin: /Users/oliverschiessl/WebstormProjects/ngx-chat-new/ngx-chat/node_modules/nx/src/plugins/package-json' 144.385ms
[NX v22.3.3 Daemon Server] - 2026-01-14T13:38:03.938Z - Time taken for 'Load Nx Plugin: /Users/oliverschiessl/WebstormProjects/ngx-chat-new/ngx-chat/node_modules/nx/src/plugins/project-json/build-nodes/project-json' 145.08812500000002ms
[NX v22.3.3 Daemon Server] - 2026-01-14T13:38:03.949Z - [REQUEST]: Updated workspace context based on watched changes, recomputing project graph...
[NX v22.3.3 Daemon Server] - 2026-01-14T13:38:03.949Z - [REQUEST]: 
[NX v22.3.3 Daemon Server] - 2026-01-14T13:38:03.949Z - [REQUEST]: 
[NX v22.3.3 Daemon Server] - 2026-01-14T13:38:03.954Z - Time taken for 'loadDefaultNxPlugins' 154.560167ms
Time for 'nx/core/project-json:createNodes' 3.54441700000001
Time for 'nx/core/package-json:createNodes' 5.234417000000008
Time for 'nx/js/dependencies-and-lockfile:createNodes' 17.411500000000018
[NX v22.3.3 Daemon Server] - 2026-01-14T13:38:04.013Z - Time taken for 'build-project-configs' 41.85066600000005ms
Time for 'build typescript dependencies' 42.58466599999997
[NX v22.3.3 Daemon Server] - 2026-01-14T13:38:04.109Z - [SYNC]: collect registered sync generators
[NX v22.3.3 Daemon Server] - 2026-01-14T13:38:04.110Z - Time taken for 'total execution time for createProjectGraph()' 102.97987499999999ms
[NX v22.3.3 Daemon Server] - 2026-01-14T13:38:05.208Z - [NX-CONSOLE]: Successfully pulled latest Nx to /var/folders/3z/kpp6yp0x5dl0swhvz6zjq1fm0000gn/T/tmp-26796-hZH3dzogv14H
[NX v22.3.3 Daemon Server] - 2026-01-14T13:38:05.258Z - [NX-CONSOLE]: Using local implementation (NX_USE_LOCAL=true or inner call)
DEBUG nx::native::ide::preferences: Loaded console preferences: NxConsolePreferences { auto_install_console: Some(false), path: "/Users/oliverschiessl/.config/nx/ide.json" }
DEBUG nx::native::ide::install: Detected editor: VSCode
DEBUG nx::native::ide::install: Checking if Nx Console extension is installed with: code --list-extensions
DEBUG nx::native::ide::install: Command 'code' not found, cannot check extension status
[NX v22.3.3 Daemon Server] - 2026-01-14T13:38:05.260Z - [NX-CONSOLE]: Console status check completed, shouldPrompt: false
[NX v22.3.3 Daemon Server] - 2026-01-14T13:38:06.598Z - Closed a connection. Number of open connections: 0
[NX v22.3.3 Daemon Server] - 2026-01-14T13:38:21.711Z - Started listening on: /var/folders/3z/kpp6yp0x5dl0swhvz6zjq1fm0000gn/T/34a30a52d1121f571e20/d.sock
[NX v22.3.3 Daemon Server] - 2026-01-14T13:38:21.712Z - [WATCHER]: Subscribed to changes within: /Users/oliverschiessl/WebstormProjects/ngx-chat-new/ngx-chat (native)
[NX v22.3.3 Daemon Server] - 2026-01-14T13:38:21.713Z - [NX-CONSOLE]: Pulling latest Nx (latest) to check console status...
Fetching nx...
[NX v22.3.3 Daemon Server] - 2026-01-14T13:38:21.792Z - [WATCHER]: Processing file changes in outputs
[NX v22.3.3 Daemon Server] - 2026-01-14T13:38:21.792Z - Established a connection. Number of open connections: 1
[NX v22.3.3 Daemon Server] - 2026-01-14T13:38:21.792Z - Established a connection. Number of open connections: 2
[NX v22.3.3 Daemon Server] - 2026-01-14T13:38:21.793Z - Closed a connection. Number of open connections: 1
[NX v22.3.3 Daemon Server] - 2026-01-14T13:38:21.794Z - Received raw message of length 32
[NX v22.3.3 Daemon Server] - 2026-01-14T13:38:21.794Z - Received json message of type GET_NX_CONSOLE_STATUS
[NX v22.3.3 Daemon Server] - 2026-01-14T13:38:21.794Z - Serializing response for GET_NX_CONSOLE_STATUS message in json mode
[NX v22.3.3 Daemon Server] - 2026-01-14T13:38:21.794Z - Responding to GET_NX_CONSOLE_STATUS message
[NX v22.3.3 Daemon Server] - 2026-01-14T13:38:21.795Z - [REQUEST]: Responding to the client. handleGetNxConsoleStatus
[NX v22.3.3 Daemon Server] - 2026-01-14T13:38:21.795Z - Done responding to the client handleGetNxConsoleStatus
[NX v22.3.3 Daemon Server] - 2026-01-14T13:38:21.795Z - Handled json message GET_NX_CONSOLE_STATUS. Handling time: 0. Response time: 1.
[NX v22.3.3 Daemon Server] - 2026-01-14T13:38:21.815Z - Time taken for 'loadSpecifiedNxPlugins' 1.205666000000008ms
Time for 'plugin worker 27166 code loading' 2.723833000000001
Time for 'plugin worker 27168 code loading' 2.479875
Time for 'plugin worker 27167 code loading' 2.385249999999999
[NX v22.3.3 Daemon Server] - 2026-01-14T13:38:21.937Z - Time taken for 'Load Nx Plugin: /Users/oliverschiessl/WebstormProjects/ngx-chat-new/ngx-chat/node_modules/nx/src/plugins/package-json' 123.20458300000001ms
[NX v22.3.3 Daemon Server] - 2026-01-14T13:38:21.945Z - [REQUEST]: Updated workspace context based on watched changes, recomputing project graph...
[NX v22.3.3 Daemon Server] - 2026-01-14T13:38:21.945Z - [REQUEST]: 
[NX v22.3.3 Daemon Server] - 2026-01-14T13:38:21.945Z - [REQUEST]: 
[NX v22.3.3 Daemon Server] - 2026-01-14T13:38:21.950Z - Time taken for 'loadDefaultNxPlugins' 130.193ms
Time for 'nx/core/project-json:createNodes' 1.3904579999999953
Time for 'nx/core/package-json:createNodes' 2.5122499999999945
Time for 'nx/js/dependencies-and-lockfile:createNodes' 7.243957999999992
[NX v22.3.3 Daemon Server] - 2026-01-14T13:38:21.994Z - Time taken for 'build-project-configs' 26.298416999999972ms
Time for 'build typescript dependencies' 38.563625
[NX v22.3.3 Daemon Server] - 2026-01-14T13:38:22.056Z - [SYNC]: collect registered sync generators
[NX v22.3.3 Daemon Server] - 2026-01-14T13:38:22.056Z - Time taken for 'total execution time for createProjectGraph()' 70.29608400000001ms
[NX v22.3.3 Daemon Server] - 2026-01-14T13:38:23.059Z - [NX-CONSOLE]: Successfully pulled latest Nx to /var/folders/3z/kpp6yp0x5dl0swhvz6zjq1fm0000gn/T/tmp-27158-hRxcbwbF1Ry0
[NX v22.3.3 Daemon Server] - 2026-01-14T13:38:23.110Z - [NX-CONSOLE]: Using local implementation (NX_USE_LOCAL=true or inner call)
DEBUG nx::native::ide::preferences: Loaded console preferences: NxConsolePreferences { auto_install_console: Some(false), path: "/Users/oliverschiessl/.config/nx/ide.json" }
DEBUG nx::native::ide::install: Detected editor: VSCode
DEBUG nx::native::ide::install: Checking if Nx Console extension is installed with: code --list-extensions
DEBUG nx::native::ide::install: Command 'code' not found, cannot check extension status
[NX v22.3.3 Daemon Server] - 2026-01-14T13:38:23.112Z - [NX-CONSOLE]: Console status check completed, shouldPrompt: false
[NX v22.3.3 Daemon Server] - 2026-01-14T13:38:24.459Z - Closed a connection. Number of open connections: 0
[NX v22.3.3 Daemon Server] - 2026-01-14T13:38:41.396Z - Started listening on: /var/folders/3z/kpp6yp0x5dl0swhvz6zjq1fm0000gn/T/c58a1c8f72af328a67b7/d.sock
[NX v22.3.3 Daemon Server] - 2026-01-14T13:38:41.397Z - [WATCHER]: Subscribed to changes within: /Users/oliverschiessl/WebstormProjects/ngx-chat-new/ngx-chat (native)
[NX v22.3.3 Daemon Server] - 2026-01-14T13:38:41.398Z - [NX-CONSOLE]: Pulling latest Nx (latest) to check console status...
Fetching nx...
[NX v22.3.3 Daemon Server] - 2026-01-14T13:38:41.478Z - [WATCHER]: Processing file changes in outputs
[NX v22.3.3 Daemon Server] - 2026-01-14T13:38:41.478Z - Established a connection. Number of open connections: 1
[NX v22.3.3 Daemon Server] - 2026-01-14T13:38:41.479Z - Established a connection. Number of open connections: 2
[NX v22.3.3 Daemon Server] - 2026-01-14T13:38:41.480Z - Closed a connection. Number of open connections: 1
[NX v22.3.3 Daemon Server] - 2026-01-14T13:38:41.480Z - Received raw message of length 32
[NX v22.3.3 Daemon Server] - 2026-01-14T13:38:41.481Z - Received json message of type GET_NX_CONSOLE_STATUS
[NX v22.3.3 Daemon Server] - 2026-01-14T13:38:41.481Z - Serializing response for GET_NX_CONSOLE_STATUS message in json mode
[NX v22.3.3 Daemon Server] - 2026-01-14T13:38:41.481Z - Responding to GET_NX_CONSOLE_STATUS message
[NX v22.3.3 Daemon Server] - 2026-01-14T13:38:41.481Z - [REQUEST]: Responding to the client. handleGetNxConsoleStatus
[NX v22.3.3 Daemon Server] - 2026-01-14T13:38:41.481Z - Done responding to the client handleGetNxConsoleStatus
[NX v22.3.3 Daemon Server] - 2026-01-14T13:38:41.481Z - Handled json message GET_NX_CONSOLE_STATUS. Handling time: 0. Response time: 0.
[NX v22.3.3 Daemon Server] - 2026-01-14T13:38:41.523Z - Time taken for 'loadSpecifiedNxPlugins' 16.680582999999984ms
Time for 'plugin worker 27588 code loading' 2.3304170000000006
Time for 'plugin worker 27587 code loading' 2.5336670000000012
Time for 'plugin worker 27589 code loading' 2.5699170000000002
[NX v22.3.3 Daemon Server] - 2026-01-14T13:38:41.664Z - Time taken for 'Load Nx Plugin: /Users/oliverschiessl/WebstormProjects/ngx-chat-new/ngx-chat/node_modules/nx/src/plugins/project-json/build-nodes/project-json' 158.78591699999998ms
[NX v22.3.3 Daemon Server] - 2026-01-14T13:38:41.664Z - Time taken for 'Load Nx Plugin: /Users/oliverschiessl/WebstormProjects/ngx-chat-new/ngx-chat/node_modules/nx/src/plugins/package-json' 159.700875ms
[NX v22.3.3 Daemon Server] - 2026-01-14T13:38:41.669Z - [REQUEST]: Updated workspace context based on watched changes, recomputing project graph...
[NX v22.3.3 Daemon Server] - 2026-01-14T13:38:41.669Z - [REQUEST]: 
[NX v22.3.3 Daemon Server] - 2026-01-14T13:38:41.669Z - [REQUEST]: 
[NX v22.3.3 Daemon Server] - 2026-01-14T13:38:41.674Z - Time taken for 'loadDefaultNxPlugins' 168.117333ms
Time for 'nx/core/project-json:createNodes' 0.6802089999999907
Time for 'nx/core/package-json:createNodes' 2.2362919999999917
Time for 'nx/js/dependencies-and-lockfile:createNodes' 6.97283299999998
[NX v22.3.3 Daemon Server] - 2026-01-14T13:38:41.717Z - Time taken for 'build-project-configs' 21.672624999999982ms
Time for 'build typescript dependencies' 3.3339579999999955
[NX v22.3.3 Daemon Server] - 2026-01-14T13:38:41.743Z - [SYNC]: collect registered sync generators
[NX v22.3.3 Daemon Server] - 2026-01-14T13:38:41.744Z - Time taken for 'total execution time for createProjectGraph()' 37.90991600000001ms
[NX v22.3.3 Daemon Server] - 2026-01-14T13:38:46.886Z - [NX-CONSOLE]: Successfully pulled latest Nx to /var/folders/3z/kpp6yp0x5dl0swhvz6zjq1fm0000gn/T/tmp-27583-exZ4m6DKCYwt
[NX v22.3.3 Daemon Server] - 2026-01-14T13:38:46.935Z - [NX-CONSOLE]: Using local implementation (NX_USE_LOCAL=true or inner call)
DEBUG nx::native::ide::preferences: Loaded console preferences: NxConsolePreferences { auto_install_console: Some(false), path: "/Users/oliverschiessl/.config/nx/ide.json" }
DEBUG nx::native::ide::install: Detected editor: VSCode
DEBUG nx::native::ide::install: Checking if Nx Console extension is installed with: code --list-extensions
DEBUG nx::native::ide::install: Command 'code' not found, cannot check extension status
[NX v22.3.3 Daemon Server] - 2026-01-14T13:38:46.937Z - [NX-CONSOLE]: Console status check completed, shouldPrompt: false
[NX v22.3.3 Daemon Server] - 2026-01-14T13:38:47.295Z - Closed a connection. Number of open connections: 0
[NX v22.3.3 Daemon Server] - 2026-01-14T13:39:25.392Z - Started listening on: /var/folders/3z/kpp6yp0x5dl0swhvz6zjq1fm0000gn/T/649cdcb9a2c7832d1237/d.sock
[NX v22.3.3 Daemon Server] - 2026-01-14T13:39:25.395Z - [WATCHER]: Subscribed to changes within: /Users/oliverschiessl/WebstormProjects/ngx-chat-new/ngx-chat (native)
[NX v22.3.3 Daemon Server] - 2026-01-14T13:39:25.396Z - [NX-CONSOLE]: Pulling latest Nx (latest) to check console status...
Fetching nx...
[NX v22.3.3 Daemon Server] - 2026-01-14T13:39:25.476Z - [WATCHER]: Processing file changes in outputs
[NX v22.3.3 Daemon Server] - 2026-01-14T13:39:25.476Z - Established a connection. Number of open connections: 1
[NX v22.3.3 Daemon Server] - 2026-01-14T13:39:25.477Z - Established a connection. Number of open connections: 2
[NX v22.3.3 Daemon Server] - 2026-01-14T13:39:25.477Z - Closed a connection. Number of open connections: 1
[NX v22.3.3 Daemon Server] - 2026-01-14T13:39:25.478Z - Received raw message of length 32
[NX v22.3.3 Daemon Server] - 2026-01-14T13:39:25.478Z - Received json message of type GET_NX_CONSOLE_STATUS
[NX v22.3.3 Daemon Server] - 2026-01-14T13:39:25.479Z - Serializing response for GET_NX_CONSOLE_STATUS message in json mode
[NX v22.3.3 Daemon Server] - 2026-01-14T13:39:25.479Z - Responding to GET_NX_CONSOLE_STATUS message
[NX v22.3.3 Daemon Server] - 2026-01-14T13:39:25.479Z - [REQUEST]: Responding to the client. handleGetNxConsoleStatus
[NX v22.3.3 Daemon Server] - 2026-01-14T13:39:25.479Z - Done responding to the client handleGetNxConsoleStatus
[NX v22.3.3 Daemon Server] - 2026-01-14T13:39:25.479Z - Handled json message GET_NX_CONSOLE_STATUS. Handling time: 1. Response time: 0.
[NX v22.3.3 Daemon Server] - 2026-01-14T13:39:25.501Z - Time taken for 'loadSpecifiedNxPlugins' 1.2943329999999946ms
Time for 'plugin worker 28164 code loading' 2.655583
Time for 'plugin worker 28166 code loading' 2.7760420000000003
Time for 'plugin worker 28165 code loading' 2.677042
[NX v22.3.3 Daemon Server] - 2026-01-14T13:39:25.621Z - Time taken for 'Load Nx Plugin: /Users/oliverschiessl/WebstormProjects/ngx-chat-new/ngx-chat/node_modules/nx/src/plugins/project-json/build-nodes/project-json' 122.08308400000001ms
[NX v22.3.3 Daemon Server] - 2026-01-14T13:39:25.623Z - Time taken for 'Load Nx Plugin: /Users/oliverschiessl/WebstormProjects/ngx-chat-new/ngx-chat/node_modules/nx/src/plugins/package-json' 124.11433300000002ms
[NX v22.3.3 Daemon Server] - 2026-01-14T13:39:25.634Z - [REQUEST]: Updated workspace context based on watched changes, recomputing project graph...
[NX v22.3.3 Daemon Server] - 2026-01-14T13:39:25.635Z - [REQUEST]: 
[NX v22.3.3 Daemon Server] - 2026-01-14T13:39:25.635Z - [REQUEST]: 
[NX v22.3.3 Daemon Server] - 2026-01-14T13:39:25.640Z - Time taken for 'loadDefaultNxPlugins' 134.12141599999998ms
Time for 'nx/core/project-json:createNodes' 2.0080000000000098
Time for 'nx/core/package-json:createNodes' 3.5919580000000053
Time for 'nx/js/dependencies-and-lockfile:createNodes' 16.895415999999983
[NX v22.3.3 Daemon Server] - 2026-01-14T13:39:25.700Z - Time taken for 'build-project-configs' 41.73512499999998ms
Time for 'build typescript dependencies' 43.03075000000001
[NX v22.3.3 Daemon Server] - 2026-01-14T13:39:25.792Z - [SYNC]: collect registered sync generators
[NX v22.3.3 Daemon Server] - 2026-01-14T13:39:25.793Z - Time taken for 'total execution time for createProjectGraph()' 101.89516600000002ms
[NX v22.3.3 Daemon Server] - 2026-01-14T13:39:26.691Z - [NX-CONSOLE]: Successfully pulled latest Nx to /var/folders/3z/kpp6yp0x5dl0swhvz6zjq1fm0000gn/T/tmp-28159-ZNaTE8Qla4T4
[NX v22.3.3 Daemon Server] - 2026-01-14T13:39:26.740Z - [NX-CONSOLE]: Using local implementation (NX_USE_LOCAL=true or inner call)
DEBUG nx::native::ide::preferences: Loaded console preferences: NxConsolePreferences { auto_install_console: Some(false), path: "/Users/oliverschiessl/.config/nx/ide.json" }
DEBUG nx::native::ide::install: Detected editor: VSCode
DEBUG nx::native::ide::install: Checking if Nx Console extension is installed with: code --list-extensions
DEBUG nx::native::ide::install: Command 'code' not found, cannot check extension status
[NX v22.3.3 Daemon Server] - 2026-01-14T13:39:26.741Z - [NX-CONSOLE]: Console status check completed, shouldPrompt: false
[NX v22.3.3 Daemon Server] - 2026-01-14T13:39:28.396Z - Closed a connection. Number of open connections: 0
[NX v22.3.3 Daemon Server] - 2026-01-14T13:40:30.200Z - Started listening on: /var/folders/3z/kpp6yp0x5dl0swhvz6zjq1fm0000gn/T/19c388c51a7dbe947c74/d.sock
[NX v22.3.3 Daemon Server] - 2026-01-14T13:40:30.201Z - [WATCHER]: Subscribed to changes within: /Users/oliverschiessl/WebstormProjects/ngx-chat-new/ngx-chat (native)
[NX v22.3.3 Daemon Server] - 2026-01-14T13:40:30.202Z - [NX-CONSOLE]: Pulling latest Nx (latest) to check console status...
Fetching nx...
[NX v22.3.3 Daemon Server] - 2026-01-14T13:40:30.282Z - [WATCHER]: Processing file changes in outputs
[NX v22.3.3 Daemon Server] - 2026-01-14T13:40:30.283Z - Established a connection. Number of open connections: 1
[NX v22.3.3 Daemon Server] - 2026-01-14T13:40:30.283Z - Established a connection. Number of open connections: 2
[NX v22.3.3 Daemon Server] - 2026-01-14T13:40:30.284Z - Closed a connection. Number of open connections: 1
[NX v22.3.3 Daemon Server] - 2026-01-14T13:40:30.284Z - Received raw message of length 32
[NX v22.3.3 Daemon Server] - 2026-01-14T13:40:30.285Z - Received json message of type GET_NX_CONSOLE_STATUS
[NX v22.3.3 Daemon Server] - 2026-01-14T13:40:30.285Z - Serializing response for GET_NX_CONSOLE_STATUS message in json mode
[NX v22.3.3 Daemon Server] - 2026-01-14T13:40:30.285Z - Responding to GET_NX_CONSOLE_STATUS message
[NX v22.3.3 Daemon Server] - 2026-01-14T13:40:30.285Z - [REQUEST]: Responding to the client. handleGetNxConsoleStatus
[NX v22.3.3 Daemon Server] - 2026-01-14T13:40:30.285Z - Done responding to the client handleGetNxConsoleStatus
[NX v22.3.3 Daemon Server] - 2026-01-14T13:40:30.285Z - Handled json message GET_NX_CONSOLE_STATUS. Handling time: 0. Response time: 0.
[NX v22.3.3 Daemon Server] - 2026-01-14T13:40:30.307Z - Time taken for 'loadSpecifiedNxPlugins' 1.3305000000000007ms
[NX v22.3.3 Daemon Server] - 2026-01-14T13:40:30.311Z - Received raw message of length 32
[NX v22.3.3 Daemon Server] - 2026-01-14T13:40:30.311Z - Received json message of type REQUEST_PROJECT_GRAPH
[NX v22.3.3 Daemon Server] - 2026-01-14T13:40:30.311Z - [REQUEST]: Client Request for Project Graph Received
Time for 'plugin worker 28702 code loading' 2.3208330000000004
Time for 'plugin worker 28703 code loading' 2.624792000000001
Time for 'plugin worker 28704 code loading' 2.4594580000000015
[NX v22.3.3 Daemon Server] - 2026-01-14T13:40:30.407Z - Time taken for 'Load Nx Plugin: /Users/oliverschiessl/WebstormProjects/ngx-chat-new/ngx-chat/node_modules/nx/src/plugins/project-json/build-nodes/project-json' 101.85825ms
[NX v22.3.3 Daemon Server] - 2026-01-14T13:40:30.408Z - Time taken for 'Load Nx Plugin: /Users/oliverschiessl/WebstormProjects/ngx-chat-new/ngx-chat/node_modules/nx/src/plugins/package-json' 102.89445799999999ms
[NX v22.3.3 Daemon Server] - 2026-01-14T13:40:30.415Z - [REQUEST]: Updated workspace context based on watched changes, recomputing project graph...
[NX v22.3.3 Daemon Server] - 2026-01-14T13:40:30.415Z - [REQUEST]: 
[NX v22.3.3 Daemon Server] - 2026-01-14T13:40:30.415Z - [REQUEST]: 
[NX v22.3.3 Daemon Server] - 2026-01-14T13:40:30.416Z - Reusing in-memory cached project graph because no files changed.
[NX v22.3.3 Daemon Server] - 2026-01-14T13:40:30.420Z - Time taken for 'loadDefaultNxPlugins' 108.71375ms
Time for 'nx/core/project-json:createNodes' 0.7050839999999994
Time for 'nx/core/package-json:createNodes' 2.3387089999999944
Time for 'nx/js/dependencies-and-lockfile:createNodes' 15.647500000000008
[NX v22.3.3 Daemon Server] - 2026-01-14T13:40:30.478Z - Time taken for 'build-project-configs' 38.67037499999998ms
Time for 'build typescript dependencies' 33.207708999999994
[NX v22.3.3 Daemon Server] - 2026-01-14T13:40:30.562Z - [SYNC]: collect registered sync generators
[NX v22.3.3 Daemon Server] - 2026-01-14T13:40:30.567Z - Wrote project graph cache to /Users/oliverschiessl/WebstormProjects/ngx-chat-new/ngx-chat/.nx/workspace-data/project-graph.json
[NX v22.3.3 Daemon Server] - 2026-01-14T13:40:30.567Z - Serializing response for REQUEST_PROJECT_GRAPH message in json mode
[NX v22.3.3 Daemon Server] - 2026-01-14T13:40:30.567Z - Responding to REQUEST_PROJECT_GRAPH message
[NX v22.3.3 Daemon Server] - 2026-01-14T13:40:30.567Z - [REQUEST]: Responding to the client. project-graph
[NX v22.3.3 Daemon Server] - 2026-01-14T13:40:30.568Z - Time taken for 'total for creating and serializing project graph' 256.573416ms
[NX v22.3.3 Daemon Server] - 2026-01-14T13:40:30.569Z - Done responding to the client project-graph
[NX v22.3.3 Daemon Server] - 2026-01-14T13:40:30.570Z - Handled json message REQUEST_PROJECT_GRAPH. Handling time: 256. Response time: 2.
[NX v22.3.3 Daemon Server] - 2026-01-14T13:40:30.575Z - Received raw message of length 1236
[NX v22.3.3 Daemon Server] - 2026-01-14T13:40:30.575Z - Received json message of type PRE_TASKS_EXECUTION
[NX v22.3.3 Daemon Server] - 2026-01-14T13:40:30.576Z - Serializing response for PRE_TASKS_EXECUTION message in json mode
[NX v22.3.3 Daemon Server] - 2026-01-14T13:40:30.576Z - Responding to PRE_TASKS_EXECUTION message
[NX v22.3.3 Daemon Server] - 2026-01-14T13:40:30.576Z - [REQUEST]: Responding to the client. handleRunPreTasksExecution
[NX v22.3.3 Daemon Server] - 2026-01-14T13:40:30.576Z - Done responding to the client handleRunPreTasksExecution
[NX v22.3.3 Daemon Server] - 2026-01-14T13:40:30.576Z - Handled json message PRE_TASKS_EXECUTION. Handling time: 0. Response time: 0.
[NX v22.3.3 Daemon Server] - 2026-01-14T13:40:30.576Z - Time taken for 'preTasksExecution' 0.3552909999999656ms
[NX v22.3.3 Daemon Server] - 2026-01-14T13:40:30.659Z - Received raw message of length 7688
[NX v22.3.3 Daemon Server] - 2026-01-14T13:40:30.659Z - Received json message of type HASH_TASKS
[NX v22.3.3 Daemon Server] - 2026-01-14T13:40:30.659Z - Reusing in-memory cached project graph because no files changed.
[NX v22.3.3 Daemon Server] - 2026-01-14T13:40:30.664Z - Wrote project graph cache to /Users/oliverschiessl/WebstormProjects/ngx-chat-new/ngx-chat/.nx/workspace-data/project-graph.json
DEBUG nx::native::tasks::hash_planner: get_plans_internal COMPLETED in 4.760541ms - processed 5 tasks (setup: 3.881791ms, parallel_planning: 868.459µs)
DEBUG nx::native::tasks::hashers::hash_workspace_files: Hashing workspace fileset{cache_key="nx.json,.gitignore,.nxignore"}: Adding "6921474174629748121" (".gitignore") to hash
DEBUG nx::native::tasks::hashers::hash_workspace_files: Hashing workspace fileset{cache_key="nx.json,.gitignore,.nxignore"}: Adding "11090693485628831218" ("nx.json") to hash
DEBUG nx::native::tasks::hashers::hash_workspace_files: Hashing workspace fileset{cache_key="nx.json,.gitignore,.nxignore"}: Hash Value: "5861842607570332289"
DEBUG nx::native::tasks::task_hasher: hash_plans COMPLETED in 8.668917ms - processed 5 plans (setup: 531.167µs, hashing: 8.136084ms, assembly: 3.364292ms)
[NX v22.3.3 Daemon Server] - 2026-01-14T13:40:30.686Z - Serializing response for HASH_TASKS message in json mode
[NX v22.3.3 Daemon Server] - 2026-01-14T13:40:30.687Z - Responding to HASH_TASKS message
[NX v22.3.3 Daemon Server] - 2026-01-14T13:40:30.687Z - [REQUEST]: Responding to the client. handleHashTasks
[NX v22.3.3 Daemon Server] - 2026-01-14T13:40:30.687Z - Time taken for 'write cache' 4.182999999999993ms
[NX v22.3.3 Daemon Server] - 2026-01-14T13:40:30.689Z - Done responding to the client handleHashTasks
[NX v22.3.3 Daemon Server] - 2026-01-14T13:40:30.689Z - Handled json message HASH_TASKS. Handling time: 27. Response time: 3.
[NX v22.3.3 Daemon Server] - 2026-01-14T13:40:30.818Z - Received raw message of length 320
[NX v22.3.3 Daemon Server] - 2026-01-14T13:40:30.818Z - Received json message of type GET_ESTIMATED_TASK_TIMINGS
[NX v22.3.3 Daemon Server] - 2026-01-14T13:40:30.836Z - Serializing response for GET_ESTIMATED_TASK_TIMINGS message in json mode
[NX v22.3.3 Daemon Server] - 2026-01-14T13:40:30.836Z - Responding to GET_ESTIMATED_TASK_TIMINGS message
[NX v22.3.3 Daemon Server] - 2026-01-14T13:40:30.836Z - [REQUEST]: Responding to the client. handleGetEstimatedTaskTimings
[NX v22.3.3 Daemon Server] - 2026-01-14T13:40:30.836Z - Done responding to the client handleGetEstimatedTaskTimings
[NX v22.3.3 Daemon Server] - 2026-01-14T13:40:30.836Z - Handled json message GET_ESTIMATED_TASK_TIMINGS. Handling time: 18. Response time: 0.
[NX v22.3.3 Daemon Server] - 2026-01-14T13:40:31.458Z - [WATCHER]: Processing file changes in outputs
[NX v22.3.3 Daemon Server] - 2026-01-14T13:40:31.511Z - [WATCHER]: Processing file changes in outputs
[NX v22.3.3 Daemon Server] - 2026-01-14T13:40:31.953Z - [NX-CONSOLE]: Successfully pulled latest Nx to /var/folders/3z/kpp6yp0x5dl0swhvz6zjq1fm0000gn/T/tmp-28698-W4Q4RTeWG72B
[NX v22.3.3 Daemon Server] - 2026-01-14T13:40:32.012Z - [NX-CONSOLE]: Using local implementation (NX_USE_LOCAL=true or inner call)
DEBUG nx::native::ide::preferences: Loaded console preferences: NxConsolePreferences { auto_install_console: Some(false), path: "/Users/oliverschiessl/.config/nx/ide.json" }
DEBUG nx::native::ide::install: Detected editor: VSCode
DEBUG nx::native::ide::install: Checking if Nx Console extension is installed with: code --list-extensions
DEBUG nx::native::ide::install: Command 'code' not found, cannot check extension status
[NX v22.3.3 Daemon Server] - 2026-01-14T13:40:32.014Z - [NX-CONSOLE]: Console status check completed, shouldPrompt: false
[NX v22.3.3 Daemon Server] - 2026-01-14T13:40:32.061Z - Received raw message of length 109
[NX v22.3.3 Daemon Server] - 2026-01-14T13:40:32.061Z - Received json message of type RECORD_OUTPUTS_HASH
[NX v22.3.3 Daemon Server] - 2026-01-14T13:40:32.065Z - Serializing response for RECORD_OUTPUTS_HASH message in json mode
[NX v22.3.3 Daemon Server] - 2026-01-14T13:40:32.066Z - Responding to RECORD_OUTPUTS_HASH message
[NX v22.3.3 Daemon Server] - 2026-01-14T13:40:32.066Z - [REQUEST]: Responding to the client. recordOutputsHash
[NX v22.3.3 Daemon Server] - 2026-01-14T13:40:32.066Z - Done responding to the client recordOutputsHash
[NX v22.3.3 Daemon Server] - 2026-01-14T13:40:32.066Z - Handled json message RECORD_OUTPUTS_HASH. Handling time: 4. Response time: 1.
[NX v22.3.3 Daemon Server] - 2026-01-14T13:40:32.107Z - [WATCHER]: Processing file changes in outputs
[NX v22.3.3 Daemon Server] - 2026-01-14T13:40:32.355Z - Received raw message of length 104
[NX v22.3.3 Daemon Server] - 2026-01-14T13:40:32.356Z - Received json message of type RECORD_OUTPUTS_HASH
[NX v22.3.3 Daemon Server] - 2026-01-14T13:40:32.359Z - Serializing response for RECORD_OUTPUTS_HASH message in json mode
[NX v22.3.3 Daemon Server] - 2026-01-14T13:40:32.359Z - Responding to RECORD_OUTPUTS_HASH message
[NX v22.3.3 Daemon Server] - 2026-01-14T13:40:32.359Z - [REQUEST]: Responding to the client. recordOutputsHash
[NX v22.3.3 Daemon Server] - 2026-01-14T13:40:32.359Z - Done responding to the client recordOutputsHash
[NX v22.3.3 Daemon Server] - 2026-01-14T13:40:32.359Z - Handled json message RECORD_OUTPUTS_HASH. Handling time: 3. Response time: 0.
[NX v22.3.3 Daemon Server] - 2026-01-14T13:40:32.361Z - Received raw message of length 351
[NX v22.3.3 Daemon Server] - 2026-01-14T13:40:32.361Z - Received json message of type RECORD_TASK_RUNS
[NX v22.3.3 Daemon Server] - 2026-01-14T13:40:32.362Z - Serializing response for RECORD_TASK_RUNS message in json mode
[NX v22.3.3 Daemon Server] - 2026-01-14T13:40:32.362Z - Responding to RECORD_TASK_RUNS message
[NX v22.3.3 Daemon Server] - 2026-01-14T13:40:32.362Z - [REQUEST]: Responding to the client. handleRecordTaskRuns
[NX v22.3.3 Daemon Server] - 2026-01-14T13:40:32.362Z - Done responding to the client handleRecordTaskRuns
[NX v22.3.3 Daemon Server] - 2026-01-14T13:40:32.362Z - Handled json message RECORD_TASK_RUNS. Handling time: 1. Response time: 0.
[NX v22.3.3 Daemon Server] - 2026-01-14T13:40:32.362Z - Received raw message of length 83
[NX v22.3.3 Daemon Server] - 2026-01-14T13:40:32.362Z - Received json message of type GET_FLAKY_TASKS
[NX v22.3.3 Daemon Server] - 2026-01-14T13:40:32.363Z - Serializing response for GET_FLAKY_TASKS message in json mode
[NX v22.3.3 Daemon Server] - 2026-01-14T13:40:32.363Z - Responding to GET_FLAKY_TASKS message
[NX v22.3.3 Daemon Server] - 2026-01-14T13:40:32.363Z - [REQUEST]: Responding to the client. handleGetFlakyTasks
[NX v22.3.3 Daemon Server] - 2026-01-14T13:40:32.363Z - Done responding to the client handleGetFlakyTasks
[NX v22.3.3 Daemon Server] - 2026-01-14T13:40:32.363Z - Handled json message GET_FLAKY_TASKS. Handling time: 1. Response time: 0.
[NX v22.3.3 Daemon Server] - 2026-01-14T13:40:32.397Z - [WATCHER]: Processing file changes in outputs
[NX v22.3.3 Daemon Server] - 2026-01-14T13:40:59.457Z - [WATCHER]: tsconfig.base.json was modified
[NX v22.3.3 Daemon Server] - 2026-01-14T13:40:59.458Z - [SYNC]: clearing sync generators cache due to file changes
[NX v22.3.3 Daemon Server] - 2026-01-14T13:40:59.458Z - [WATCHER]: Processing file changes in outputs
[NX v22.3.3 Daemon Server] - 2026-01-14T13:40:59.561Z - [REQUEST]: Updated workspace context based on watched changes, recomputing project graph...
[NX v22.3.3 Daemon Server] - 2026-01-14T13:40:59.561Z - [REQUEST]: tsconfig.base.json
[NX v22.3.3 Daemon Server] - 2026-01-14T13:40:59.561Z - [REQUEST]: 
[NX v22.3.3 Daemon Server] - 2026-01-14T13:40:59.564Z - Time taken for 'hash changed files from watcher' 1.614540999999008ms
Time for 'nx/core/project-json:createNodes' 0.6421249999984866
Time for 'nx/core/package-json:createNodes' 1.6005830000030983
Time for 'nx/js/dependencies-and-lockfile:createNodes' 8.307333000000654
[NX v22.3.3 Daemon Server] - 2026-01-14T13:40:59.586Z - Time taken for 'build-project-configs' 14.27966699999888ms
Time for 'build typescript dependencies' 0.02045899999939138
[NX v22.3.3 Daemon Server] - 2026-01-14T13:40:59.605Z - [SYNC]: collect registered sync generators
[NX v22.3.3 Daemon Server] - 2026-01-14T13:40:59.605Z - [SYNC]: project graph hash is the same, not collecting task sync generators
[NX v22.3.3 Daemon Server] - 2026-01-14T13:40:59.605Z - [SYNC]: nx.json hash is the same, not collecting global sync generators
[NX v22.3.3 Daemon Server] - 2026-01-14T13:40:59.605Z - Time taken for 'total execution time for createProjectGraph()' 23.025499999999738ms
[NX v22.3.3 Daemon Server] - 2026-01-14T13:41:01.208Z - Established a connection. Number of open connections: 2
[NX v22.3.3 Daemon Server] - 2026-01-14T13:41:01.208Z - Closed a connection. Number of open connections: 1
[NX v22.3.3 Daemon Server] - 2026-01-14T13:41:01.208Z - Established a connection. Number of open connections: 2
[NX v22.3.3 Daemon Server] - 2026-01-14T13:41:01.215Z - Received raw message of length 32
[NX v22.3.3 Daemon Server] - 2026-01-14T13:41:01.215Z - Received json message of type GET_NX_CONSOLE_STATUS
[NX v22.3.3 Daemon Server] - 2026-01-14T13:41:01.215Z - Serializing response for GET_NX_CONSOLE_STATUS message in json mode
[NX v22.3.3 Daemon Server] - 2026-01-14T13:41:01.215Z - Responding to GET_NX_CONSOLE_STATUS message
[NX v22.3.3 Daemon Server] - 2026-01-14T13:41:01.215Z - [REQUEST]: Responding to the client. handleGetNxConsoleStatus
[NX v22.3.3 Daemon Server] - 2026-01-14T13:41:01.215Z - Done responding to the client handleGetNxConsoleStatus
[NX v22.3.3 Daemon Server] - 2026-01-14T13:41:01.215Z - Handled json message GET_NX_CONSOLE_STATUS. Handling time: 0. Response time: 0.
[NX v22.3.3 Daemon Server] - 2026-01-14T13:41:01.240Z - Received raw message of length 32
[NX v22.3.3 Daemon Server] - 2026-01-14T13:41:01.240Z - Received json message of type REQUEST_PROJECT_GRAPH
[NX v22.3.3 Daemon Server] - 2026-01-14T13:41:01.240Z - [REQUEST]: Client Request for Project Graph Received
[NX v22.3.3 Daemon Server] - 2026-01-14T13:41:01.240Z - Reusing in-memory cached project graph because no files changed.
[NX v22.3.3 Daemon Server] - 2026-01-14T13:41:01.246Z - Wrote project graph cache to /Users/oliverschiessl/WebstormProjects/ngx-chat-new/ngx-chat/.nx/workspace-data/project-graph.json
[NX v22.3.3 Daemon Server] - 2026-01-14T13:41:01.246Z - Serializing response for REQUEST_PROJECT_GRAPH message in json mode
[NX v22.3.3 Daemon Server] - 2026-01-14T13:41:01.246Z - Responding to REQUEST_PROJECT_GRAPH message
[NX v22.3.3 Daemon Server] - 2026-01-14T13:41:01.246Z - [REQUEST]: Responding to the client. project-graph
[NX v22.3.3 Daemon Server] - 2026-01-14T13:41:01.247Z - Time taken for 'total for creating and serializing project graph' 6.350042000001849ms
[NX v22.3.3 Daemon Server] - 2026-01-14T13:41:01.252Z - Done responding to the client project-graph
[NX v22.3.3 Daemon Server] - 2026-01-14T13:41:01.252Z - Handled json message REQUEST_PROJECT_GRAPH. Handling time: 6. Response time: 6.
[NX v22.3.3 Daemon Server] - 2026-01-14T13:41:01.257Z - Received raw message of length 1234
[NX v22.3.3 Daemon Server] - 2026-01-14T13:41:01.257Z - Received json message of type PRE_TASKS_EXECUTION
[NX v22.3.3 Daemon Server] - 2026-01-14T13:41:01.257Z - Serializing response for PRE_TASKS_EXECUTION message in json mode
[NX v22.3.3 Daemon Server] - 2026-01-14T13:41:01.257Z - Responding to PRE_TASKS_EXECUTION message
[NX v22.3.3 Daemon Server] - 2026-01-14T13:41:01.257Z - [REQUEST]: Responding to the client. handleRunPreTasksExecution
[NX v22.3.3 Daemon Server] - 2026-01-14T13:41:01.257Z - Done responding to the client handleRunPreTasksExecution
[NX v22.3.3 Daemon Server] - 2026-01-14T13:41:01.257Z - Handled json message PRE_TASKS_EXECUTION. Handling time: 0. Response time: 0.
[NX v22.3.3 Daemon Server] - 2026-01-14T13:41:01.257Z - Time taken for 'preTasksExecution' 0.07412499999918509ms
[NX v22.3.3 Daemon Server] - 2026-01-14T13:41:01.322Z - Received raw message of length 7651
[NX v22.3.3 Daemon Server] - 2026-01-14T13:41:01.322Z - Received json message of type HASH_TASKS
[NX v22.3.3 Daemon Server] - 2026-01-14T13:41:01.322Z - Reusing in-memory cached project graph because no files changed.
[NX v22.3.3 Daemon Server] - 2026-01-14T13:41:01.326Z - Wrote project graph cache to /Users/oliverschiessl/WebstormProjects/ngx-chat-new/ngx-chat/.nx/workspace-data/project-graph.json
DEBUG nx::native::tasks::hash_planner: get_plans_internal COMPLETED in 3.917167ms - processed 5 tasks (setup: 3.406083ms, parallel_planning: 509.333µs)
DEBUG nx::native::tasks::hashers::hash_workspace_files: Hashing workspace fileset{cache_key="nx.json,.gitignore,.nxignore"}: Adding "6921474174629748121" (".gitignore") to hash
DEBUG nx::native::tasks::hashers::hash_workspace_files: Hashing workspace fileset{cache_key="nx.json,.gitignore,.nxignore"}: Adding "11090693485628831218" ("nx.json") to hash
DEBUG nx::native::tasks::hashers::hash_workspace_files: Hashing workspace fileset{cache_key="nx.json,.gitignore,.nxignore"}: Hash Value: "5861842607570332289"
DEBUG nx::native::tasks::task_hasher: hash_plans COMPLETED in 8.638084ms - processed 5 plans (setup: 512.334µs, hashing: 8.124542ms, assembly: 3.61575ms)
[NX v22.3.3 Daemon Server] - 2026-01-14T13:41:01.346Z - Serializing response for HASH_TASKS message in json mode
[NX v22.3.3 Daemon Server] - 2026-01-14T13:41:01.347Z - Responding to HASH_TASKS message
[NX v22.3.3 Daemon Server] - 2026-01-14T13:41:01.347Z - [REQUEST]: Responding to the client. handleHashTasks
[NX v22.3.3 Daemon Server] - 2026-01-14T13:41:01.347Z - Time taken for 'write cache' 4.338958000000275ms
[NX v22.3.3 Daemon Server] - 2026-01-14T13:41:01.347Z - Done responding to the client handleHashTasks
[NX v22.3.3 Daemon Server] - 2026-01-14T13:41:01.347Z - Handled json message HASH_TASKS. Handling time: 24. Response time: 1.
[NX v22.3.3 Daemon Server] - 2026-01-14T13:41:01.377Z - Received raw message of length 320
[NX v22.3.3 Daemon Server] - 2026-01-14T13:41:01.377Z - Received json message of type GET_ESTIMATED_TASK_TIMINGS
[NX v22.3.3 Daemon Server] - 2026-01-14T13:41:01.377Z - Serializing response for GET_ESTIMATED_TASK_TIMINGS message in json mode
[NX v22.3.3 Daemon Server] - 2026-01-14T13:41:01.377Z - Responding to GET_ESTIMATED_TASK_TIMINGS message
[NX v22.3.3 Daemon Server] - 2026-01-14T13:41:01.377Z - [REQUEST]: Responding to the client. handleGetEstimatedTaskTimings
[NX v22.3.3 Daemon Server] - 2026-01-14T13:41:01.377Z - Done responding to the client handleGetEstimatedTaskTimings
[NX v22.3.3 Daemon Server] - 2026-01-14T13:41:01.377Z - Handled json message GET_ESTIMATED_TASK_TIMINGS. Handling time: 0. Response time: 0.
[NX v22.3.3 Daemon Server] - 2026-01-14T13:41:01.801Z - [WATCHER]: Processing file changes in outputs
[NX v22.3.3 Daemon Server] - 2026-01-14T13:41:02.365Z - [WATCHER]: Processing file changes in outputs
[NX v22.3.3 Daemon Server] - 2026-01-14T13:41:02.400Z - Received raw message of length 108
[NX v22.3.3 Daemon Server] - 2026-01-14T13:41:02.400Z - Received json message of type RECORD_OUTPUTS_HASH
[NX v22.3.3 Daemon Server] - 2026-01-14T13:41:02.404Z - Serializing response for RECORD_OUTPUTS_HASH message in json mode
[NX v22.3.3 Daemon Server] - 2026-01-14T13:41:02.404Z - Responding to RECORD_OUTPUTS_HASH message
[NX v22.3.3 Daemon Server] - 2026-01-14T13:41:02.404Z - [REQUEST]: Responding to the client. recordOutputsHash
[NX v22.3.3 Daemon Server] - 2026-01-14T13:41:02.404Z - Done responding to the client recordOutputsHash
[NX v22.3.3 Daemon Server] - 2026-01-14T13:41:02.404Z - Handled json message RECORD_OUTPUTS_HASH. Handling time: 4. Response time: 0.
[NX v22.3.3 Daemon Server] - 2026-01-14T13:41:02.418Z - [WATCHER]: Processing file changes in outputs
[NX v22.3.3 Daemon Server] - 2026-01-14T13:41:02.471Z - [WATCHER]: Processing file changes in outputs
[NX v22.3.3 Daemon Server] - 2026-01-14T13:41:02.615Z - Received raw message of length 103
[NX v22.3.3 Daemon Server] - 2026-01-14T13:41:02.615Z - Received json message of type RECORD_OUTPUTS_HASH
[NX v22.3.3 Daemon Server] - 2026-01-14T13:41:02.619Z - Serializing response for RECORD_OUTPUTS_HASH message in json mode
[NX v22.3.3 Daemon Server] - 2026-01-14T13:41:02.619Z - Responding to RECORD_OUTPUTS_HASH message
[NX v22.3.3 Daemon Server] - 2026-01-14T13:41:02.619Z - [REQUEST]: Responding to the client. recordOutputsHash
[NX v22.3.3 Daemon Server] - 2026-01-14T13:41:02.619Z - Done responding to the client recordOutputsHash
[NX v22.3.3 Daemon Server] - 2026-01-14T13:41:02.619Z - Handled json message RECORD_OUTPUTS_HASH. Handling time: 4. Response time: 0.
[NX v22.3.3 Daemon Server] - 2026-01-14T13:41:02.621Z - Received raw message of length 349
[NX v22.3.3 Daemon Server] - 2026-01-14T13:41:02.621Z - Received json message of type RECORD_TASK_RUNS
[NX v22.3.3 Daemon Server] - 2026-01-14T13:41:02.622Z - Serializing response for RECORD_TASK_RUNS message in json mode
[NX v22.3.3 Daemon Server] - 2026-01-14T13:41:02.622Z - Responding to RECORD_TASK_RUNS message
[NX v22.3.3 Daemon Server] - 2026-01-14T13:41:02.622Z - [REQUEST]: Responding to the client. handleRecordTaskRuns
[NX v22.3.3 Daemon Server] - 2026-01-14T13:41:02.622Z - Done responding to the client handleRecordTaskRuns
[NX v22.3.3 Daemon Server] - 2026-01-14T13:41:02.622Z - Handled json message RECORD_TASK_RUNS. Handling time: 1. Response time: 0.
[NX v22.3.3 Daemon Server] - 2026-01-14T13:41:02.622Z - Received raw message of length 81
[NX v22.3.3 Daemon Server] - 2026-01-14T13:41:02.622Z - Received json message of type GET_FLAKY_TASKS
[NX v22.3.3 Daemon Server] - 2026-01-14T13:41:02.622Z - Serializing response for GET_FLAKY_TASKS message in json mode
[NX v22.3.3 Daemon Server] - 2026-01-14T13:41:02.622Z - Responding to GET_FLAKY_TASKS message
[NX v22.3.3 Daemon Server] - 2026-01-14T13:41:02.622Z - [REQUEST]: Responding to the client. handleGetFlakyTasks
[NX v22.3.3 Daemon Server] - 2026-01-14T13:41:02.622Z - Done responding to the client handleGetFlakyTasks
[NX v22.3.3 Daemon Server] - 2026-01-14T13:41:02.622Z - Handled json message GET_FLAKY_TASKS. Handling time: 0. Response time: 0.
[NX v22.3.3 Daemon Server] - 2026-01-14T13:41:02.652Z - [WATCHER]: Processing file changes in outputs
[NX v22.3.3 Daemon Server] - 2026-01-14T13:41:05.787Z - Received raw message of length 49887
[NX v22.3.3 Daemon Server] - 2026-01-14T13:41:05.787Z - Received json message of type POST_TASKS_EXECUTION
[NX v22.3.3 Daemon Server] - 2026-01-14T13:41:05.787Z - Serializing response for POST_TASKS_EXECUTION message in json mode
[NX v22.3.3 Daemon Server] - 2026-01-14T13:41:05.787Z - Responding to POST_TASKS_EXECUTION message
[NX v22.3.3 Daemon Server] - 2026-01-14T13:41:05.787Z - [REQUEST]: Responding to the client. handleRunPostTasksExecution
[NX v22.3.3 Daemon Server] - 2026-01-14T13:41:05.787Z - Done responding to the client handleRunPostTasksExecution
[NX v22.3.3 Daemon Server] - 2026-01-14T13:41:05.787Z - Handled json message POST_TASKS_EXECUTION. Handling time: 0. Response time: 0.
[NX v22.3.3 Daemon Server] - 2026-01-14T13:41:05.787Z - Time taken for 'postTasksExecution' 0.101541999996698ms
[NX v22.3.3 Daemon Server] - 2026-01-14T13:41:05.792Z - Closed a connection. Number of open connections: 1
[NX v22.3.3 Daemon Server] - 2026-01-14T13:41:26.503Z - [WATCHER]: libs/strophe-ts/src/stanza/namespace.ts was modified
[NX v22.3.3 Daemon Server] - 2026-01-14T13:41:26.503Z - [SYNC]: clearing sync generators cache due to file changes
[NX v22.3.3 Daemon Server] - 2026-01-14T13:41:26.503Z - [WATCHER]: Processing file changes in outputs
[NX v22.3.3 Daemon Server] - 2026-01-14T13:41:26.607Z - [REQUEST]: Updated workspace context based on watched changes, recomputing project graph...
[NX v22.3.3 Daemon Server] - 2026-01-14T13:41:26.607Z - [REQUEST]: libs/strophe-ts/src/stanza/namespace.ts
[NX v22.3.3 Daemon Server] - 2026-01-14T13:41:26.607Z - [REQUEST]: 
[NX v22.3.3 Daemon Server] - 2026-01-14T13:41:26.611Z - Time taken for 'hash changed files from watcher' 1.515125000005355ms
Time for 'nx/core/project-json:createNodes' 1.5715830000044662
Time for 'nx/core/package-json:createNodes' 1.8183329999956186
Time for 'nx/js/dependencies-and-lockfile:createNodes' 8.587375000002794
[NX v22.3.3 Daemon Server] - 2026-01-14T13:41:26.639Z - Time taken for 'build-project-configs' 17.79966599999898ms
Time for 'build typescript dependencies' 3.4443329999994603
[NX v22.3.3 Daemon Server] - 2026-01-14T13:41:26.663Z - [SYNC]: collect registered sync generators
[NX v22.3.3 Daemon Server] - 2026-01-14T13:41:26.664Z - [SYNC]: project graph hash is the same, not collecting task sync generators
[NX v22.3.3 Daemon Server] - 2026-01-14T13:41:26.664Z - [SYNC]: nx.json hash is the same, not collecting global sync generators
[NX v22.3.3 Daemon Server] - 2026-01-14T13:41:26.664Z - Time taken for 'total execution time for createProjectGraph()' 31.197583000001032ms
[NX v22.3.3 Daemon Server] - 2026-01-14T13:41:28.811Z - Established a connection. Number of open connections: 2
[NX v22.3.3 Daemon Server] - 2026-01-14T13:41:28.811Z - Closed a connection. Number of open connections: 1
[NX v22.3.3 Daemon Server] - 2026-01-14T13:41:28.811Z - Established a connection. Number of open connections: 2
[NX v22.3.3 Daemon Server] - 2026-01-14T13:41:28.818Z - Received raw message of length 32
[NX v22.3.3 Daemon Server] - 2026-01-14T13:41:28.818Z - Received json message of type GET_NX_CONSOLE_STATUS
[NX v22.3.3 Daemon Server] - 2026-01-14T13:41:28.818Z - Serializing response for GET_NX_CONSOLE_STATUS message in json mode
[NX v22.3.3 Daemon Server] - 2026-01-14T13:41:28.818Z - Responding to GET_NX_CONSOLE_STATUS message
[NX v22.3.3 Daemon Server] - 2026-01-14T13:41:28.818Z - [REQUEST]: Responding to the client. handleGetNxConsoleStatus
[NX v22.3.3 Daemon Server] - 2026-01-14T13:41:28.818Z - Done responding to the client handleGetNxConsoleStatus
[NX v22.3.3 Daemon Server] - 2026-01-14T13:41:28.818Z - Handled json message GET_NX_CONSOLE_STATUS. Handling time: 0. Response time: 0.
[NX v22.3.3 Daemon Server] - 2026-01-14T13:41:28.843Z - Received raw message of length 32
[NX v22.3.3 Daemon Server] - 2026-01-14T13:41:28.843Z - Received json message of type REQUEST_PROJECT_GRAPH
[NX v22.3.3 Daemon Server] - 2026-01-14T13:41:28.843Z - [REQUEST]: Client Request for Project Graph Received
[NX v22.3.3 Daemon Server] - 2026-01-14T13:41:28.843Z - Reusing in-memory cached project graph because no files changed.
[NX v22.3.3 Daemon Server] - 2026-01-14T13:41:28.848Z - Wrote project graph cache to /Users/oliverschiessl/WebstormProjects/ngx-chat-new/ngx-chat/.nx/workspace-data/project-graph.json
[NX v22.3.3 Daemon Server] - 2026-01-14T13:41:28.848Z - Serializing response for REQUEST_PROJECT_GRAPH message in json mode
[NX v22.3.3 Daemon Server] - 2026-01-14T13:41:28.848Z - Responding to REQUEST_PROJECT_GRAPH message
[NX v22.3.3 Daemon Server] - 2026-01-14T13:41:28.848Z - [REQUEST]: Responding to the client. project-graph
[NX v22.3.3 Daemon Server] - 2026-01-14T13:41:28.849Z - Time taken for 'total for creating and serializing project graph' 5.749250000000757ms
[NX v22.3.3 Daemon Server] - 2026-01-14T13:41:28.851Z - Done responding to the client project-graph
[NX v22.3.3 Daemon Server] - 2026-01-14T13:41:28.851Z - Handled json message REQUEST_PROJECT_GRAPH. Handling time: 5. Response time: 3.
[NX v22.3.3 Daemon Server] - 2026-01-14T13:41:28.856Z - Received raw message of length 1236
[NX v22.3.3 Daemon Server] - 2026-01-14T13:41:28.856Z - Received json message of type PRE_TASKS_EXECUTION
[NX v22.3.3 Daemon Server] - 2026-01-14T13:41:28.856Z - Serializing response for PRE_TASKS_EXECUTION message in json mode
[NX v22.3.3 Daemon Server] - 2026-01-14T13:41:28.856Z - Responding to PRE_TASKS_EXECUTION message
[NX v22.3.3 Daemon Server] - 2026-01-14T13:41:28.856Z - [REQUEST]: Responding to the client. handleRunPreTasksExecution
[NX v22.3.3 Daemon Server] - 2026-01-14T13:41:28.856Z - Done responding to the client handleRunPreTasksExecution
[NX v22.3.3 Daemon Server] - 2026-01-14T13:41:28.856Z - Handled json message PRE_TASKS_EXECUTION. Handling time: 0. Response time: 0.
[NX v22.3.3 Daemon Server] - 2026-01-14T13:41:28.856Z - Time taken for 'preTasksExecution' 0.08695900000020629ms
[NX v22.3.3 Daemon Server] - 2026-01-14T13:41:28.983Z - Received raw message of length 7651
[NX v22.3.3 Daemon Server] - 2026-01-14T13:41:28.983Z - Received json message of type HASH_TASKS
[NX v22.3.3 Daemon Server] - 2026-01-14T13:41:28.984Z - Reusing in-memory cached project graph because no files changed.
[NX v22.3.3 Daemon Server] - 2026-01-14T13:41:28.988Z - Wrote project graph cache to /Users/oliverschiessl/WebstormProjects/ngx-chat-new/ngx-chat/.nx/workspace-data/project-graph.json
DEBUG nx::native::tasks::hash_planner: get_plans_internal COMPLETED in 3.864708ms - processed 5 tasks (setup: 3.411916ms, parallel_planning: 451.083µs)
DEBUG nx::native::tasks::hashers::hash_workspace_files: Hashing workspace fileset{cache_key="nx.json,.gitignore,.nxignore"}: Adding "6921474174629748121" (".gitignore") to hash
DEBUG nx::native::tasks::hashers::hash_workspace_files: Hashing workspace fileset{cache_key="nx.json,.gitignore,.nxignore"}: Adding "11090693485628831218" ("nx.json") to hash
DEBUG nx::native::tasks::hashers::hash_workspace_files: Hashing workspace fileset{cache_key="nx.json,.gitignore,.nxignore"}: Hash Value: "5861842607570332289"
DEBUG nx::native::tasks::task_hasher: hash_plans COMPLETED in 8.470042ms - processed 5 plans (setup: 500.458µs, hashing: 7.968584ms, assembly: 3.501208ms)
[NX v22.3.3 Daemon Server] - 2026-01-14T13:41:29.008Z - Serializing response for HASH_TASKS message in json mode
[NX v22.3.3 Daemon Server] - 2026-01-14T13:41:29.009Z - Responding to HASH_TASKS message
[NX v22.3.3 Daemon Server] - 2026-01-14T13:41:29.009Z - [REQUEST]: Responding to the client. handleHashTasks
[NX v22.3.3 Daemon Server] - 2026-01-14T13:41:29.009Z - Time taken for 'write cache' 4.696499999998196ms
[NX v22.3.3 Daemon Server] - 2026-01-14T13:41:29.009Z - Done responding to the client handleHashTasks
[NX v22.3.3 Daemon Server] - 2026-01-14T13:41:29.009Z - Handled json message HASH_TASKS. Handling time: 24. Response time: 1.
[NX v22.3.3 Daemon Server] - 2026-01-14T13:41:29.041Z - Received raw message of length 320
[NX v22.3.3 Daemon Server] - 2026-01-14T13:41:29.041Z - Received json message of type GET_ESTIMATED_TASK_TIMINGS
[NX v22.3.3 Daemon Server] - 2026-01-14T13:41:29.041Z - Serializing response for GET_ESTIMATED_TASK_TIMINGS message in json mode
[NX v22.3.3 Daemon Server] - 2026-01-14T13:41:29.041Z - Responding to GET_ESTIMATED_TASK_TIMINGS message
[NX v22.3.3 Daemon Server] - 2026-01-14T13:41:29.041Z - [REQUEST]: Responding to the client. handleGetEstimatedTaskTimings
[NX v22.3.3 Daemon Server] - 2026-01-14T13:41:29.041Z - Done responding to the client handleGetEstimatedTaskTimings
[NX v22.3.3 Daemon Server] - 2026-01-14T13:41:29.041Z - Handled json message GET_ESTIMATED_TASK_TIMINGS. Handling time: 0. Response time: 0.
[NX v22.3.3 Daemon Server] - 2026-01-14T13:41:29.044Z - Received raw message of length 109
[NX v22.3.3 Daemon Server] - 2026-01-14T13:41:29.044Z - Received json message of type OUTPUTS_HASHES_MATCH
[NX v22.3.3 Daemon Server] - 2026-01-14T13:41:29.048Z - Serializing response for OUTPUTS_HASHES_MATCH message in json mode
[NX v22.3.3 Daemon Server] - 2026-01-14T13:41:29.048Z - Responding to OUTPUTS_HASHES_MATCH message
[NX v22.3.3 Daemon Server] - 2026-01-14T13:41:29.048Z - [REQUEST]: Responding to the client. outputsHashesMatch
[NX v22.3.3 Daemon Server] - 2026-01-14T13:41:29.048Z - Done responding to the client outputsHashesMatch
[NX v22.3.3 Daemon Server] - 2026-01-14T13:41:29.048Z - Handled json message OUTPUTS_HASHES_MATCH. Handling time: 4. Response time: 0.
[NX v22.3.3 Daemon Server] - 2026-01-14T13:41:29.053Z - Received raw message of length 108
[NX v22.3.3 Daemon Server] - 2026-01-14T13:41:29.054Z - Received json message of type RECORD_OUTPUTS_HASH
[NX v22.3.3 Daemon Server] - 2026-01-14T13:41:29.057Z - Serializing response for RECORD_OUTPUTS_HASH message in json mode
[NX v22.3.3 Daemon Server] - 2026-01-14T13:41:29.057Z - Responding to RECORD_OUTPUTS_HASH message
[NX v22.3.3 Daemon Server] - 2026-01-14T13:41:29.057Z - [REQUEST]: Responding to the client. recordOutputsHash
[NX v22.3.3 Daemon Server] - 2026-01-14T13:41:29.058Z - Done responding to the client recordOutputsHash
[NX v22.3.3 Daemon Server] - 2026-01-14T13:41:29.058Z - Handled json message RECORD_OUTPUTS_HASH. Handling time: 3. Response time: 1.
[NX v22.3.3 Daemon Server] - 2026-01-14T13:41:29.444Z - [WATCHER]: Processing file changes in outputs
[NX v22.3.3 Daemon Server] - 2026-01-14T13:41:30.250Z - [WATCHER]: Processing file changes in outputs
[NX v22.3.3 Daemon Server] - 2026-01-14T13:41:30.301Z - [WATCHER]: Processing file changes in outputs
[NX v22.3.3 Daemon Server] - 2026-01-14T13:41:30.316Z - Received raw message of length 103
[NX v22.3.3 Daemon Server] - 2026-01-14T13:41:30.316Z - Received json message of type RECORD_OUTPUTS_HASH
[NX v22.3.3 Daemon Server] - 2026-01-14T13:41:30.320Z - Serializing response for RECORD_OUTPUTS_HASH message in json mode
[NX v22.3.3 Daemon Server] - 2026-01-14T13:41:30.320Z - Responding to RECORD_OUTPUTS_HASH message
[NX v22.3.3 Daemon Server] - 2026-01-14T13:41:30.320Z - [REQUEST]: Responding to the client. recordOutputsHash
[NX v22.3.3 Daemon Server] - 2026-01-14T13:41:30.320Z - Done responding to the client recordOutputsHash
[NX v22.3.3 Daemon Server] - 2026-01-14T13:41:30.320Z - Handled json message RECORD_OUTPUTS_HASH. Handling time: 4. Response time: 0.
[NX v22.3.3 Daemon Server] - 2026-01-14T13:41:30.356Z - [WATCHER]: Processing file changes in outputs
[NX v22.3.3 Daemon Server] - 2026-01-14T13:41:30.700Z - [WATCHER]: Processing file changes in outputs
[NX v22.3.3 Daemon Server] - 2026-01-14T13:41:31.750Z - Received raw message of length 105
[NX v22.3.3 Daemon Server] - 2026-01-14T13:41:31.750Z - Received json message of type RECORD_OUTPUTS_HASH
[NX v22.3.3 Daemon Server] - 2026-01-14T13:41:31.752Z - Serializing response for RECORD_OUTPUTS_HASH message in json mode
[NX v22.3.3 Daemon Server] - 2026-01-14T13:41:31.752Z - Responding to RECORD_OUTPUTS_HASH message
[NX v22.3.3 Daemon Server] - 2026-01-14T13:41:31.752Z - [REQUEST]: Responding to the client. recordOutputsHash
[NX v22.3.3 Daemon Server] - 2026-01-14T13:41:31.752Z - Done responding to the client recordOutputsHash
[NX v22.3.3 Daemon Server] - 2026-01-14T13:41:31.752Z - Handled json message RECORD_OUTPUTS_HASH. Handling time: 2. Response time: 0.
[NX v22.3.3 Daemon Server] - 2026-01-14T13:41:31.754Z - Received raw message of length 521
[NX v22.3.3 Daemon Server] - 2026-01-14T13:41:31.754Z - Received json message of type RECORD_TASK_RUNS
[NX v22.3.3 Daemon Server] - 2026-01-14T13:41:31.754Z - Serializing response for RECORD_TASK_RUNS message in json mode
[NX v22.3.3 Daemon Server] - 2026-01-14T13:41:31.754Z - Responding to RECORD_TASK_RUNS message
[NX v22.3.3 Daemon Server] - 2026-01-14T13:41:31.754Z - [REQUEST]: Responding to the client. handleRecordTaskRuns
[NX v22.3.3 Daemon Server] - 2026-01-14T13:41:31.754Z - Done responding to the client handleRecordTaskRuns
[NX v22.3.3 Daemon Server] - 2026-01-14T13:41:31.754Z - Handled json message RECORD_TASK_RUNS. Handling time: 0. Response time: 0.
[NX v22.3.3 Daemon Server] - 2026-01-14T13:41:31.755Z - Received raw message of length 103
[NX v22.3.3 Daemon Server] - 2026-01-14T13:41:31.755Z - Received json message of type GET_FLAKY_TASKS
[NX v22.3.3 Daemon Server] - 2026-01-14T13:41:31.755Z - Serializing response for GET_FLAKY_TASKS message in json mode
[NX v22.3.3 Daemon Server] - 2026-01-14T13:41:31.755Z - Responding to GET_FLAKY_TASKS message
[NX v22.3.3 Daemon Server] - 2026-01-14T13:41:31.755Z - [REQUEST]: Responding to the client. handleGetFlakyTasks
[NX v22.3.3 Daemon Server] - 2026-01-14T13:41:31.755Z - Done responding to the client handleGetFlakyTasks
[NX v22.3.3 Daemon Server] - 2026-01-14T13:41:31.755Z - Handled json message GET_FLAKY_TASKS. Handling time: 0. Response time: 0.
[NX v22.3.3 Daemon Server] - 2026-01-14T13:41:31.786Z - [WATCHER]: Processing file changes in outputs
[NX v22.3.3 Daemon Server] - 2026-01-14T13:41:34.925Z - Received raw message of length 80142
[NX v22.3.3 Daemon Server] - 2026-01-14T13:41:34.925Z - Received json message of type POST_TASKS_EXECUTION
[NX v22.3.3 Daemon Server] - 2026-01-14T13:41:34.925Z - Serializing response for POST_TASKS_EXECUTION message in json mode
[NX v22.3.3 Daemon Server] - 2026-01-14T13:41:34.925Z - Responding to POST_TASKS_EXECUTION message
[NX v22.3.3 Daemon Server] - 2026-01-14T13:41:34.925Z - [REQUEST]: Responding to the client. handleRunPostTasksExecution
[NX v22.3.3 Daemon Server] - 2026-01-14T13:41:34.925Z - Done responding to the client handleRunPostTasksExecution
[NX v22.3.3 Daemon Server] - 2026-01-14T13:41:34.925Z - Handled json message POST_TASKS_EXECUTION. Handling time: 0. Response time: 0.
[NX v22.3.3 Daemon Server] - 2026-01-14T13:41:34.925Z - Time taken for 'postTasksExecution' 0.07025000000430737ms
[NX v22.3.3 Daemon Server] - 2026-01-14T13:41:34.930Z - Closed a connection. Number of open connections: 1
[NX v22.3.3 Daemon Server] - 2026-01-14T13:41:55.530Z - [WATCHER]: libs/xmpp-adapter/src/core/form.ts was modified
[NX v22.3.3 Daemon Server] - 2026-01-14T13:41:55.531Z - [SYNC]: clearing sync generators cache due to file changes
[NX v22.3.3 Daemon Server] - 2026-01-14T13:41:55.531Z - [WATCHER]: Processing file changes in outputs
[NX v22.3.3 Daemon Server] - 2026-01-14T13:41:55.634Z - [REQUEST]: Updated workspace context based on watched changes, recomputing project graph...
[NX v22.3.3 Daemon Server] - 2026-01-14T13:41:55.635Z - [REQUEST]: libs/xmpp-adapter/src/core/form.ts
[NX v22.3.3 Daemon Server] - 2026-01-14T13:41:55.635Z - [REQUEST]: 
[NX v22.3.3 Daemon Server] - 2026-01-14T13:41:55.638Z - Time taken for 'hash changed files from watcher' 1.6922500000073342ms
Time for 'nx/core/project-json:createNodes' 2.242792000004556
Time for 'nx/core/package-json:createNodes' 4.127999999996973
Time for 'nx/js/dependencies-and-lockfile:createNodes' 14.45166700000118
[NX v22.3.3 Daemon Server] - 2026-01-14T13:41:55.672Z - Time taken for 'build-project-configs' 23.67120799999975ms
Time for 'build typescript dependencies' 3.865624999991269
[NX v22.3.3 Daemon Server] - 2026-01-14T13:41:55.700Z - [SYNC]: collect registered sync generators
[NX v22.3.3 Daemon Server] - 2026-01-14T13:41:55.701Z - [SYNC]: project graph hash is the same, not collecting task sync generators
[NX v22.3.3 Daemon Server] - 2026-01-14T13:41:55.701Z - [SYNC]: nx.json hash is the same, not collecting global sync generators
[NX v22.3.3 Daemon Server] - 2026-01-14T13:41:55.701Z - Time taken for 'total execution time for createProjectGraph()' 34.595916999998735ms
[NX v22.3.3 Daemon Server] - 2026-01-14T13:41:57.207Z - Established a connection. Number of open connections: 2
[NX v22.3.3 Daemon Server] - 2026-01-14T13:41:57.207Z - Closed a connection. Number of open connections: 1
[NX v22.3.3 Daemon Server] - 2026-01-14T13:41:57.207Z - Established a connection. Number of open connections: 2
[NX v22.3.3 Daemon Server] - 2026-01-14T13:41:57.214Z - Received raw message of length 32
[NX v22.3.3 Daemon Server] - 2026-01-14T13:41:57.214Z - Received json message of type GET_NX_CONSOLE_STATUS
[NX v22.3.3 Daemon Server] - 2026-01-14T13:41:57.214Z - Serializing response for GET_NX_CONSOLE_STATUS message in json mode
[NX v22.3.3 Daemon Server] - 2026-01-14T13:41:57.214Z - Responding to GET_NX_CONSOLE_STATUS message
[NX v22.3.3 Daemon Server] - 2026-01-14T13:41:57.214Z - [REQUEST]: Responding to the client. handleGetNxConsoleStatus
[NX v22.3.3 Daemon Server] - 2026-01-14T13:41:57.214Z - Done responding to the client handleGetNxConsoleStatus
[NX v22.3.3 Daemon Server] - 2026-01-14T13:41:57.214Z - Handled json message GET_NX_CONSOLE_STATUS. Handling time: 0. Response time: 0.
[NX v22.3.3 Daemon Server] - 2026-01-14T13:41:57.251Z - Received raw message of length 32
[NX v22.3.3 Daemon Server] - 2026-01-14T13:41:57.251Z - Received json message of type REQUEST_PROJECT_GRAPH
[NX v22.3.3 Daemon Server] - 2026-01-14T13:41:57.251Z - [REQUEST]: Client Request for Project Graph Received
[NX v22.3.3 Daemon Server] - 2026-01-14T13:41:57.252Z - Reusing in-memory cached project graph because no files changed.
[NX v22.3.3 Daemon Server] - 2026-01-14T13:41:57.257Z - Wrote project graph cache to /Users/oliverschiessl/WebstormProjects/ngx-chat-new/ngx-chat/.nx/workspace-data/project-graph.json
[NX v22.3.3 Daemon Server] - 2026-01-14T13:41:57.257Z - Serializing response for REQUEST_PROJECT_GRAPH message in json mode
[NX v22.3.3 Daemon Server] - 2026-01-14T13:41:57.257Z - Responding to REQUEST_PROJECT_GRAPH message
[NX v22.3.3 Daemon Server] - 2026-01-14T13:41:57.257Z - [REQUEST]: Responding to the client. project-graph
[NX v22.3.3 Daemon Server] - 2026-01-14T13:41:57.258Z - Time taken for 'total for creating and serializing project graph' 5.920750000004773ms
[NX v22.3.3 Daemon Server] - 2026-01-14T13:41:57.260Z - Done responding to the client project-graph
[NX v22.3.3 Daemon Server] - 2026-01-14T13:41:57.260Z - Handled json message REQUEST_PROJECT_GRAPH. Handling time: 6. Response time: 3.
[NX v22.3.3 Daemon Server] - 2026-01-14T13:41:57.265Z - Received raw message of length 1235
[NX v22.3.3 Daemon Server] - 2026-01-14T13:41:57.265Z - Received json message of type PRE_TASKS_EXECUTION
[NX v22.3.3 Daemon Server] - 2026-01-14T13:41:57.265Z - Serializing response for PRE_TASKS_EXECUTION message in json mode
[NX v22.3.3 Daemon Server] - 2026-01-14T13:41:57.265Z - Responding to PRE_TASKS_EXECUTION message
[NX v22.3.3 Daemon Server] - 2026-01-14T13:41:57.265Z - [REQUEST]: Responding to the client. handleRunPreTasksExecution
[NX v22.3.3 Daemon Server] - 2026-01-14T13:41:57.265Z - Done responding to the client handleRunPreTasksExecution
[NX v22.3.3 Daemon Server] - 2026-01-14T13:41:57.265Z - Handled json message PRE_TASKS_EXECUTION. Handling time: 0. Response time: 0.
[NX v22.3.3 Daemon Server] - 2026-01-14T13:41:57.265Z - Time taken for 'preTasksExecution' 0.11033300000417512ms
[NX v22.3.3 Daemon Server] - 2026-01-14T13:41:57.341Z - Received raw message of length 7651
[NX v22.3.3 Daemon Server] - 2026-01-14T13:41:57.341Z - Received json message of type HASH_TASKS
[NX v22.3.3 Daemon Server] - 2026-01-14T13:41:57.341Z - Reusing in-memory cached project graph because no files changed.
[NX v22.3.3 Daemon Server] - 2026-01-14T13:41:57.345Z - Wrote project graph cache to /Users/oliverschiessl/WebstormProjects/ngx-chat-new/ngx-chat/.nx/workspace-data/project-graph.json
DEBUG nx::native::tasks::hash_planner: get_plans_internal COMPLETED in 4.604542ms - processed 5 tasks (setup: 4.056917ms, parallel_planning: 544.75µs)
DEBUG nx::native::tasks::hashers::hash_workspace_files: Hashing workspace fileset{cache_key="nx.json,.gitignore,.nxignore"}: Adding "6921474174629748121" (".gitignore") to hash
DEBUG nx::native::tasks::hashers::hash_workspace_files: Hashing workspace fileset{cache_key="nx.json,.gitignore,.nxignore"}: Adding "11090693485628831218" ("nx.json") to hash
DEBUG nx::native::tasks::hashers::hash_workspace_files: Hashing workspace fileset{cache_key="nx.json,.gitignore,.nxignore"}: Hash Value: "5861842607570332289"
DEBUG nx::native::tasks::task_hasher: hash_plans COMPLETED in 10.128833ms - processed 5 plans (setup: 559.416µs, hashing: 9.568125ms, assembly: 4.9205ms)
[NX v22.3.3 Daemon Server] - 2026-01-14T13:41:57.367Z - Serializing response for HASH_TASKS message in json mode
[NX v22.3.3 Daemon Server] - 2026-01-14T13:41:57.368Z - Responding to HASH_TASKS message
[NX v22.3.3 Daemon Server] - 2026-01-14T13:41:57.368Z - [REQUEST]: Responding to the client. handleHashTasks
[NX v22.3.3 Daemon Server] - 2026-01-14T13:41:57.369Z - Time taken for 'write cache' 3.9923330000019632ms
[NX v22.3.3 Daemon Server] - 2026-01-14T13:41:57.369Z - Done responding to the client handleHashTasks
[NX v22.3.3 Daemon Server] - 2026-01-14T13:41:57.369Z - Handled json message HASH_TASKS. Handling time: 26. Response time: 2.
[NX v22.3.3 Daemon Server] - 2026-01-14T13:41:57.409Z - Received raw message of length 320
[NX v22.3.3 Daemon Server] - 2026-01-14T13:41:57.409Z - Received json message of type GET_ESTIMATED_TASK_TIMINGS
[NX v22.3.3 Daemon Server] - 2026-01-14T13:41:57.409Z - Serializing response for GET_ESTIMATED_TASK_TIMINGS message in json mode
[NX v22.3.3 Daemon Server] - 2026-01-14T13:41:57.409Z - Responding to GET_ESTIMATED_TASK_TIMINGS message
[NX v22.3.3 Daemon Server] - 2026-01-14T13:41:57.409Z - [REQUEST]: Responding to the client. handleGetEstimatedTaskTimings
[NX v22.3.3 Daemon Server] - 2026-01-14T13:41:57.409Z - Done responding to the client handleGetEstimatedTaskTimings
[NX v22.3.3 Daemon Server] - 2026-01-14T13:41:57.409Z - Handled json message GET_ESTIMATED_TASK_TIMINGS. Handling time: 0. Response time: 0.
[NX v22.3.3 Daemon Server] - 2026-01-14T13:41:57.413Z - Received raw message of length 109
[NX v22.3.3 Daemon Server] - 2026-01-14T13:41:57.413Z - Received json message of type OUTPUTS_HASHES_MATCH
[NX v22.3.3 Daemon Server] - 2026-01-14T13:41:57.418Z - Serializing response for OUTPUTS_HASHES_MATCH message in json mode
[NX v22.3.3 Daemon Server] - 2026-01-14T13:41:57.418Z - Responding to OUTPUTS_HASHES_MATCH message
[NX v22.3.3 Daemon Server] - 2026-01-14T13:41:57.418Z - [REQUEST]: Responding to the client. outputsHashesMatch
[NX v22.3.3 Daemon Server] - 2026-01-14T13:41:57.418Z - Done responding to the client outputsHashesMatch
[NX v22.3.3 Daemon Server] - 2026-01-14T13:41:57.418Z - Handled json message OUTPUTS_HASHES_MATCH. Handling time: 5. Response time: 0.
[NX v22.3.3 Daemon Server] - 2026-01-14T13:41:57.419Z - Received raw message of length 104
[NX v22.3.3 Daemon Server] - 2026-01-14T13:41:57.419Z - Received json message of type OUTPUTS_HASHES_MATCH
[NX v22.3.3 Daemon Server] - 2026-01-14T13:41:57.424Z - Serializing response for OUTPUTS_HASHES_MATCH message in json mode
[NX v22.3.3 Daemon Server] - 2026-01-14T13:41:57.424Z - Responding to OUTPUTS_HASHES_MATCH message
[NX v22.3.3 Daemon Server] - 2026-01-14T13:41:57.424Z - [REQUEST]: Responding to the client. outputsHashesMatch
[NX v22.3.3 Daemon Server] - 2026-01-14T13:41:57.424Z - Done responding to the client outputsHashesMatch
[NX v22.3.3 Daemon Server] - 2026-01-14T13:41:57.424Z - Handled json message OUTPUTS_HASHES_MATCH. Handling time: 5. Response time: 0.
[NX v22.3.3 Daemon Server] - 2026-01-14T13:41:57.425Z - Received raw message of length 108
[NX v22.3.3 Daemon Server] - 2026-01-14T13:41:57.425Z - Received json message of type RECORD_OUTPUTS_HASH
[NX v22.3.3 Daemon Server] - 2026-01-14T13:41:57.427Z - Serializing response for RECORD_OUTPUTS_HASH message in json mode
[NX v22.3.3 Daemon Server] - 2026-01-14T13:41:57.427Z - Responding to RECORD_OUTPUTS_HASH message
[NX v22.3.3 Daemon Server] - 2026-01-14T13:41:57.427Z - [REQUEST]: Responding to the client. recordOutputsHash
[NX v22.3.3 Daemon Server] - 2026-01-14T13:41:57.427Z - Done responding to the client recordOutputsHash
[NX v22.3.3 Daemon Server] - 2026-01-14T13:41:57.427Z - Handled json message RECORD_OUTPUTS_HASH. Handling time: 2. Response time: 0.
[NX v22.3.3 Daemon Server] - 2026-01-14T13:41:57.428Z - Received raw message of length 103
[NX v22.3.3 Daemon Server] - 2026-01-14T13:41:57.428Z - Received json message of type RECORD_OUTPUTS_HASH
[NX v22.3.3 Daemon Server] - 2026-01-14T13:41:57.433Z - Serializing response for RECORD_OUTPUTS_HASH message in json mode
[NX v22.3.3 Daemon Server] - 2026-01-14T13:41:57.433Z - Responding to RECORD_OUTPUTS_HASH message
[NX v22.3.3 Daemon Server] - 2026-01-14T13:41:57.433Z - [REQUEST]: Responding to the client. recordOutputsHash
[NX v22.3.3 Daemon Server] - 2026-01-14T13:41:57.433Z - Done responding to the client recordOutputsHash
[NX v22.3.3 Daemon Server] - 2026-01-14T13:41:57.433Z - Handled json message RECORD_OUTPUTS_HASH. Handling time: 5. Response time: 0.
[NX v22.3.3 Daemon Server] - 2026-01-14T13:41:57.855Z - [WATCHER]: Processing file changes in outputs
[NX v22.3.3 Daemon Server] - 2026-01-14T13:41:59.111Z - [WATCHER]: Processing file changes in outputs
[NX v22.3.3 Daemon Server] - 2026-01-14T13:41:59.163Z - [WATCHER]: Processing file changes in outputs
[NX v22.3.3 Daemon Server] - 2026-01-14T13:41:59.208Z - Received raw message of length 105
[NX v22.3.3 Daemon Server] - 2026-01-14T13:41:59.208Z - Received json message of type RECORD_OUTPUTS_HASH
[NX v22.3.3 Daemon Server] - 2026-01-14T13:41:59.213Z - Serializing response for RECORD_OUTPUTS_HASH message in json mode
[NX v22.3.3 Daemon Server] - 2026-01-14T13:41:59.213Z - Responding to RECORD_OUTPUTS_HASH message
[NX v22.3.3 Daemon Server] - 2026-01-14T13:41:59.213Z - [REQUEST]: Responding to the client. recordOutputsHash
[NX v22.3.3 Daemon Server] - 2026-01-14T13:41:59.213Z - Done responding to the client recordOutputsHash
[NX v22.3.3 Daemon Server] - 2026-01-14T13:41:59.213Z - Handled json message RECORD_OUTPUTS_HASH. Handling time: 5. Response time: 0.
[NX v22.3.3 Daemon Server] - 2026-01-14T13:41:59.220Z - [WATCHER]: Processing file changes in outputs
[NX v22.3.3 Daemon Server] - 2026-01-14T13:41:59.294Z - [WATCHER]: Processing file changes in outputs
[NX v22.3.3 Daemon Server] - 2026-01-14T13:41:59.852Z - [WATCHER]: Processing file changes in outputs
[NX v22.3.3 Daemon Server] - 2026-01-14T13:42:00.094Z - [WATCHER]: Processing file changes in outputs
[NX v22.3.3 Daemon Server] - 2026-01-14T13:42:00.156Z - [WATCHER]: Processing file changes in outputs
[NX v22.3.3 Daemon Server] - 2026-01-14T13:42:01.094Z - [WATCHER]: Processing file changes in outputs
[NX v22.3.3 Daemon Server] - 2026-01-14T13:42:01.369Z - Received raw message of length 101
[NX v22.3.3 Daemon Server] - 2026-01-14T13:42:01.369Z - Received json message of type RECORD_OUTPUTS_HASH
[NX v22.3.3 Daemon Server] - 2026-01-14T13:42:01.373Z - Serializing response for RECORD_OUTPUTS_HASH message in json mode
[NX v22.3.3 Daemon Server] - 2026-01-14T13:42:01.373Z - Responding to RECORD_OUTPUTS_HASH message
[NX v22.3.3 Daemon Server] - 2026-01-14T13:42:01.373Z - [REQUEST]: Responding to the client. recordOutputsHash
[NX v22.3.3 Daemon Server] - 2026-01-14T13:42:01.373Z - Done responding to the client recordOutputsHash
[NX v22.3.3 Daemon Server] - 2026-01-14T13:42:01.373Z - Handled json message RECORD_OUTPUTS_HASH. Handling time: 3. Response time: 1.
[NX v22.3.3 Daemon Server] - 2026-01-14T13:42:01.403Z - [WATCHER]: Processing file changes in outputs
[NX v22.3.3 Daemon Server] - 2026-01-14T13:42:01.825Z - [WATCHER]: Processing file changes in outputs
[NX v22.3.3 Daemon Server] - 2026-01-14T13:42:02.047Z - [WATCHER]: Processing file changes in outputs
[NX v22.3.3 Daemon Server] - 2026-01-14T13:42:02.462Z - [WATCHER]: Processing file changes in outputs
[NX v22.3.3 Daemon Server] - 2026-01-14T13:42:03.733Z - [WATCHER]: Processing file changes in outputs
[NX v22.3.3 Daemon Server] - 2026-01-14T13:42:03.784Z - [WATCHER]: Processing file changes in outputs
[NX v22.3.3 Daemon Server] - 2026-01-14T13:42:03.836Z - [WATCHER]: Processing file changes in outputs
[NX v22.3.3 Daemon Server] - 2026-01-14T13:42:03.986Z - Received raw message of length 101
[NX v22.3.3 Daemon Server] - 2026-01-14T13:42:03.987Z - Received json message of type RECORD_OUTPUTS_HASH
[NX v22.3.3 Daemon Server] - 2026-01-14T13:42:03.992Z - Serializing response for RECORD_OUTPUTS_HASH message in json mode
[NX v22.3.3 Daemon Server] - 2026-01-14T13:42:03.992Z - Responding to RECORD_OUTPUTS_HASH message
[NX v22.3.3 Daemon Server] - 2026-01-14T13:42:03.992Z - [REQUEST]: Responding to the client. recordOutputsHash
[NX v22.3.3 Daemon Server] - 2026-01-14T13:42:03.992Z - Done responding to the client recordOutputsHash
[NX v22.3.3 Daemon Server] - 2026-01-14T13:42:03.992Z - Handled json message RECORD_OUTPUTS_HASH. Handling time: 5. Response time: 0.
[NX v22.3.3 Daemon Server] - 2026-01-14T13:42:04.001Z - [WATCHER]: Processing file changes in outputs
[NX v22.3.3 Daemon Server] - 2026-01-14T13:42:04.006Z - Received raw message of length 897
[NX v22.3.3 Daemon Server] - 2026-01-14T13:42:04.007Z - Received json message of type RECORD_TASK_RUNS
[NX v22.3.3 Daemon Server] - 2026-01-14T13:42:04.007Z - Serializing response for RECORD_TASK_RUNS message in json mode
[NX v22.3.3 Daemon Server] - 2026-01-14T13:42:04.007Z - Responding to RECORD_TASK_RUNS message
[NX v22.3.3 Daemon Server] - 2026-01-14T13:42:04.007Z - [REQUEST]: Responding to the client. handleRecordTaskRuns
[NX v22.3.3 Daemon Server] - 2026-01-14T13:42:04.007Z - Done responding to the client handleRecordTaskRuns
[NX v22.3.3 Daemon Server] - 2026-01-14T13:42:04.007Z - Handled json message RECORD_TASK_RUNS. Handling time: 0. Response time: 0.
[NX v22.3.3 Daemon Server] - 2026-01-14T13:42:04.008Z - Received raw message of length 147
[NX v22.3.3 Daemon Server] - 2026-01-14T13:42:04.008Z - Received json message of type GET_FLAKY_TASKS
[NX v22.3.3 Daemon Server] - 2026-01-14T13:42:04.008Z - Serializing response for GET_FLAKY_TASKS message in json mode
[NX v22.3.3 Daemon Server] - 2026-01-14T13:42:04.008Z - Responding to GET_FLAKY_TASKS message
[NX v22.3.3 Daemon Server] - 2026-01-14T13:42:04.008Z - [REQUEST]: Responding to the client. handleGetFlakyTasks
[NX v22.3.3 Daemon Server] - 2026-01-14T13:42:04.008Z - Done responding to the client handleGetFlakyTasks
[NX v22.3.3 Daemon Server] - 2026-01-14T13:42:04.008Z - Handled json message GET_FLAKY_TASKS. Handling time: 0. Response time: 0.
[NX v22.3.3 Daemon Server] - 2026-01-14T13:42:04.064Z - [WATCHER]: Processing file changes in outputs
[NX v22.3.3 Daemon Server] - 2026-01-14T13:42:05.563Z - [WATCHER]: Processing file changes in outputs
[NX v22.3.3 Daemon Server] - 2026-01-14T13:42:07.139Z - Received raw message of length 200039
[NX v22.3.3 Daemon Server] - 2026-01-14T13:42:07.141Z - Received json message of type POST_TASKS_EXECUTION
[NX v22.3.3 Daemon Server] - 2026-01-14T13:42:07.141Z - Serializing response for POST_TASKS_EXECUTION message in json mode
[NX v22.3.3 Daemon Server] - 2026-01-14T13:42:07.141Z - Responding to POST_TASKS_EXECUTION message
[NX v22.3.3 Daemon Server] - 2026-01-14T13:42:07.141Z - [REQUEST]: Responding to the client. handleRunPostTasksExecution
[NX v22.3.3 Daemon Server] - 2026-01-14T13:42:07.141Z - Done responding to the client handleRunPostTasksExecution
[NX v22.3.3 Daemon Server] - 2026-01-14T13:42:07.141Z - Handled json message POST_TASKS_EXECUTION. Handling time: 0. Response time: 0.
[NX v22.3.3 Daemon Server] - 2026-01-14T13:42:07.141Z - Time taken for 'postTasksExecution' 0.13116699999955017ms
[NX v22.3.3 Daemon Server] - 2026-01-14T13:42:07.146Z - Closed a connection. Number of open connections: 1
[NX v22.3.3 Daemon Server] - 2026-01-14T13:42:21.817Z - Established a connection. Number of open connections: 2
[NX v22.3.3 Daemon Server] - 2026-01-14T13:42:21.818Z - Established a connection. Number of open connections: 3
[NX v22.3.3 Daemon Server] - 2026-01-14T13:42:21.818Z - Closed a connection. Number of open connections: 2
[NX v22.3.3 Daemon Server] - 2026-01-14T13:42:21.825Z - Received raw message of length 32
[NX v22.3.3 Daemon Server] - 2026-01-14T13:42:21.825Z - Received json message of type GET_NX_CONSOLE_STATUS
[NX v22.3.3 Daemon Server] - 2026-01-14T13:42:21.825Z - Serializing response for GET_NX_CONSOLE_STATUS message in json mode
[NX v22.3.3 Daemon Server] - 2026-01-14T13:42:21.825Z - Responding to GET_NX_CONSOLE_STATUS message
[NX v22.3.3 Daemon Server] - 2026-01-14T13:42:21.825Z - [REQUEST]: Responding to the client. handleGetNxConsoleStatus
[NX v22.3.3 Daemon Server] - 2026-01-14T13:42:21.825Z - Done responding to the client handleGetNxConsoleStatus
[NX v22.3.3 Daemon Server] - 2026-01-14T13:42:21.825Z - Handled json message GET_NX_CONSOLE_STATUS. Handling time: 0. Response time: 0.
[NX v22.3.3 Daemon Server] - 2026-01-14T13:42:21.852Z - Received raw message of length 32
[NX v22.3.3 Daemon Server] - 2026-01-14T13:42:21.852Z - Received json message of type REQUEST_PROJECT_GRAPH
[NX v22.3.3 Daemon Server] - 2026-01-14T13:42:21.852Z - [REQUEST]: Client Request for Project Graph Received
[NX v22.3.3 Daemon Server] - 2026-01-14T13:42:21.852Z - Reusing in-memory cached project graph because no files changed.
[NX v22.3.3 Daemon Server] - 2026-01-14T13:42:21.857Z - Wrote project graph cache to /Users/oliverschiessl/WebstormProjects/ngx-chat-new/ngx-chat/.nx/workspace-data/project-graph.json
[NX v22.3.3 Daemon Server] - 2026-01-14T13:42:21.858Z - Serializing response for REQUEST_PROJECT_GRAPH message in json mode
[NX v22.3.3 Daemon Server] - 2026-01-14T13:42:21.858Z - Responding to REQUEST_PROJECT_GRAPH message
[NX v22.3.3 Daemon Server] - 2026-01-14T13:42:21.858Z - [REQUEST]: Responding to the client. project-graph
[NX v22.3.3 Daemon Server] - 2026-01-14T13:42:21.858Z - Time taken for 'total for creating and serializing project graph' 5.166458000006969ms
[NX v22.3.3 Daemon Server] - 2026-01-14T13:42:21.860Z - Done responding to the client project-graph
[NX v22.3.3 Daemon Server] - 2026-01-14T13:42:21.860Z - Handled json message REQUEST_PROJECT_GRAPH. Handling time: 6. Response time: 2.
[NX v22.3.3 Daemon Server] - 2026-01-14T13:42:21.865Z - Received raw message of length 1235
[NX v22.3.3 Daemon Server] - 2026-01-14T13:42:21.865Z - Received json message of type PRE_TASKS_EXECUTION
[NX v22.3.3 Daemon Server] - 2026-01-14T13:42:21.865Z - Serializing response for PRE_TASKS_EXECUTION message in json mode
[NX v22.3.3 Daemon Server] - 2026-01-14T13:42:21.865Z - Responding to PRE_TASKS_EXECUTION message
[NX v22.3.3 Daemon Server] - 2026-01-14T13:42:21.865Z - [REQUEST]: Responding to the client. handleRunPreTasksExecution
[NX v22.3.3 Daemon Server] - 2026-01-14T13:42:21.865Z - Done responding to the client handleRunPreTasksExecution
[NX v22.3.3 Daemon Server] - 2026-01-14T13:42:21.865Z - Handled json message PRE_TASKS_EXECUTION. Handling time: 0. Response time: 0.
[NX v22.3.3 Daemon Server] - 2026-01-14T13:42:21.865Z - Time taken for 'preTasksExecution' 0.058124999995925464ms
[NX v22.3.3 Daemon Server] - 2026-01-14T13:42:21.939Z - Received raw message of length 8358
[NX v22.3.3 Daemon Server] - 2026-01-14T13:42:21.939Z - Received json message of type HASH_TASKS
[NX v22.3.3 Daemon Server] - 2026-01-14T13:42:21.939Z - Reusing in-memory cached project graph because no files changed.
[NX v22.3.3 Daemon Server] - 2026-01-14T13:42:21.944Z - Wrote project graph cache to /Users/oliverschiessl/WebstormProjects/ngx-chat-new/ngx-chat/.nx/workspace-data/project-graph.json
DEBUG nx::native::tasks::hash_planner: get_plans_internal COMPLETED in 4.468208ms - processed 6 tasks (setup: 3.719708ms, parallel_planning: 746.25µs)
DEBUG nx::native::tasks::task_hasher: hash_plans COMPLETED in 11.190667ms - processed 6 plans (setup: 619µs, hashing: 10.570208ms, assembly: 4.365666ms)
[NX v22.3.3 Daemon Server] - 2026-01-14T13:42:21.963Z - Serializing response for HASH_TASKS message in json mode
[NX v22.3.3 Daemon Server] - 2026-01-14T13:42:21.963Z - Responding to HASH_TASKS message
[NX v22.3.3 Daemon Server] - 2026-01-14T13:42:21.964Z - [REQUEST]: Responding to the client. handleHashTasks
[NX v22.3.3 Daemon Server] - 2026-01-14T13:42:21.964Z - Time taken for 'write cache' 5.086332999999286ms
[NX v22.3.3 Daemon Server] - 2026-01-14T13:42:21.964Z - Done responding to the client handleHashTasks
[NX v22.3.3 Daemon Server] - 2026-01-14T13:42:21.964Z - Handled json message HASH_TASKS. Handling time: 24. Response time: 1.
[NX v22.3.3 Daemon Server] - 2026-01-14T13:42:22.000Z - Received raw message of length 389
[NX v22.3.3 Daemon Server] - 2026-01-14T13:42:22.000Z - Received json message of type GET_ESTIMATED_TASK_TIMINGS
[NX v22.3.3 Daemon Server] - 2026-01-14T13:42:22.000Z - Serializing response for GET_ESTIMATED_TASK_TIMINGS message in json mode
[NX v22.3.3 Daemon Server] - 2026-01-14T13:42:22.000Z - Responding to GET_ESTIMATED_TASK_TIMINGS message
[NX v22.3.3 Daemon Server] - 2026-01-14T13:42:22.000Z - [REQUEST]: Responding to the client. handleGetEstimatedTaskTimings
[NX v22.3.3 Daemon Server] - 2026-01-14T13:42:22.000Z - Done responding to the client handleGetEstimatedTaskTimings
[NX v22.3.3 Daemon Server] - 2026-01-14T13:42:22.000Z - Handled json message GET_ESTIMATED_TASK_TIMINGS. Handling time: 0. Response time: 0.
[NX v22.3.3 Daemon Server] - 2026-01-14T13:42:22.003Z - Received raw message of length 109
[NX v22.3.3 Daemon Server] - 2026-01-14T13:42:22.003Z - Received json message of type OUTPUTS_HASHES_MATCH
[NX v22.3.3 Daemon Server] - 2026-01-14T13:42:22.008Z - Serializing response for OUTPUTS_HASHES_MATCH message in json mode
[NX v22.3.3 Daemon Server] - 2026-01-14T13:42:22.009Z - Responding to OUTPUTS_HASHES_MATCH message
[NX v22.3.3 Daemon Server] - 2026-01-14T13:42:22.009Z - [REQUEST]: Responding to the client. outputsHashesMatch
[NX v22.3.3 Daemon Server] - 2026-01-14T13:42:22.009Z - Done responding to the client outputsHashesMatch
[NX v22.3.3 Daemon Server] - 2026-01-14T13:42:22.009Z - Handled json message OUTPUTS_HASHES_MATCH. Handling time: 5. Response time: 1.
[NX v22.3.3 Daemon Server] - 2026-01-14T13:42:22.010Z - Received raw message of length 104
[NX v22.3.3 Daemon Server] - 2026-01-14T13:42:22.010Z - Received json message of type OUTPUTS_HASHES_MATCH
[NX v22.3.3 Daemon Server] - 2026-01-14T13:42:22.012Z - Serializing response for OUTPUTS_HASHES_MATCH message in json mode
[NX v22.3.3 Daemon Server] - 2026-01-14T13:42:22.012Z - Responding to OUTPUTS_HASHES_MATCH message
[NX v22.3.3 Daemon Server] - 2026-01-14T13:42:22.012Z - [REQUEST]: Responding to the client. outputsHashesMatch
[NX v22.3.3 Daemon Server] - 2026-01-14T13:42:22.012Z - Done responding to the client outputsHashesMatch
[NX v22.3.3 Daemon Server] - 2026-01-14T13:42:22.012Z - Handled json message OUTPUTS_HASHES_MATCH. Handling time: 2. Response time: 0.
[NX v22.3.3 Daemon Server] - 2026-01-14T13:42:22.013Z - Received raw message of length 108
[NX v22.3.3 Daemon Server] - 2026-01-14T13:42:22.013Z - Received json message of type RECORD_OUTPUTS_HASH
[NX v22.3.3 Daemon Server] - 2026-01-14T13:42:22.018Z - Serializing response for RECORD_OUTPUTS_HASH message in json mode
[NX v22.3.3 Daemon Server] - 2026-01-14T13:42:22.018Z - Responding to RECORD_OUTPUTS_HASH message
[NX v22.3.3 Daemon Server] - 2026-01-14T13:42:22.018Z - [REQUEST]: Responding to the client. recordOutputsHash
[NX v22.3.3 Daemon Server] - 2026-01-14T13:42:22.018Z - Done responding to the client recordOutputsHash
[NX v22.3.3 Daemon Server] - 2026-01-14T13:42:22.018Z - Handled json message RECORD_OUTPUTS_HASH. Handling time: 5. Response time: 0.
[NX v22.3.3 Daemon Server] - 2026-01-14T13:42:22.018Z - Received raw message of length 103
[NX v22.3.3 Daemon Server] - 2026-01-14T13:42:22.019Z - Received json message of type RECORD_OUTPUTS_HASH
[NX v22.3.3 Daemon Server] - 2026-01-14T13:42:22.022Z - Serializing response for RECORD_OUTPUTS_HASH message in json mode
[NX v22.3.3 Daemon Server] - 2026-01-14T13:42:22.022Z - Responding to RECORD_OUTPUTS_HASH message
[NX v22.3.3 Daemon Server] - 2026-01-14T13:42:22.022Z - [REQUEST]: Responding to the client. recordOutputsHash
[NX v22.3.3 Daemon Server] - 2026-01-14T13:42:22.022Z - Done responding to the client recordOutputsHash
[NX v22.3.3 Daemon Server] - 2026-01-14T13:42:22.022Z - Handled json message RECORD_OUTPUTS_HASH. Handling time: 3. Response time: 0.
[NX v22.3.3 Daemon Server] - 2026-01-14T13:42:22.024Z - Received raw message of length 106
[NX v22.3.3 Daemon Server] - 2026-01-14T13:42:22.024Z - Received json message of type OUTPUTS_HASHES_MATCH
[NX v22.3.3 Daemon Server] - 2026-01-14T13:42:22.029Z - Serializing response for OUTPUTS_HASHES_MATCH message in json mode
[NX v22.3.3 Daemon Server] - 2026-01-14T13:42:22.029Z - Responding to OUTPUTS_HASHES_MATCH message
[NX v22.3.3 Daemon Server] - 2026-01-14T13:42:22.029Z - [REQUEST]: Responding to the client. outputsHashesMatch
[NX v22.3.3 Daemon Server] - 2026-01-14T13:42:22.029Z - Done responding to the client outputsHashesMatch
[NX v22.3.3 Daemon Server] - 2026-01-14T13:42:22.029Z - Handled json message OUTPUTS_HASHES_MATCH. Handling time: 5. Response time: 0.
[NX v22.3.3 Daemon Server] - 2026-01-14T13:42:22.030Z - Received raw message of length 105
[NX v22.3.3 Daemon Server] - 2026-01-14T13:42:22.030Z - Received json message of type RECORD_OUTPUTS_HASH
[NX v22.3.3 Daemon Server] - 2026-01-14T13:42:22.035Z - Serializing response for RECORD_OUTPUTS_HASH message in json mode
[NX v22.3.3 Daemon Server] - 2026-01-14T13:42:22.035Z - Responding to RECORD_OUTPUTS_HASH message
[NX v22.3.3 Daemon Server] - 2026-01-14T13:42:22.035Z - [REQUEST]: Responding to the client. recordOutputsHash
[NX v22.3.3 Daemon Server] - 2026-01-14T13:42:22.035Z - Done responding to the client recordOutputsHash
[NX v22.3.3 Daemon Server] - 2026-01-14T13:42:22.035Z - Handled json message RECORD_OUTPUTS_HASH. Handling time: 5. Response time: 0.
[NX v22.3.3 Daemon Server] - 2026-01-14T13:42:22.037Z - Received raw message of length 102
[NX v22.3.3 Daemon Server] - 2026-01-14T13:42:22.037Z - Received json message of type OUTPUTS_HASHES_MATCH
[NX v22.3.3 Daemon Server] - 2026-01-14T13:42:22.039Z - Serializing response for OUTPUTS_HASHES_MATCH message in json mode
[NX v22.3.3 Daemon Server] - 2026-01-14T13:42:22.039Z - Responding to OUTPUTS_HASHES_MATCH message
[NX v22.3.3 Daemon Server] - 2026-01-14T13:42:22.039Z - [REQUEST]: Responding to the client. outputsHashesMatch
[NX v22.3.3 Daemon Server] - 2026-01-14T13:42:22.039Z - Done responding to the client outputsHashesMatch
[NX v22.3.3 Daemon Server] - 2026-01-14T13:42:22.039Z - Handled json message OUTPUTS_HASHES_MATCH. Handling time: 2. Response time: 0.
[NX v22.3.3 Daemon Server] - 2026-01-14T13:42:22.040Z - Received raw message of length 101
[NX v22.3.3 Daemon Server] - 2026-01-14T13:42:22.040Z - Received json message of type RECORD_OUTPUTS_HASH
[NX v22.3.3 Daemon Server] - 2026-01-14T13:42:22.042Z - Serializing response for RECORD_OUTPUTS_HASH message in json mode
[NX v22.3.3 Daemon Server] - 2026-01-14T13:42:22.042Z - Responding to RECORD_OUTPUTS_HASH message
[NX v22.3.3 Daemon Server] - 2026-01-14T13:42:22.042Z - [REQUEST]: Responding to the client. recordOutputsHash
[NX v22.3.3 Daemon Server] - 2026-01-14T13:42:22.042Z - Done responding to the client recordOutputsHash
[NX v22.3.3 Daemon Server] - 2026-01-14T13:42:22.042Z - Handled json message RECORD_OUTPUTS_HASH. Handling time: 2. Response time: 0.
[NX v22.3.3 Daemon Server] - 2026-01-14T13:42:22.044Z - Received raw message of length 102
[NX v22.3.3 Daemon Server] - 2026-01-14T13:42:22.044Z - Received json message of type OUTPUTS_HASHES_MATCH
[NX v22.3.3 Daemon Server] - 2026-01-14T13:42:22.048Z - Serializing response for OUTPUTS_HASHES_MATCH message in json mode
[NX v22.3.3 Daemon Server] - 2026-01-14T13:42:22.048Z - Responding to OUTPUTS_HASHES_MATCH message
[NX v22.3.3 Daemon Server] - 2026-01-14T13:42:22.048Z - [REQUEST]: Responding to the client. outputsHashesMatch
[NX v22.3.3 Daemon Server] - 2026-01-14T13:42:22.048Z - Done responding to the client outputsHashesMatch
[NX v22.3.3 Daemon Server] - 2026-01-14T13:42:22.048Z - Handled json message OUTPUTS_HASHES_MATCH. Handling time: 4. Response time: 0.
[NX v22.3.3 Daemon Server] - 2026-01-14T13:42:22.048Z - Received raw message of length 101
[NX v22.3.3 Daemon Server] - 2026-01-14T13:42:22.048Z - Received json message of type RECORD_OUTPUTS_HASH
[NX v22.3.3 Daemon Server] - 2026-01-14T13:42:22.053Z - Serializing response for RECORD_OUTPUTS_HASH message in json mode
[NX v22.3.3 Daemon Server] - 2026-01-14T13:42:22.053Z - Responding to RECORD_OUTPUTS_HASH message
[NX v22.3.3 Daemon Server] - 2026-01-14T13:42:22.053Z - [REQUEST]: Responding to the client. recordOutputsHash
[NX v22.3.3 Daemon Server] - 2026-01-14T13:42:22.053Z - Done responding to the client recordOutputsHash
[NX v22.3.3 Daemon Server] - 2026-01-14T13:42:22.053Z - Handled json message RECORD_OUTPUTS_HASH. Handling time: 5. Response time: 0.
[NX v22.3.3 Daemon Server] - 2026-01-14T13:42:22.740Z - Established a connection. Number of open connections: 3
[NX v22.3.3 Daemon Server] - 2026-01-14T13:42:22.742Z - Closed a connection. Number of open connections: 2
[NX v22.3.3 Daemon Server] - 2026-01-14T13:42:22.742Z - Established a connection. Number of open connections: 3
[NX v22.3.3 Daemon Server] - 2026-01-14T13:42:22.755Z - Received raw message of length 32
[NX v22.3.3 Daemon Server] - 2026-01-14T13:42:22.755Z - Received json message of type REQUEST_PROJECT_GRAPH
[NX v22.3.3 Daemon Server] - 2026-01-14T13:42:22.755Z - [REQUEST]: Client Request for Project Graph Received
[NX v22.3.3 Daemon Server] - 2026-01-14T13:42:22.755Z - Reusing in-memory cached project graph because no files changed.
[NX v22.3.3 Daemon Server] - 2026-01-14T13:42:22.760Z - Wrote project graph cache to /Users/oliverschiessl/WebstormProjects/ngx-chat-new/ngx-chat/.nx/workspace-data/project-graph.json
[NX v22.3.3 Daemon Server] - 2026-01-14T13:42:22.761Z - Serializing response for REQUEST_PROJECT_GRAPH message in json mode
[NX v22.3.3 Daemon Server] - 2026-01-14T13:42:22.761Z - Responding to REQUEST_PROJECT_GRAPH message
[NX v22.3.3 Daemon Server] - 2026-01-14T13:42:22.761Z - [REQUEST]: Responding to the client. project-graph
[NX v22.3.3 Daemon Server] - 2026-01-14T13:42:22.761Z - Time taken for 'total for creating and serializing project graph' 5.699958000011975ms
[NX v22.3.3 Daemon Server] - 2026-01-14T13:42:22.763Z - Done responding to the client project-graph
[NX v22.3.3 Daemon Server] - 2026-01-14T13:42:22.763Z - Handled json message REQUEST_PROJECT_GRAPH. Handling time: 6. Response time: 2.
[NX v22.3.3 Daemon Server] - 2026-01-14T13:42:23.035Z - Closed a connection. Number of open connections: 2
[NX v22.3.3 Daemon Server] - 2026-01-14T13:42:23.040Z - Received raw message of length 101
[NX v22.3.3 Daemon Server] - 2026-01-14T13:42:23.040Z - Received json message of type RECORD_OUTPUTS_HASH
[NX v22.3.3 Daemon Server] - 2026-01-14T13:42:23.040Z - Serializing response for RECORD_OUTPUTS_HASH message in json mode
[NX v22.3.3 Daemon Server] - 2026-01-14T13:42:23.040Z - Responding to RECORD_OUTPUTS_HASH message
[NX v22.3.3 Daemon Server] - 2026-01-14T13:42:23.040Z - [REQUEST]: Responding to the client. recordOutputsHash
[NX v22.3.3 Daemon Server] - 2026-01-14T13:42:23.040Z - Done responding to the client recordOutputsHash
[NX v22.3.3 Daemon Server] - 2026-01-14T13:42:23.040Z - Handled json message RECORD_OUTPUTS_HASH. Handling time: 0. Response time: 0.
[NX v22.3.3 Daemon Server] - 2026-01-14T13:42:23.041Z - Received raw message of length 1130
[NX v22.3.3 Daemon Server] - 2026-01-14T13:42:23.041Z - Received json message of type RECORD_TASK_RUNS
[NX v22.3.3 Daemon Server] - 2026-01-14T13:42:23.042Z - Serializing response for RECORD_TASK_RUNS message in json mode
[NX v22.3.3 Daemon Server] - 2026-01-14T13:42:23.042Z - Responding to RECORD_TASK_RUNS message
[NX v22.3.3 Daemon Server] - 2026-01-14T13:42:23.042Z - [REQUEST]: Responding to the client. handleRecordTaskRuns
[NX v22.3.3 Daemon Server] - 2026-01-14T13:42:23.042Z - Done responding to the client handleRecordTaskRuns
[NX v22.3.3 Daemon Server] - 2026-01-14T13:42:23.042Z - Handled json message RECORD_TASK_RUNS. Handling time: 1. Response time: 0.
[NX v22.3.3 Daemon Server] - 2026-01-14T13:42:23.042Z - Received raw message of length 169
[NX v22.3.3 Daemon Server] - 2026-01-14T13:42:23.042Z - Received json message of type GET_FLAKY_TASKS
[NX v22.3.3 Daemon Server] - 2026-01-14T13:42:23.042Z - Serializing response for GET_FLAKY_TASKS message in json mode
[NX v22.3.3 Daemon Server] - 2026-01-14T13:42:23.042Z - Responding to GET_FLAKY_TASKS message
[NX v22.3.3 Daemon Server] - 2026-01-14T13:42:23.042Z - [REQUEST]: Responding to the client. handleGetFlakyTasks
[NX v22.3.3 Daemon Server] - 2026-01-14T13:42:23.042Z - Done responding to the client handleGetFlakyTasks
[NX v22.3.3 Daemon Server] - 2026-01-14T13:42:23.042Z - Handled json message GET_FLAKY_TASKS. Handling time: 0. Response time: 0.
[NX v22.3.3 Daemon Server] - 2026-01-14T13:42:26.200Z - Received raw message of length 257730
[NX v22.3.3 Daemon Server] - 2026-01-14T13:42:26.201Z - Received json message of type POST_TASKS_EXECUTION
[NX v22.3.3 Daemon Server] - 2026-01-14T13:42:26.201Z - Serializing response for POST_TASKS_EXECUTION message in json mode
[NX v22.3.3 Daemon Server] - 2026-01-14T13:42:26.201Z - Responding to POST_TASKS_EXECUTION message
[NX v22.3.3 Daemon Server] - 2026-01-14T13:42:26.201Z - [REQUEST]: Responding to the client. handleRunPostTasksExecution
[NX v22.3.3 Daemon Server] - 2026-01-14T13:42:26.201Z - Done responding to the client handleRunPostTasksExecution
[NX v22.3.3 Daemon Server] - 2026-01-14T13:42:26.201Z - Handled json message POST_TASKS_EXECUTION. Handling time: 0. Response time: 0.
[NX v22.3.3 Daemon Server] - 2026-01-14T13:42:26.201Z - Time taken for 'postTasksExecution' 0.08279200000106357ms
[NX v22.3.3 Daemon Server] - 2026-01-14T13:42:26.206Z - Closed a connection. Number of open connections: 1
[NX v22.3.3 Daemon Server] - 2026-01-14T13:42:39.177Z - [WATCHER]: package.json was modified
[NX v22.3.3 Daemon Server] - 2026-01-14T13:42:39.177Z - [SYNC]: clearing sync generators cache due to file changes
[NX v22.3.3 Daemon Server] - 2026-01-14T13:42:39.177Z - [WATCHER]: Processing file changes in outputs
[NX v22.3.3 Daemon Server] - 2026-01-14T13:42:39.281Z - [REQUEST]: Updated workspace context based on watched changes, recomputing project graph...
[NX v22.3.3 Daemon Server] - 2026-01-14T13:42:39.281Z - [REQUEST]: package.json
[NX v22.3.3 Daemon Server] - 2026-01-14T13:42:39.281Z - [REQUEST]: 
[NX v22.3.3 Daemon Server] - 2026-01-14T13:42:39.284Z - Time taken for 'hash changed files from watcher' 1.3909579999890411ms
Time for 'nx/core/project-json:createNodes' 0.9821669999946607
Time for 'nx/core/package-json:createNodes' 2.078250000005937
Time for 'nx/js/dependencies-and-lockfile:createNodes' 8.172166999996989
[NX v22.3.3 Daemon Server] - 2026-01-14T13:42:39.307Z - Time taken for 'build-project-configs' 14.514334000006784ms
Time for 'build typescript dependencies' 0.01991699999780394
[NX v22.3.3 Daemon Server] - 2026-01-14T13:42:39.326Z - [SYNC]: collect registered sync generators
[NX v22.3.3 Daemon Server] - 2026-01-14T13:42:39.326Z - [SYNC]: project graph hash is the same, not collecting task sync generators
[NX v22.3.3 Daemon Server] - 2026-01-14T13:42:39.326Z - [SYNC]: nx.json hash is the same, not collecting global sync generators
[NX v22.3.3 Daemon Server] - 2026-01-14T13:42:39.327Z - Time taken for 'total execution time for createProjectGraph()' 23.382832999996026ms
[NX v22.3.3 Daemon Server] - 2026-01-14T13:42:51.684Z - [WATCHER]: Processing file changes in outputs
[NX v22.3.3 Daemon Server] - 2026-01-14T13:42:51.686Z - Closed a connection. Number of open connections: 0
[NX v22.3.3 Daemon Server] - 2026-01-14T13:42:51.686Z - [WATCHER]: Stopping the watcher for /Users/oliverschiessl/WebstormProjects/ngx-chat-new/ngx-chat (sources)
[NX v22.3.3 Daemon Server] - 2026-01-14T13:42:51.686Z - [WATCHER]: Stopping the watcher for /Users/oliverschiessl/WebstormProjects/ngx-chat-new/ngx-chat (outputs)
[NX v22.3.3 Daemon Server] - 2026-01-14T13:42:51.687Z - [NX-CONSOLE]: Cleaning up latest Nx installation from /var/folders/3z/kpp6yp0x5dl0swhvz6zjq1fm0000gn/T/tmp-28698-W4Q4RTeWG72B
[NX v22.3.3 Daemon Server] - 2026-01-14T13:42:51.687Z - Server stopped because: "LOCK_FILES_CHANGED"
[NX v22.3.3 Daemon Server] - 2026-01-14T13:43:04.760Z - Started listening on: /var/folders/3z/kpp6yp0x5dl0swhvz6zjq1fm0000gn/T/8d8cd24a6861d8e382fe/d.sock
[NX v22.3.3 Daemon Server] - 2026-01-14T13:43:04.762Z - [WATCHER]: Subscribed to changes within: /Users/oliverschiessl/WebstormProjects/ngx-chat-new/ngx-chat (native)
[NX v22.3.3 Daemon Server] - 2026-01-14T13:43:04.762Z - [NX-CONSOLE]: Pulling latest Nx (latest) to check console status...
Fetching nx...
[NX v22.3.3 Daemon Server] - 2026-01-14T13:43:04.855Z - [WATCHER]: Processing file changes in outputs
[NX v22.3.3 Daemon Server] - 2026-01-14T13:43:04.855Z - Established a connection. Number of open connections: 1
[NX v22.3.3 Daemon Server] - 2026-01-14T13:43:04.856Z - Established a connection. Number of open connections: 2
[NX v22.3.3 Daemon Server] - 2026-01-14T13:43:04.857Z - Closed a connection. Number of open connections: 1
[NX v22.3.3 Daemon Server] - 2026-01-14T13:43:04.857Z - Received raw message of length 32
[NX v22.3.3 Daemon Server] - 2026-01-14T13:43:04.858Z - Received json message of type GET_NX_CONSOLE_STATUS
[NX v22.3.3 Daemon Server] - 2026-01-14T13:43:04.858Z - Serializing response for GET_NX_CONSOLE_STATUS message in json mode
[NX v22.3.3 Daemon Server] - 2026-01-14T13:43:04.858Z - Responding to GET_NX_CONSOLE_STATUS message
[NX v22.3.3 Daemon Server] - 2026-01-14T13:43:04.858Z - [REQUEST]: Responding to the client. handleGetNxConsoleStatus
[NX v22.3.3 Daemon Server] - 2026-01-14T13:43:04.858Z - Done responding to the client handleGetNxConsoleStatus
[NX v22.3.3 Daemon Server] - 2026-01-14T13:43:04.858Z - Handled json message GET_NX_CONSOLE_STATUS. Handling time: 0. Response time: 0.
[NX v22.3.3 Daemon Server] - 2026-01-14T13:43:04.865Z - Time taken for 'loadSpecifiedNxPlugins' 1.1995419999999797ms
[NX v22.3.3 Daemon Server] - 2026-01-14T13:43:04.891Z - Received raw message of length 32
[NX v22.3.3 Daemon Server] - 2026-01-14T13:43:04.892Z - Received json message of type REQUEST_PROJECT_GRAPH
[NX v22.3.3 Daemon Server] - 2026-01-14T13:43:04.892Z - [REQUEST]: Client Request for Project Graph Received
Time for 'plugin worker 29983 code loading' 3.451334000000001
Time for 'plugin worker 29982 code loading' 2.77125
Time for 'plugin worker 29984 code loading' 3.3492499999999996
[NX v22.3.3 Daemon Server] - 2026-01-14T13:43:04.988Z - Time taken for 'Load Nx Plugin: /Users/oliverschiessl/WebstormProjects/ngx-chat-new/ngx-chat/node_modules/nx/src/plugins/project-json/build-nodes/project-json' 123.982709ms
[NX v22.3.3 Daemon Server] - 2026-01-14T13:43:04.989Z - Time taken for 'Load Nx Plugin: /Users/oliverschiessl/WebstormProjects/ngx-chat-new/ngx-chat/node_modules/nx/src/plugins/package-json' 125.38362500000002ms
[NX v22.3.3 Daemon Server] - 2026-01-14T13:43:04.999Z - [REQUEST]: Updated workspace context based on watched changes, recomputing project graph...
[NX v22.3.3 Daemon Server] - 2026-01-14T13:43:04.999Z - [REQUEST]: 
[NX v22.3.3 Daemon Server] - 2026-01-14T13:43:04.999Z - [REQUEST]: 
[NX v22.3.3 Daemon Server] - 2026-01-14T13:43:05.001Z - Reusing in-memory cached project graph because no files changed.
[NX v22.3.3 Daemon Server] - 2026-01-14T13:43:05.005Z - Time taken for 'loadDefaultNxPlugins' 134.67458299999998ms
Time for 'nx/core/project-json:createNodes' 1.8037080000000003
Time for 'nx/core/package-json:createNodes' 3.450917000000004
Time for 'nx/js/dependencies-and-lockfile:createNodes' 16.688540999999987
[NX v22.3.3 Daemon Server] - 2026-01-14T13:43:05.061Z - Time taken for 'build-project-configs' 39.297082999999986ms
Time for 'build typescript dependencies' 42.79050000000001
[NX v22.3.3 Daemon Server] - 2026-01-14T13:43:05.157Z - [SYNC]: collect registered sync generators
[NX v22.3.3 Daemon Server] - 2026-01-14T13:43:05.163Z - Wrote project graph cache to /Users/oliverschiessl/WebstormProjects/ngx-chat-new/ngx-chat/.nx/workspace-data/project-graph.json
[NX v22.3.3 Daemon Server] - 2026-01-14T13:43:05.163Z - Serializing response for REQUEST_PROJECT_GRAPH message in json mode
[NX v22.3.3 Daemon Server] - 2026-01-14T13:43:05.163Z - Responding to REQUEST_PROJECT_GRAPH message
[NX v22.3.3 Daemon Server] - 2026-01-14T13:43:05.163Z - [REQUEST]: Responding to the client. project-graph
[NX v22.3.3 Daemon Server] - 2026-01-14T13:43:05.163Z - Time taken for 'total for creating and serializing project graph' 271.309625ms
[NX v22.3.3 Daemon Server] - 2026-01-14T13:43:05.165Z - Done responding to the client project-graph
[NX v22.3.3 Daemon Server] - 2026-01-14T13:43:05.165Z - Handled json message REQUEST_PROJECT_GRAPH. Handling time: 271. Response time: 2.
[NX v22.3.3 Daemon Server] - 2026-01-14T13:43:05.171Z - Received raw message of length 1236
[NX v22.3.3 Daemon Server] - 2026-01-14T13:43:05.171Z - Received json message of type PRE_TASKS_EXECUTION
[NX v22.3.3 Daemon Server] - 2026-01-14T13:43:05.171Z - Serializing response for PRE_TASKS_EXECUTION message in json mode
[NX v22.3.3 Daemon Server] - 2026-01-14T13:43:05.171Z - Responding to PRE_TASKS_EXECUTION message
[NX v22.3.3 Daemon Server] - 2026-01-14T13:43:05.171Z - [REQUEST]: Responding to the client. handleRunPreTasksExecution
[NX v22.3.3 Daemon Server] - 2026-01-14T13:43:05.172Z - Done responding to the client handleRunPreTasksExecution
[NX v22.3.3 Daemon Server] - 2026-01-14T13:43:05.172Z - Handled json message PRE_TASKS_EXECUTION. Handling time: 0. Response time: 1.
[NX v22.3.3 Daemon Server] - 2026-01-14T13:43:05.172Z - Time taken for 'preTasksExecution' 0.31195900000000165ms
[NX v22.3.3 Daemon Server] - 2026-01-14T13:43:05.290Z - Received raw message of length 8358
[NX v22.3.3 Daemon Server] - 2026-01-14T13:43:05.291Z - Received json message of type HASH_TASKS
[NX v22.3.3 Daemon Server] - 2026-01-14T13:43:05.291Z - Reusing in-memory cached project graph because no files changed.
[NX v22.3.3 Daemon Server] - 2026-01-14T13:43:05.298Z - Wrote project graph cache to /Users/oliverschiessl/WebstormProjects/ngx-chat-new/ngx-chat/.nx/workspace-data/project-graph.json
DEBUG nx::native::tasks::hash_planner: get_plans_internal COMPLETED in 4.45575ms - processed 6 tasks (setup: 3.486584ms, parallel_planning: 966.834µs)
DEBUG nx::native::tasks::hashers::hash_workspace_files: Hashing workspace fileset{cache_key="nx.json,.gitignore,.nxignore"}: Adding "6921474174629748121" (".gitignore") to hash
DEBUG nx::native::tasks::hashers::hash_workspace_files: Hashing workspace fileset{cache_key="nx.json,.gitignore,.nxignore"}: Adding "11090693485628831218" ("nx.json") to hash
DEBUG nx::native::tasks::hashers::hash_workspace_files: Hashing workspace fileset{cache_key="nx.json,.gitignore,.nxignore"}: Hash Value: "5861842607570332289"
DEBUG nx::native::tasks::task_hasher: hash_plans COMPLETED in 12.584167ms - processed 6 plans (setup: 595.959µs, hashing: 11.986875ms, assembly: 5.115375ms)
[NX v22.3.3 Daemon Server] - 2026-01-14T13:43:05.325Z - Serializing response for HASH_TASKS message in json mode
[NX v22.3.3 Daemon Server] - 2026-01-14T13:43:05.325Z - Responding to HASH_TASKS message
[NX v22.3.3 Daemon Server] - 2026-01-14T13:43:05.325Z - [REQUEST]: Responding to the client. handleHashTasks
[NX v22.3.3 Daemon Server] - 2026-01-14T13:43:05.326Z - Time taken for 'write cache' 7.218166999999994ms
[NX v22.3.3 Daemon Server] - 2026-01-14T13:43:05.326Z - Done responding to the client handleHashTasks
[NX v22.3.3 Daemon Server] - 2026-01-14T13:43:05.326Z - Handled json message HASH_TASKS. Handling time: 34. Response time: 1.
[NX v22.3.3 Daemon Server] - 2026-01-14T13:43:05.413Z - Received raw message of length 389
[NX v22.3.3 Daemon Server] - 2026-01-14T13:43:05.413Z - Received json message of type GET_ESTIMATED_TASK_TIMINGS
[NX v22.3.3 Daemon Server] - 2026-01-14T13:43:05.432Z - Serializing response for GET_ESTIMATED_TASK_TIMINGS message in json mode
[NX v22.3.3 Daemon Server] - 2026-01-14T13:43:05.432Z - Responding to GET_ESTIMATED_TASK_TIMINGS message
[NX v22.3.3 Daemon Server] - 2026-01-14T13:43:05.432Z - [REQUEST]: Responding to the client. handleGetEstimatedTaskTimings
[NX v22.3.3 Daemon Server] - 2026-01-14T13:43:05.433Z - Done responding to the client handleGetEstimatedTaskTimings
[NX v22.3.3 Daemon Server] - 2026-01-14T13:43:05.433Z - Handled json message GET_ESTIMATED_TASK_TIMINGS. Handling time: 19. Response time: 1.
[NX v22.3.3 Daemon Server] - 2026-01-14T13:43:05.928Z - [WATCHER]: Processing file changes in outputs
[NX v22.3.3 Daemon Server] - 2026-01-14T13:43:05.986Z - [WATCHER]: Processing file changes in outputs
[NX v22.3.3 Daemon Server] - 2026-01-14T13:43:06.743Z - [WATCHER]: Processing file changes in outputs
[NX v22.3.3 Daemon Server] - 2026-01-14T13:43:06.799Z - [WATCHER]: Processing file changes in outputs
[NX v22.3.3 Daemon Server] - 2026-01-14T13:43:06.824Z - Received raw message of length 106
[NX v22.3.3 Daemon Server] - 2026-01-14T13:43:06.824Z - Received json message of type RECORD_OUTPUTS_HASH
[NX v22.3.3 Daemon Server] - 2026-01-14T13:43:06.830Z - Serializing response for RECORD_OUTPUTS_HASH message in json mode
[NX v22.3.3 Daemon Server] - 2026-01-14T13:43:06.830Z - Responding to RECORD_OUTPUTS_HASH message
[NX v22.3.3 Daemon Server] - 2026-01-14T13:43:06.830Z - [REQUEST]: Responding to the client. recordOutputsHash
[NX v22.3.3 Daemon Server] - 2026-01-14T13:43:06.830Z - Done responding to the client recordOutputsHash
[NX v22.3.3 Daemon Server] - 2026-01-14T13:43:06.830Z - Handled json message RECORD_OUTPUTS_HASH. Handling time: 6. Response time: 0.
[NX v22.3.3 Daemon Server] - 2026-01-14T13:43:06.853Z - [WATCHER]: Processing file changes in outputs
[NX v22.3.3 Daemon Server] - 2026-01-14T13:43:06.906Z - [WATCHER]: Processing file changes in outputs
[NX v22.3.3 Daemon Server] - 2026-01-14T13:43:07.028Z - [NX-CONSOLE]: Successfully pulled latest Nx to /var/folders/3z/kpp6yp0x5dl0swhvz6zjq1fm0000gn/T/tmp-29979-2D7cTvPGwFxv
[NX v22.3.3 Daemon Server] - 2026-01-14T13:43:07.087Z - [NX-CONSOLE]: Using local implementation (NX_USE_LOCAL=true or inner call)
DEBUG nx::native::ide::preferences: Loaded console preferences: NxConsolePreferences { auto_install_console: Some(false), path: "/Users/oliverschiessl/.config/nx/ide.json" }
DEBUG nx::native::ide::install: Detected editor: VSCode
DEBUG nx::native::ide::install: Checking if Nx Console extension is installed with: code --list-extensions
DEBUG nx::native::ide::install: Command 'code' not found, cannot check extension status
[NX v22.3.3 Daemon Server] - 2026-01-14T13:43:07.092Z - [NX-CONSOLE]: Console status check completed, shouldPrompt: false
[NX v22.3.3 Daemon Server] - 2026-01-14T13:43:07.096Z - [WATCHER]: Processing file changes in outputs
[NX v22.3.3 Daemon Server] - 2026-01-14T13:43:07.147Z - [WATCHER]: Processing file changes in outputs
[NX v22.3.3 Daemon Server] - 2026-01-14T13:43:07.185Z - Received raw message of length 103
[NX v22.3.3 Daemon Server] - 2026-01-14T13:43:07.185Z - Received json message of type RECORD_OUTPUTS_HASH
[NX v22.3.3 Daemon Server] - 2026-01-14T13:43:07.190Z - Serializing response for RECORD_OUTPUTS_HASH message in json mode
[NX v22.3.3 Daemon Server] - 2026-01-14T13:43:07.190Z - Responding to RECORD_OUTPUTS_HASH message
[NX v22.3.3 Daemon Server] - 2026-01-14T13:43:07.190Z - [REQUEST]: Responding to the client. recordOutputsHash
[NX v22.3.3 Daemon Server] - 2026-01-14T13:43:07.190Z - Done responding to the client recordOutputsHash
[NX v22.3.3 Daemon Server] - 2026-01-14T13:43:07.190Z - Handled json message RECORD_OUTPUTS_HASH. Handling time: 5. Response time: 0.
[NX v22.3.3 Daemon Server] - 2026-01-14T13:43:07.198Z - [WATCHER]: Processing file changes in outputs
[NX v22.3.3 Daemon Server] - 2026-01-14T13:43:07.261Z - [WATCHER]: Processing file changes in outputs
[NX v22.3.3 Daemon Server] - 2026-01-14T13:43:07.621Z - [WATCHER]: Processing file changes in outputs
[NX v22.3.3 Daemon Server] - 2026-01-14T13:43:07.675Z - [WATCHER]: Processing file changes in outputs
[NX v22.3.3 Daemon Server] - 2026-01-14T13:43:08.881Z - [WATCHER]: Processing file changes in outputs
[NX v22.3.3 Daemon Server] - 2026-01-14T13:43:08.933Z - [WATCHER]: Processing file changes in outputs
[NX v22.3.3 Daemon Server] - 2026-01-14T13:43:08.978Z - Received raw message of length 106
[NX v22.3.3 Daemon Server] - 2026-01-14T13:43:08.979Z - Received json message of type RECORD_OUTPUTS_HASH
[NX v22.3.3 Daemon Server] - 2026-01-14T13:43:08.983Z - Serializing response for RECORD_OUTPUTS_HASH message in json mode
[NX v22.3.3 Daemon Server] - 2026-01-14T13:43:08.984Z - Responding to RECORD_OUTPUTS_HASH message
[NX v22.3.3 Daemon Server] - 2026-01-14T13:43:08.984Z - [REQUEST]: Responding to the client. recordOutputsHash
[NX v22.3.3 Daemon Server] - 2026-01-14T13:43:08.984Z - Done responding to the client recordOutputsHash
[NX v22.3.3 Daemon Server] - 2026-01-14T13:43:08.984Z - Handled json message RECORD_OUTPUTS_HASH. Handling time: 4. Response time: 1.
[NX v22.3.3 Daemon Server] - 2026-01-14T13:43:08.989Z - [WATCHER]: Processing file changes in outputs
[NX v22.3.3 Daemon Server] - 2026-01-14T13:43:09.051Z - [WATCHER]: Processing file changes in outputs
[NX v22.3.3 Daemon Server] - 2026-01-14T13:43:09.596Z - [WATCHER]: Processing file changes in outputs
[NX v22.3.3 Daemon Server] - 2026-01-14T13:43:09.865Z - [WATCHER]: Processing file changes in outputs
[NX v22.3.3 Daemon Server] - 2026-01-14T13:43:10.691Z - [WATCHER]: Processing file changes in outputs
[NX v22.3.3 Daemon Server] - 2026-01-14T13:43:10.697Z - Received raw message of length 101
[NX v22.3.3 Daemon Server] - 2026-01-14T13:43:10.697Z - Received json message of type RECORD_OUTPUTS_HASH
[NX v22.3.3 Daemon Server] - 2026-01-14T13:43:10.700Z - Serializing response for RECORD_OUTPUTS_HASH message in json mode
[NX v22.3.3 Daemon Server] - 2026-01-14T13:43:10.700Z - Responding to RECORD_OUTPUTS_HASH message
[NX v22.3.3 Daemon Server] - 2026-01-14T13:43:10.700Z - [REQUEST]: Responding to the client. recordOutputsHash
[NX v22.3.3 Daemon Server] - 2026-01-14T13:43:10.700Z - Done responding to the client recordOutputsHash
[NX v22.3.3 Daemon Server] - 2026-01-14T13:43:10.700Z - Handled json message RECORD_OUTPUTS_HASH. Handling time: 3. Response time: 0.
[NX v22.3.3 Daemon Server] - 2026-01-14T13:43:10.755Z - [WATCHER]: Processing file changes in outputs
[NX v22.3.3 Daemon Server] - 2026-01-14T13:43:11.202Z - [WATCHER]: Processing file changes in outputs
[NX v22.3.3 Daemon Server] - 2026-01-14T13:43:11.427Z - [WATCHER]: Processing file changes in outputs
[NX v22.3.3 Daemon Server] - 2026-01-14T13:43:12.986Z - [WATCHER]: Processing file changes in outputs
[NX v22.3.3 Daemon Server] - 2026-01-14T13:43:13.036Z - [WATCHER]: Processing file changes in outputs
[NX v22.3.3 Daemon Server] - 2026-01-14T13:43:13.088Z - [WATCHER]: Processing file changes in outputs
[NX v22.3.3 Daemon Server] - 2026-01-14T13:43:13.128Z - Received raw message of length 101
[NX v22.3.3 Daemon Server] - 2026-01-14T13:43:13.128Z - Received json message of type RECORD_OUTPUTS_HASH
[NX v22.3.3 Daemon Server] - 2026-01-14T13:43:13.132Z - Serializing response for RECORD_OUTPUTS_HASH message in json mode
[NX v22.3.3 Daemon Server] - 2026-01-14T13:43:13.132Z - Responding to RECORD_OUTPUTS_HASH message
[NX v22.3.3 Daemon Server] - 2026-01-14T13:43:13.132Z - [REQUEST]: Responding to the client. recordOutputsHash
[NX v22.3.3 Daemon Server] - 2026-01-14T13:43:13.132Z - Done responding to the client recordOutputsHash
[NX v22.3.3 Daemon Server] - 2026-01-14T13:43:13.132Z - Handled json message RECORD_OUTPUTS_HASH. Handling time: 4. Response time: 0.
[NX v22.3.3 Daemon Server] - 2026-01-14T13:43:13.140Z - [WATCHER]: Processing file changes in outputs
[NX v22.3.3 Daemon Server] - 2026-01-14T13:43:13.200Z - [WATCHER]: Processing file changes in outputs
[NX v22.3.3 Daemon Server] - 2026-01-14T13:43:13.672Z - Established a connection. Number of open connections: 2
[NX v22.3.3 Daemon Server] - 2026-01-14T13:43:13.672Z - Closed a connection. Number of open connections: 1
[NX v22.3.3 Daemon Server] - 2026-01-14T13:43:13.673Z - Established a connection. Number of open connections: 2
[NX v22.3.3 Daemon Server] - 2026-01-14T13:43:13.681Z - Received raw message of length 32
[NX v22.3.3 Daemon Server] - 2026-01-14T13:43:13.681Z - Received json message of type REQUEST_PROJECT_GRAPH
[NX v22.3.3 Daemon Server] - 2026-01-14T13:43:13.681Z - [REQUEST]: Client Request for Project Graph Received
[NX v22.3.3 Daemon Server] - 2026-01-14T13:43:13.681Z - Reusing in-memory cached project graph because no files changed.
[NX v22.3.3 Daemon Server] - 2026-01-14T13:43:13.687Z - Wrote project graph cache to /Users/oliverschiessl/WebstormProjects/ngx-chat-new/ngx-chat/.nx/workspace-data/project-graph.json
[NX v22.3.3 Daemon Server] - 2026-01-14T13:43:13.687Z - Serializing response for REQUEST_PROJECT_GRAPH message in json mode
[NX v22.3.3 Daemon Server] - 2026-01-14T13:43:13.687Z - Responding to REQUEST_PROJECT_GRAPH message
[NX v22.3.3 Daemon Server] - 2026-01-14T13:43:13.687Z - [REQUEST]: Responding to the client. project-graph
[NX v22.3.3 Daemon Server] - 2026-01-14T13:43:13.687Z - Time taken for 'total for creating and serializing project graph' 6.038749999999709ms
[NX v22.3.3 Daemon Server] - 2026-01-14T13:43:13.690Z - Done responding to the client project-graph
[NX v22.3.3 Daemon Server] - 2026-01-14T13:43:13.690Z - Handled json message REQUEST_PROJECT_GRAPH. Handling time: 6. Response time: 3.
[NX v22.3.3 Daemon Server] - 2026-01-14T13:43:13.992Z - [WATCHER]: Processing file changes in outputs
[NX v22.3.3 Daemon Server] - 2026-01-14T13:43:14.043Z - [WATCHER]: Processing file changes in outputs
[NX v22.3.3 Daemon Server] - 2026-01-14T13:43:16.569Z - [WATCHER]: Processing file changes in outputs
[NX v22.3.3 Daemon Server] - 2026-01-14T13:43:16.624Z - [WATCHER]: Processing file changes in outputs
[NX v22.3.3 Daemon Server] - 2026-01-14T13:43:16.678Z - [WATCHER]: Processing file changes in outputs
[NX v22.3.3 Daemon Server] - 2026-01-14T13:43:16.747Z - [WATCHER]: Processing file changes in outputs
[NX v22.3.3 Daemon Server] - 2026-01-14T13:43:16.810Z - [WATCHER]: Processing file changes in outputs
[NX v22.3.3 Daemon Server] - 2026-01-14T13:43:16.885Z - [WATCHER]: Processing file changes in outputs
[NX v22.3.3 Daemon Server] - 2026-01-14T13:43:17.537Z - [WATCHER]: Processing file changes in outputs
[NX v22.3.3 Daemon Server] - 2026-01-14T13:43:17.593Z - [WATCHER]: Processing file changes in outputs
[NX v22.3.3 Daemon Server] - 2026-01-14T13:43:17.760Z - [WATCHER]: Processing file changes in outputs
[NX v22.3.3 Daemon Server] - 2026-01-14T13:43:17.823Z - [WATCHER]: Processing file changes in outputs
[NX v22.3.3 Daemon Server] - 2026-01-14T13:43:17.911Z - [WATCHER]: Processing file changes in outputs
[NX v22.3.3 Daemon Server] - 2026-01-14T13:43:17.971Z - [WATCHER]: Processing file changes in outputs
[NX v22.3.3 Daemon Server] - 2026-01-14T13:43:18.104Z - [WATCHER]: Processing file changes in outputs
[NX v22.3.3 Daemon Server] - 2026-01-14T13:43:18.658Z - [WATCHER]: Processing file changes in outputs
[NX v22.3.3 Daemon Server] - 2026-01-14T13:43:18.718Z - [WATCHER]: Processing file changes in outputs
[NX v22.3.3 Daemon Server] - 2026-01-14T13:43:18.920Z - [WATCHER]: Processing file changes in outputs
[NX v22.3.3 Daemon Server] - 2026-01-14T13:43:19.014Z - [WATCHER]: Processing file changes in outputs
[NX v22.3.3 Daemon Server] - 2026-01-14T13:43:19.090Z - [WATCHER]: Processing file changes in outputs
[NX v22.3.3 Daemon Server] - 2026-01-14T13:43:19.170Z - [WATCHER]: Processing file changes in outputs
[NX v22.3.3 Daemon Server] - 2026-01-14T13:43:19.281Z - [WATCHER]: Processing file changes in outputs
[NX v22.3.3 Daemon Server] - 2026-01-14T13:43:19.339Z - [WATCHER]: Processing file changes in outputs
[NX v22.3.3 Daemon Server] - 2026-01-14T13:43:19.395Z - [WATCHER]: Processing file changes in outputs
[NX v22.3.3 Daemon Server] - 2026-01-14T13:43:19.502Z - [WATCHER]: Processing file changes in outputs
[NX v22.3.3 Daemon Server] - 2026-01-14T13:43:19.554Z - [WATCHER]: Processing file changes in outputs
[NX v22.3.3 Daemon Server] - 2026-01-14T13:43:19.620Z - [WATCHER]: Processing file changes in outputs
[NX v22.3.3 Daemon Server] - 2026-01-14T13:43:19.680Z - [WATCHER]: Processing file changes in outputs
[NX v22.3.3 Daemon Server] - 2026-01-14T13:43:19.744Z - [WATCHER]: Processing file changes in outputs
[NX v22.3.3 Daemon Server] - 2026-01-14T13:43:19.863Z - [WATCHER]: Processing file changes in outputs
[NX v22.3.3 Daemon Server] - 2026-01-14T13:43:19.923Z - [WATCHER]: Processing file changes in outputs
[NX v22.3.3 Daemon Server] - 2026-01-14T13:43:19.977Z - [WATCHER]: Processing file changes in outputs
[NX v22.3.3 Daemon Server] - 2026-01-14T13:43:20.034Z - [WATCHER]: Processing file changes in outputs
[NX v22.3.3 Daemon Server] - 2026-01-14T13:43:20.090Z - [WATCHER]: Processing file changes in outputs
[NX v22.3.3 Daemon Server] - 2026-01-14T13:43:20.145Z - [WATCHER]: Processing file changes in outputs
[NX v22.3.3 Daemon Server] - 2026-01-14T13:43:20.201Z - [WATCHER]: Processing file changes in outputs
[NX v22.3.3 Daemon Server] - 2026-01-14T13:43:20.253Z - [WATCHER]: Processing file changes in outputs
[NX v22.3.3 Daemon Server] - 2026-01-14T13:43:20.334Z - [WATCHER]: Processing file changes in outputs
[NX v22.3.3 Daemon Server] - 2026-01-14T13:43:20.386Z - [WATCHER]: Processing file changes in outputs
[NX v22.3.3 Daemon Server] - 2026-01-14T13:43:20.444Z - [WATCHER]: Processing file changes in outputs
[NX v22.3.3 Daemon Server] - 2026-01-14T13:43:20.499Z - [WATCHER]: Processing file changes in outputs
[NX v22.3.3 Daemon Server] - 2026-01-14T13:43:20.552Z - [WATCHER]: Processing file changes in outputs
[NX v22.3.3 Daemon Server] - 2026-01-14T13:43:20.607Z - [WATCHER]: Processing file changes in outputs
[NX v22.3.3 Daemon Server] - 2026-01-14T13:43:20.686Z - [WATCHER]: Processing file changes in outputs
[NX v22.3.3 Daemon Server] - 2026-01-14T13:43:20.743Z - [WATCHER]: Processing file changes in outputs
[NX v22.3.3 Daemon Server] - 2026-01-14T13:43:20.795Z - [WATCHER]: Processing file changes in outputs
[NX v22.3.3 Daemon Server] - 2026-01-14T13:43:20.847Z - [WATCHER]: Processing file changes in outputs
[NX v22.3.3 Daemon Server] - 2026-01-14T13:43:20.905Z - [WATCHER]: Processing file changes in outputs
[NX v22.3.3 Daemon Server] - 2026-01-14T13:43:20.961Z - [WATCHER]: Processing file changes in outputs
[NX v22.3.3 Daemon Server] - 2026-01-14T13:43:21.024Z - [WATCHER]: Processing file changes in outputs
[NX v22.3.3 Daemon Server] - 2026-01-14T13:43:21.086Z - [WATCHER]: Processing file changes in outputs
[NX v22.3.3 Daemon Server] - 2026-01-14T13:43:21.139Z - [WATCHER]: Processing file changes in outputs
[NX v22.3.3 Daemon Server] - 2026-01-14T13:43:21.240Z - [WATCHER]: Processing file changes in outputs
[NX v22.3.3 Daemon Server] - 2026-01-14T13:43:21.300Z - [WATCHER]: Processing file changes in outputs
[NX v22.3.3 Daemon Server] - 2026-01-14T13:43:21.361Z - [WATCHER]: Processing file changes in outputs
[NX v22.3.3 Daemon Server] - 2026-01-14T13:43:21.433Z - [WATCHER]: Processing file changes in outputs
[NX v22.3.3 Daemon Server] - 2026-01-14T13:43:21.503Z - [WATCHER]: Processing file changes in outputs
[NX v22.3.3 Daemon Server] - 2026-01-14T13:43:21.572Z - [WATCHER]: Processing file changes in outputs
[NX v22.3.3 Daemon Server] - 2026-01-14T13:43:21.629Z - [WATCHER]: Processing file changes in outputs
[NX v22.3.3 Daemon Server] - 2026-01-14T13:43:21.683Z - [WATCHER]: Processing file changes in outputs
[NX v22.3.3 Daemon Server] - 2026-01-14T13:43:21.745Z - [WATCHER]: Processing file changes in outputs
[NX v22.3.3 Daemon Server] - 2026-01-14T13:43:26.793Z - [WATCHER]: Processing file changes in outputs
[NX v22.3.3 Daemon Server] - 2026-01-14T13:43:26.800Z - Closed a connection. Number of open connections: 1
[NX v22.3.3 Daemon Server] - 2026-01-14T13:43:26.805Z - Received raw message of length 101
[NX v22.3.3 Daemon Server] - 2026-01-14T13:43:26.805Z - Received json message of type RECORD_OUTPUTS_HASH
[NX v22.3.3 Daemon Server] - 2026-01-14T13:43:26.805Z - Serializing response for RECORD_OUTPUTS_HASH message in json mode
[NX v22.3.3 Daemon Server] - 2026-01-14T13:43:26.805Z - Responding to RECORD_OUTPUTS_HASH message
[NX v22.3.3 Daemon Server] - 2026-01-14T13:43:26.805Z - [REQUEST]: Responding to the client. recordOutputsHash
[NX v22.3.3 Daemon Server] - 2026-01-14T13:43:26.805Z - Done responding to the client recordOutputsHash
[NX v22.3.3 Daemon Server] - 2026-01-14T13:43:26.805Z - Handled json message RECORD_OUTPUTS_HASH. Handling time: 0. Response time: 0.
[NX v22.3.3 Daemon Server] - 2026-01-14T13:43:26.807Z - Received raw message of length 1039
[NX v22.3.3 Daemon Server] - 2026-01-14T13:43:26.807Z - Received json message of type RECORD_TASK_RUNS
[NX v22.3.3 Daemon Server] - 2026-01-14T13:43:26.807Z - Serializing response for RECORD_TASK_RUNS message in json mode
[NX v22.3.3 Daemon Server] - 2026-01-14T13:43:26.807Z - Responding to RECORD_TASK_RUNS message
[NX v22.3.3 Daemon Server] - 2026-01-14T13:43:26.807Z - [REQUEST]: Responding to the client. handleRecordTaskRuns
[NX v22.3.3 Daemon Server] - 2026-01-14T13:43:26.807Z - Done responding to the client handleRecordTaskRuns
[NX v22.3.3 Daemon Server] - 2026-01-14T13:43:26.807Z - Handled json message RECORD_TASK_RUNS. Handling time: 0. Response time: 0.
[NX v22.3.3 Daemon Server] - 2026-01-14T13:43:26.808Z - Received raw message of length 168
[NX v22.3.3 Daemon Server] - 2026-01-14T13:43:26.808Z - Received json message of type GET_FLAKY_TASKS
[NX v22.3.3 Daemon Server] - 2026-01-14T13:43:26.808Z - Serializing response for GET_FLAKY_TASKS message in json mode
[NX v22.3.3 Daemon Server] - 2026-01-14T13:43:26.808Z - Responding to GET_FLAKY_TASKS message
[NX v22.3.3 Daemon Server] - 2026-01-14T13:43:26.808Z - [REQUEST]: Responding to the client. handleGetFlakyTasks
[NX v22.3.3 Daemon Server] - 2026-01-14T13:43:26.808Z - Done responding to the client handleGetFlakyTasks
[NX v22.3.3 Daemon Server] - 2026-01-14T13:43:26.808Z - Handled json message GET_FLAKY_TASKS. Handling time: 0. Response time: 0.
[NX v22.3.3 Daemon Server] - 2026-01-14T13:43:29.959Z - Received raw message of length 295683
[NX v22.3.3 Daemon Server] - 2026-01-14T13:43:29.960Z - Received json message of type POST_TASKS_EXECUTION
[NX v22.3.3 Daemon Server] - 2026-01-14T13:43:29.961Z - Serializing response for POST_TASKS_EXECUTION message in json mode
[NX v22.3.3 Daemon Server] - 2026-01-14T13:43:29.961Z - Responding to POST_TASKS_EXECUTION message
[NX v22.3.3 Daemon Server] - 2026-01-14T13:43:29.961Z - [REQUEST]: Responding to the client. handleRunPostTasksExecution
[NX v22.3.3 Daemon Server] - 2026-01-14T13:43:29.961Z - Done responding to the client handleRunPostTasksExecution
[NX v22.3.3 Daemon Server] - 2026-01-14T13:43:29.961Z - Handled json message POST_TASKS_EXECUTION. Handling time: 1. Response time: 0.
[NX v22.3.3 Daemon Server] - 2026-01-14T13:43:29.961Z - Time taken for 'postTasksExecution' 0.1322920000020531ms
[NX v22.3.3 Daemon Server] - 2026-01-14T13:43:29.966Z - Closed a connection. Number of open connections: 0
[NX v22.3.3 Daemon Server] - 2026-01-14T13:43:42.804Z - Established a connection. Number of open connections: 1
[NX v22.3.3 Daemon Server] - 2026-01-14T13:43:42.804Z - Closed a connection. Number of open connections: 0
[NX v22.3.3 Daemon Server] - 2026-01-14T13:43:42.805Z - Established a connection. Number of open connections: 1
[NX v22.3.3 Daemon Server] - 2026-01-14T13:43:42.812Z - Received raw message of length 32
[NX v22.3.3 Daemon Server] - 2026-01-14T13:43:42.812Z - Received json message of type GET_NX_CONSOLE_STATUS
[NX v22.3.3 Daemon Server] - 2026-01-14T13:43:42.812Z - Serializing response for GET_NX_CONSOLE_STATUS message in json mode
[NX v22.3.3 Daemon Server] - 2026-01-14T13:43:42.812Z - Responding to GET_NX_CONSOLE_STATUS message
[NX v22.3.3 Daemon Server] - 2026-01-14T13:43:42.812Z - [REQUEST]: Responding to the client. handleGetNxConsoleStatus
[NX v22.3.3 Daemon Server] - 2026-01-14T13:43:42.812Z - Done responding to the client handleGetNxConsoleStatus
[NX v22.3.3 Daemon Server] - 2026-01-14T13:43:42.812Z - Handled json message GET_NX_CONSOLE_STATUS. Handling time: 0. Response time: 0.
[NX v22.3.3 Daemon Server] - 2026-01-14T13:43:42.890Z - Received raw message of length 32
[NX v22.3.3 Daemon Server] - 2026-01-14T13:43:42.890Z - Received json message of type REQUEST_PROJECT_GRAPH
[NX v22.3.3 Daemon Server] - 2026-01-14T13:43:42.890Z - [REQUEST]: Client Request for Project Graph Received
[NX v22.3.3 Daemon Server] - 2026-01-14T13:43:42.890Z - Reusing in-memory cached project graph because no files changed.
[NX v22.3.3 Daemon Server] - 2026-01-14T13:43:42.896Z - Wrote project graph cache to /Users/oliverschiessl/WebstormProjects/ngx-chat-new/ngx-chat/.nx/workspace-data/project-graph.json
[NX v22.3.3 Daemon Server] - 2026-01-14T13:43:42.896Z - Serializing response for REQUEST_PROJECT_GRAPH message in json mode
[NX v22.3.3 Daemon Server] - 2026-01-14T13:43:42.896Z - Responding to REQUEST_PROJECT_GRAPH message
[NX v22.3.3 Daemon Server] - 2026-01-14T13:43:42.896Z - [REQUEST]: Responding to the client. project-graph
[NX v22.3.3 Daemon Server] - 2026-01-14T13:43:42.897Z - Time taken for 'total for creating and serializing project graph' 6.1117080000040005ms
[NX v22.3.3 Daemon Server] - 2026-01-14T13:43:42.900Z - Done responding to the client project-graph
[NX v22.3.3 Daemon Server] - 2026-01-14T13:43:42.900Z - Handled json message REQUEST_PROJECT_GRAPH. Handling time: 6. Response time: 4.
[NX v22.3.3 Daemon Server] - 2026-01-14T13:43:42.907Z - Received raw message of length 1236
[NX v22.3.3 Daemon Server] - 2026-01-14T13:43:42.907Z - Received json message of type PRE_TASKS_EXECUTION
[NX v22.3.3 Daemon Server] - 2026-01-14T13:43:42.907Z - Serializing response for PRE_TASKS_EXECUTION message in json mode
[NX v22.3.3 Daemon Server] - 2026-01-14T13:43:42.907Z - Responding to PRE_TASKS_EXECUTION message
[NX v22.3.3 Daemon Server] - 2026-01-14T13:43:42.907Z - [REQUEST]: Responding to the client. handleRunPreTasksExecution
[NX v22.3.3 Daemon Server] - 2026-01-14T13:43:42.907Z - Done responding to the client handleRunPreTasksExecution
[NX v22.3.3 Daemon Server] - 2026-01-14T13:43:42.907Z - Handled json message PRE_TASKS_EXECUTION. Handling time: 0. Response time: 0.
[NX v22.3.3 Daemon Server] - 2026-01-14T13:43:42.907Z - Time taken for 'preTasksExecution' 0.13650000000052387ms
[NX v22.3.3 Daemon Server] - 2026-01-14T13:43:42.988Z - Received raw message of length 8358
[NX v22.3.3 Daemon Server] - 2026-01-14T13:43:42.988Z - Received json message of type HASH_TASKS
[NX v22.3.3 Daemon Server] - 2026-01-14T13:43:42.988Z - Reusing in-memory cached project graph because no files changed.
[NX v22.3.3 Daemon Server] - 2026-01-14T13:43:42.994Z - Wrote project graph cache to /Users/oliverschiessl/WebstormProjects/ngx-chat-new/ngx-chat/.nx/workspace-data/project-graph.json
DEBUG nx::native::tasks::hash_planner: get_plans_internal COMPLETED in 4.398375ms - processed 6 tasks (setup: 3.699ms, parallel_planning: 695.625µs)
DEBUG nx::native::tasks::task_hasher: hash_plans COMPLETED in 14.418375ms - processed 6 plans (setup: 578.583µs, hashing: 13.83875ms, assembly: 7.788208ms)
[NX v22.3.3 Daemon Server] - 2026-01-14T13:43:43.016Z - Serializing response for HASH_TASKS message in json mode
[NX v22.3.3 Daemon Server] - 2026-01-14T13:43:43.017Z - Responding to HASH_TASKS message
[NX v22.3.3 Daemon Server] - 2026-01-14T13:43:43.017Z - [REQUEST]: Responding to the client. handleHashTasks
[NX v22.3.3 Daemon Server] - 2026-01-14T13:43:43.017Z - Time taken for 'write cache' 5.273042000000714ms
[NX v22.3.3 Daemon Server] - 2026-01-14T13:43:43.019Z - Done responding to the client handleHashTasks
[NX v22.3.3 Daemon Server] - 2026-01-14T13:43:43.019Z - Handled json message HASH_TASKS. Handling time: 28. Response time: 3.
[NX v22.3.3 Daemon Server] - 2026-01-14T13:43:43.058Z - Received raw message of length 389
[NX v22.3.3 Daemon Server] - 2026-01-14T13:43:43.058Z - Received json message of type GET_ESTIMATED_TASK_TIMINGS
[NX v22.3.3 Daemon Server] - 2026-01-14T13:43:43.059Z - Serializing response for GET_ESTIMATED_TASK_TIMINGS message in json mode
[NX v22.3.3 Daemon Server] - 2026-01-14T13:43:43.059Z - Responding to GET_ESTIMATED_TASK_TIMINGS message
[NX v22.3.3 Daemon Server] - 2026-01-14T13:43:43.059Z - [REQUEST]: Responding to the client. handleGetEstimatedTaskTimings
[NX v22.3.3 Daemon Server] - 2026-01-14T13:43:43.059Z - Done responding to the client handleGetEstimatedTaskTimings
[NX v22.3.3 Daemon Server] - 2026-01-14T13:43:43.059Z - Handled json message GET_ESTIMATED_TASK_TIMINGS. Handling time: 0. Response time: 0.
[NX v22.3.3 Daemon Server] - 2026-01-14T13:43:43.063Z - Received raw message of length 107
[NX v22.3.3 Daemon Server] - 2026-01-14T13:43:43.063Z - Received json message of type OUTPUTS_HASHES_MATCH
[NX v22.3.3 Daemon Server] - 2026-01-14T13:43:43.068Z - Serializing response for OUTPUTS_HASHES_MATCH message in json mode
[NX v22.3.3 Daemon Server] - 2026-01-14T13:43:43.068Z - Responding to OUTPUTS_HASHES_MATCH message
[NX v22.3.3 Daemon Server] - 2026-01-14T13:43:43.068Z - [REQUEST]: Responding to the client. outputsHashesMatch
[NX v22.3.3 Daemon Server] - 2026-01-14T13:43:43.068Z - Done responding to the client outputsHashesMatch
[NX v22.3.3 Daemon Server] - 2026-01-14T13:43:43.068Z - Handled json message OUTPUTS_HASHES_MATCH. Handling time: 5. Response time: 0.
[NX v22.3.3 Daemon Server] - 2026-01-14T13:43:43.069Z - Received raw message of length 104
[NX v22.3.3 Daemon Server] - 2026-01-14T13:43:43.069Z - Received json message of type OUTPUTS_HASHES_MATCH
[NX v22.3.3 Daemon Server] - 2026-01-14T13:43:43.072Z - Serializing response for OUTPUTS_HASHES_MATCH message in json mode
[NX v22.3.3 Daemon Server] - 2026-01-14T13:43:43.073Z - Responding to OUTPUTS_HASHES_MATCH message
[NX v22.3.3 Daemon Server] - 2026-01-14T13:43:43.073Z - [REQUEST]: Responding to the client. outputsHashesMatch
[NX v22.3.3 Daemon Server] - 2026-01-14T13:43:43.073Z - Done responding to the client outputsHashesMatch
[NX v22.3.3 Daemon Server] - 2026-01-14T13:43:43.073Z - Handled json message OUTPUTS_HASHES_MATCH. Handling time: 3. Response time: 1.
[NX v22.3.3 Daemon Server] - 2026-01-14T13:43:43.073Z - Received raw message of length 106
[NX v22.3.3 Daemon Server] - 2026-01-14T13:43:43.073Z - Received json message of type RECORD_OUTPUTS_HASH
[NX v22.3.3 Daemon Server] - 2026-01-14T13:43:43.078Z - Serializing response for RECORD_OUTPUTS_HASH message in json mode
[NX v22.3.3 Daemon Server] - 2026-01-14T13:43:43.078Z - Responding to RECORD_OUTPUTS_HASH message
[NX v22.3.3 Daemon Server] - 2026-01-14T13:43:43.078Z - [REQUEST]: Responding to the client. recordOutputsHash
[NX v22.3.3 Daemon Server] - 2026-01-14T13:43:43.078Z - Done responding to the client recordOutputsHash
[NX v22.3.3 Daemon Server] - 2026-01-14T13:43:43.078Z - Handled json message RECORD_OUTPUTS_HASH. Handling time: 5. Response time: 0.
[NX v22.3.3 Daemon Server] - 2026-01-14T13:43:43.079Z - Received raw message of length 103
[NX v22.3.3 Daemon Server] - 2026-01-14T13:43:43.079Z - Received json message of type RECORD_OUTPUTS_HASH
[NX v22.3.3 Daemon Server] - 2026-01-14T13:43:43.083Z - Serializing response for RECORD_OUTPUTS_HASH message in json mode
[NX v22.3.3 Daemon Server] - 2026-01-14T13:43:43.083Z - Responding to RECORD_OUTPUTS_HASH message
[NX v22.3.3 Daemon Server] - 2026-01-14T13:43:43.083Z - [REQUEST]: Responding to the client. recordOutputsHash
[NX v22.3.3 Daemon Server] - 2026-01-14T13:43:43.083Z - Done responding to the client recordOutputsHash
[NX v22.3.3 Daemon Server] - 2026-01-14T13:43:43.083Z - Handled json message RECORD_OUTPUTS_HASH. Handling time: 4. Response time: 0.
[NX v22.3.3 Daemon Server] - 2026-01-14T13:43:43.085Z - Received raw message of length 107
[NX v22.3.3 Daemon Server] - 2026-01-14T13:43:43.085Z - Received json message of type OUTPUTS_HASHES_MATCH
[NX v22.3.3 Daemon Server] - 2026-01-14T13:43:43.090Z - Serializing response for OUTPUTS_HASHES_MATCH message in json mode
[NX v22.3.3 Daemon Server] - 2026-01-14T13:43:43.090Z - Responding to OUTPUTS_HASHES_MATCH message
[NX v22.3.3 Daemon Server] - 2026-01-14T13:43:43.090Z - [REQUEST]: Responding to the client. outputsHashesMatch
[NX v22.3.3 Daemon Server] - 2026-01-14T13:43:43.090Z - Done responding to the client outputsHashesMatch
[NX v22.3.3 Daemon Server] - 2026-01-14T13:43:43.090Z - Handled json message OUTPUTS_HASHES_MATCH. Handling time: 5. Response time: 0.
[NX v22.3.3 Daemon Server] - 2026-01-14T13:43:43.090Z - Received raw message of length 106
[NX v22.3.3 Daemon Server] - 2026-01-14T13:43:43.090Z - Received json message of type RECORD_OUTPUTS_HASH
[NX v22.3.3 Daemon Server] - 2026-01-14T13:43:43.095Z - Serializing response for RECORD_OUTPUTS_HASH message in json mode
[NX v22.3.3 Daemon Server] - 2026-01-14T13:43:43.095Z - Responding to RECORD_OUTPUTS_HASH message
[NX v22.3.3 Daemon Server] - 2026-01-14T13:43:43.095Z - [REQUEST]: Responding to the client. recordOutputsHash
[NX v22.3.3 Daemon Server] - 2026-01-14T13:43:43.095Z - Done responding to the client recordOutputsHash
[NX v22.3.3 Daemon Server] - 2026-01-14T13:43:43.095Z - Handled json message RECORD_OUTPUTS_HASH. Handling time: 5. Response time: 0.
[NX v22.3.3 Daemon Server] - 2026-01-14T13:43:43.097Z - Received raw message of length 102
[NX v22.3.3 Daemon Server] - 2026-01-14T13:43:43.097Z - Received json message of type OUTPUTS_HASHES_MATCH
[NX v22.3.3 Daemon Server] - 2026-01-14T13:43:43.100Z - Serializing response for OUTPUTS_HASHES_MATCH message in json mode
[NX v22.3.3 Daemon Server] - 2026-01-14T13:43:43.100Z - Responding to OUTPUTS_HASHES_MATCH message
[NX v22.3.3 Daemon Server] - 2026-01-14T13:43:43.101Z - [REQUEST]: Responding to the client. outputsHashesMatch
[NX v22.3.3 Daemon Server] - 2026-01-14T13:43:43.101Z - Done responding to the client outputsHashesMatch
[NX v22.3.3 Daemon Server] - 2026-01-14T13:43:43.101Z - Handled json message OUTPUTS_HASHES_MATCH. Handling time: 3. Response time: 1.
[NX v22.3.3 Daemon Server] - 2026-01-14T13:43:43.101Z - Received raw message of length 101
[NX v22.3.3 Daemon Server] - 2026-01-14T13:43:43.101Z - Received json message of type RECORD_OUTPUTS_HASH
[NX v22.3.3 Daemon Server] - 2026-01-14T13:43:43.104Z - Serializing response for RECORD_OUTPUTS_HASH message in json mode
[NX v22.3.3 Daemon Server] - 2026-01-14T13:43:43.104Z - Responding to RECORD_OUTPUTS_HASH message
[NX v22.3.3 Daemon Server] - 2026-01-14T13:43:43.104Z - [REQUEST]: Responding to the client. recordOutputsHash
[NX v22.3.3 Daemon Server] - 2026-01-14T13:43:43.104Z - Done responding to the client recordOutputsHash
[NX v22.3.3 Daemon Server] - 2026-01-14T13:43:43.104Z - Handled json message RECORD_OUTPUTS_HASH. Handling time: 3. Response time: 0.
[NX v22.3.3 Daemon Server] - 2026-01-14T13:43:43.106Z - Received raw message of length 102
[NX v22.3.3 Daemon Server] - 2026-01-14T13:43:43.106Z - Received json message of type OUTPUTS_HASHES_MATCH
[NX v22.3.3 Daemon Server] - 2026-01-14T13:43:43.111Z - Serializing response for OUTPUTS_HASHES_MATCH message in json mode
[NX v22.3.3 Daemon Server] - 2026-01-14T13:43:43.111Z - Responding to OUTPUTS_HASHES_MATCH message
[NX v22.3.3 Daemon Server] - 2026-01-14T13:43:43.111Z - [REQUEST]: Responding to the client. outputsHashesMatch
[NX v22.3.3 Daemon Server] - 2026-01-14T13:43:43.111Z - Done responding to the client outputsHashesMatch
[NX v22.3.3 Daemon Server] - 2026-01-14T13:43:43.111Z - Handled json message OUTPUTS_HASHES_MATCH. Handling time: 5. Response time: 0.
[NX v22.3.3 Daemon Server] - 2026-01-14T13:43:43.111Z - Received raw message of length 101
[NX v22.3.3 Daemon Server] - 2026-01-14T13:43:43.111Z - Received json message of type RECORD_OUTPUTS_HASH
[NX v22.3.3 Daemon Server] - 2026-01-14T13:43:43.116Z - Serializing response for RECORD_OUTPUTS_HASH message in json mode
[NX v22.3.3 Daemon Server] - 2026-01-14T13:43:43.116Z - Responding to RECORD_OUTPUTS_HASH message
[NX v22.3.3 Daemon Server] - 2026-01-14T13:43:43.116Z - [REQUEST]: Responding to the client. recordOutputsHash
[NX v22.3.3 Daemon Server] - 2026-01-14T13:43:43.116Z - Done responding to the client recordOutputsHash
[NX v22.3.3 Daemon Server] - 2026-01-14T13:43:43.116Z - Handled json message RECORD_OUTPUTS_HASH. Handling time: 5. Response time: 0.
[NX v22.3.3 Daemon Server] - 2026-01-14T13:43:43.683Z - Established a connection. Number of open connections: 2
[NX v22.3.3 Daemon Server] - 2026-01-14T13:43:43.683Z - Closed a connection. Number of open connections: 1
[NX v22.3.3 Daemon Server] - 2026-01-14T13:43:43.684Z - Established a connection. Number of open connections: 2
[NX v22.3.3 Daemon Server] - 2026-01-14T13:43:43.691Z - Received raw message of length 32
[NX v22.3.3 Daemon Server] - 2026-01-14T13:43:43.691Z - Received json message of type REQUEST_PROJECT_GRAPH
[NX v22.3.3 Daemon Server] - 2026-01-14T13:43:43.691Z - [REQUEST]: Client Request for Project Graph Received
[NX v22.3.3 Daemon Server] - 2026-01-14T13:43:43.691Z - Reusing in-memory cached project graph because no files changed.
[NX v22.3.3 Daemon Server] - 2026-01-14T13:43:43.697Z - Wrote project graph cache to /Users/oliverschiessl/WebstormProjects/ngx-chat-new/ngx-chat/.nx/workspace-data/project-graph.json
[NX v22.3.3 Daemon Server] - 2026-01-14T13:43:43.697Z - Serializing response for REQUEST_PROJECT_GRAPH message in json mode
[NX v22.3.3 Daemon Server] - 2026-01-14T13:43:43.697Z - Responding to REQUEST_PROJECT_GRAPH message
[NX v22.3.3 Daemon Server] - 2026-01-14T13:43:43.697Z - [REQUEST]: Responding to the client. project-graph
[NX v22.3.3 Daemon Server] - 2026-01-14T13:43:43.698Z - Time taken for 'total for creating and serializing project graph' 6.22841700000572ms
[NX v22.3.3 Daemon Server] - 2026-01-14T13:43:43.699Z - Done responding to the client project-graph
[NX v22.3.3 Daemon Server] - 2026-01-14T13:43:43.699Z - Handled json message REQUEST_PROJECT_GRAPH. Handling time: 6. Response time: 2.
[NX v22.3.3 Daemon Server] - 2026-01-14T13:43:48.025Z - Closed a connection. Number of open connections: 1
[NX v22.3.3 Daemon Server] - 2026-01-14T13:43:48.029Z - Received raw message of length 101
[NX v22.3.3 Daemon Server] - 2026-01-14T13:43:48.029Z - Received json message of type RECORD_OUTPUTS_HASH
[NX v22.3.3 Daemon Server] - 2026-01-14T13:43:48.029Z - Serializing response for RECORD_OUTPUTS_HASH message in json mode
[NX v22.3.3 Daemon Server] - 2026-01-14T13:43:48.029Z - Responding to RECORD_OUTPUTS_HASH message
[NX v22.3.3 Daemon Server] - 2026-01-14T13:43:48.029Z - [REQUEST]: Responding to the client. recordOutputsHash
[NX v22.3.3 Daemon Server] - 2026-01-14T13:43:48.029Z - Done responding to the client recordOutputsHash
[NX v22.3.3 Daemon Server] - 2026-01-14T13:43:48.029Z - Handled json message RECORD_OUTPUTS_HASH. Handling time: 0. Response time: 0.
[NX v22.3.3 Daemon Server] - 2026-01-14T13:43:48.031Z - Received raw message of length 1129
[NX v22.3.3 Daemon Server] - 2026-01-14T13:43:48.031Z - Received json message of type RECORD_TASK_RUNS
[NX v22.3.3 Daemon Server] - 2026-01-14T13:43:48.032Z - Serializing response for RECORD_TASK_RUNS message in json mode
[NX v22.3.3 Daemon Server] - 2026-01-14T13:43:48.032Z - Responding to RECORD_TASK_RUNS message
[NX v22.3.3 Daemon Server] - 2026-01-14T13:43:48.032Z - [REQUEST]: Responding to the client. handleRecordTaskRuns
[NX v22.3.3 Daemon Server] - 2026-01-14T13:43:48.032Z - Done responding to the client handleRecordTaskRuns
[NX v22.3.3 Daemon Server] - 2026-01-14T13:43:48.032Z - Handled json message RECORD_TASK_RUNS. Handling time: 1. Response time: 0.
[NX v22.3.3 Daemon Server] - 2026-01-14T13:43:48.032Z - Received raw message of length 168
[NX v22.3.3 Daemon Server] - 2026-01-14T13:43:48.032Z - Received json message of type GET_FLAKY_TASKS
[NX v22.3.3 Daemon Server] - 2026-01-14T13:43:48.033Z - Serializing response for GET_FLAKY_TASKS message in json mode
[NX v22.3.3 Daemon Server] - 2026-01-14T13:43:48.033Z - Responding to GET_FLAKY_TASKS message
[NX v22.3.3 Daemon Server] - 2026-01-14T13:43:48.033Z - [REQUEST]: Responding to the client. handleGetFlakyTasks
[NX v22.3.3 Daemon Server] - 2026-01-14T13:43:48.033Z - Done responding to the client handleGetFlakyTasks
[NX v22.3.3 Daemon Server] - 2026-01-14T13:43:48.033Z - Handled json message GET_FLAKY_TASKS. Handling time: 1. Response time: 0.
[NX v22.3.3 Daemon Server] - 2026-01-14T13:43:51.192Z - Received raw message of length 284057
[NX v22.3.3 Daemon Server] - 2026-01-14T13:43:51.194Z - Received json message of type POST_TASKS_EXECUTION
[NX v22.3.3 Daemon Server] - 2026-01-14T13:43:51.194Z - Serializing response for POST_TASKS_EXECUTION message in json mode
[NX v22.3.3 Daemon Server] - 2026-01-14T13:43:51.194Z - Responding to POST_TASKS_EXECUTION message
[NX v22.3.3 Daemon Server] - 2026-01-14T13:43:51.194Z - [REQUEST]: Responding to the client. handleRunPostTasksExecution
[NX v22.3.3 Daemon Server] - 2026-01-14T13:43:51.194Z - Done responding to the client handleRunPostTasksExecution
[NX v22.3.3 Daemon Server] - 2026-01-14T13:43:51.194Z - Handled json message POST_TASKS_EXECUTION. Handling time: 0. Response time: 0.
[NX v22.3.3 Daemon Server] - 2026-01-14T13:43:51.194Z - Time taken for 'postTasksExecution' 0.12704200000007404ms
[NX v22.3.3 Daemon Server] - 2026-01-14T13:43:51.198Z - Closed a connection. Number of open connections: 0
[NX v22.3.3 Daemon Server] - 2026-01-14T13:44:01.649Z - [WATCHER]: apps/demo-new/project.json was modified
[NX v22.3.3 Daemon Server] - 2026-01-14T13:44:01.649Z - [SYNC]: clearing sync generators cache due to file changes
[NX v22.3.3 Daemon Server] - 2026-01-14T13:44:01.649Z - [WATCHER]: Processing file changes in outputs
[NX v22.3.3 Daemon Server] - 2026-01-14T13:44:01.752Z - [REQUEST]: Updated workspace context based on watched changes, recomputing project graph...
[NX v22.3.3 Daemon Server] - 2026-01-14T13:44:01.752Z - [REQUEST]: apps/demo-new/project.json
[NX v22.3.3 Daemon Server] - 2026-01-14T13:44:01.752Z - [REQUEST]: 
[NX v22.3.3 Daemon Server] - 2026-01-14T13:44:01.754Z - Time taken for 'hash changed files from watcher' 1.505749999996624ms
Time for 'nx/core/project-json:createNodes' 1.6496659999975236
Time for 'nx/core/package-json:createNodes' 2.4817499999990105
Time for 'nx/js/dependencies-and-lockfile:createNodes' 9.106417000002693
[NX v22.3.3 Daemon Server] - 2026-01-14T13:44:01.779Z - Time taken for 'build-project-configs' 15.521207999998296ms
Time for 'build typescript dependencies' 2.9600419999987935
[NX v22.3.3 Daemon Server] - 2026-01-14T13:44:01.802Z - [SYNC]: collect registered sync generators
[NX v22.3.3 Daemon Server] - 2026-01-14T13:44:01.802Z - [SYNC]: nx.json hash is the same, not collecting global sync generators
[NX v22.3.3 Daemon Server] - 2026-01-14T13:44:01.802Z - Time taken for 'total execution time for createProjectGraph()' 27.79595800000243ms
[NX v22.3.3 Daemon Server] - 2026-01-14T13:44:03.914Z - Established a connection. Number of open connections: 1
[NX v22.3.3 Daemon Server] - 2026-01-14T13:44:03.915Z - Closed a connection. Number of open connections: 0
[NX v22.3.3 Daemon Server] - 2026-01-14T13:44:03.915Z - Established a connection. Number of open connections: 1
[NX v22.3.3 Daemon Server] - 2026-01-14T13:44:03.921Z - Received raw message of length 32
[NX v22.3.3 Daemon Server] - 2026-01-14T13:44:03.921Z - Received json message of type GET_NX_CONSOLE_STATUS
[NX v22.3.3 Daemon Server] - 2026-01-14T13:44:03.921Z - Serializing response for GET_NX_CONSOLE_STATUS message in json mode
[NX v22.3.3 Daemon Server] - 2026-01-14T13:44:03.921Z - Responding to GET_NX_CONSOLE_STATUS message
[NX v22.3.3 Daemon Server] - 2026-01-14T13:44:03.921Z - [REQUEST]: Responding to the client. handleGetNxConsoleStatus
[NX v22.3.3 Daemon Server] - 2026-01-14T13:44:03.921Z - Done responding to the client handleGetNxConsoleStatus
[NX v22.3.3 Daemon Server] - 2026-01-14T13:44:03.921Z - Handled json message GET_NX_CONSOLE_STATUS. Handling time: 0. Response time: 0.
[NX v22.3.3 Daemon Server] - 2026-01-14T13:44:03.944Z - Received raw message of length 32
[NX v22.3.3 Daemon Server] - 2026-01-14T13:44:03.944Z - Received json message of type REQUEST_PROJECT_GRAPH
[NX v22.3.3 Daemon Server] - 2026-01-14T13:44:03.944Z - [REQUEST]: Client Request for Project Graph Received
[NX v22.3.3 Daemon Server] - 2026-01-14T13:44:03.944Z - Reusing in-memory cached project graph because no files changed.
[NX v22.3.3 Daemon Server] - 2026-01-14T13:44:03.949Z - Wrote project graph cache to /Users/oliverschiessl/WebstormProjects/ngx-chat-new/ngx-chat/.nx/workspace-data/project-graph.json
[NX v22.3.3 Daemon Server] - 2026-01-14T13:44:03.949Z - Serializing response for REQUEST_PROJECT_GRAPH message in json mode
[NX v22.3.3 Daemon Server] - 2026-01-14T13:44:03.949Z - Responding to REQUEST_PROJECT_GRAPH message
[NX v22.3.3 Daemon Server] - 2026-01-14T13:44:03.949Z - [REQUEST]: Responding to the client. project-graph
[NX v22.3.3 Daemon Server] - 2026-01-14T13:44:03.950Z - Time taken for 'total for creating and serializing project graph' 5.412208000001556ms
[NX v22.3.3 Daemon Server] - 2026-01-14T13:44:03.956Z - Done responding to the client project-graph
[NX v22.3.3 Daemon Server] - 2026-01-14T13:44:03.956Z - Handled json message REQUEST_PROJECT_GRAPH. Handling time: 5. Response time: 7.
[NX v22.3.3 Daemon Server] - 2026-01-14T13:44:03.961Z - Received raw message of length 1235
[NX v22.3.3 Daemon Server] - 2026-01-14T13:44:03.961Z - Received json message of type PRE_TASKS_EXECUTION
[NX v22.3.3 Daemon Server] - 2026-01-14T13:44:03.961Z - Serializing response for PRE_TASKS_EXECUTION message in json mode
[NX v22.3.3 Daemon Server] - 2026-01-14T13:44:03.961Z - Responding to PRE_TASKS_EXECUTION message
[NX v22.3.3 Daemon Server] - 2026-01-14T13:44:03.961Z - [REQUEST]: Responding to the client. handleRunPreTasksExecution
[NX v22.3.3 Daemon Server] - 2026-01-14T13:44:03.961Z - Done responding to the client handleRunPreTasksExecution
[NX v22.3.3 Daemon Server] - 2026-01-14T13:44:03.961Z - Handled json message PRE_TASKS_EXECUTION. Handling time: 0. Response time: 0.
[NX v22.3.3 Daemon Server] - 2026-01-14T13:44:03.961Z - Time taken for 'preTasksExecution' 0.10770800000318559ms
[NX v22.3.3 Daemon Server] - 2026-01-14T13:44:04.070Z - Received raw message of length 8358
[NX v22.3.3 Daemon Server] - 2026-01-14T13:44:04.070Z - Received json message of type HASH_TASKS
[NX v22.3.3 Daemon Server] - 2026-01-14T13:44:04.070Z - Reusing in-memory cached project graph because no files changed.
[NX v22.3.3 Daemon Server] - 2026-01-14T13:44:04.075Z - Wrote project graph cache to /Users/oliverschiessl/WebstormProjects/ngx-chat-new/ngx-chat/.nx/workspace-data/project-graph.json
DEBUG nx::native::tasks::hash_planner: get_plans_internal COMPLETED in 4.8655ms - processed 6 tasks (setup: 3.966417ms, parallel_planning: 894.834µs)
DEBUG nx::native::tasks::hashers::hash_workspace_files: Hashing workspace fileset{cache_key="nx.json,.gitignore,.nxignore"}: Adding "6921474174629748121" (".gitignore") to hash
DEBUG nx::native::tasks::hashers::hash_workspace_files: Hashing workspace fileset{cache_key="nx.json,.gitignore,.nxignore"}: Adding "11090693485628831218" ("nx.json") to hash
DEBUG nx::native::tasks::hashers::hash_workspace_files: Hashing workspace fileset{cache_key="nx.json,.gitignore,.nxignore"}: Hash Value: "5861842607570332289"
DEBUG nx::native::tasks::task_hasher: hash_plans COMPLETED in 15.373792ms - processed 6 plans (setup: 706.792µs, hashing: 14.664416ms, assembly: 6.968875ms)
[NX v22.3.3 Daemon Server] - 2026-01-14T13:44:04.104Z - Serializing response for HASH_TASKS message in json mode
[NX v22.3.3 Daemon Server] - 2026-01-14T13:44:04.105Z - Responding to HASH_TASKS message
[NX v22.3.3 Daemon Server] - 2026-01-14T13:44:04.105Z - [REQUEST]: Responding to the client. handleHashTasks
[NX v22.3.3 Daemon Server] - 2026-01-14T13:44:04.106Z - Time taken for 'write cache' 4.348582999999053ms
[NX v22.3.3 Daemon Server] - 2026-01-14T13:44:04.108Z - Done responding to the client handleHashTasks
[NX v22.3.3 Daemon Server] - 2026-01-14T13:44:04.108Z - Handled json message HASH_TASKS. Handling time: 34. Response time: 4.
[NX v22.3.3 Daemon Server] - 2026-01-14T13:44:04.143Z - Received raw message of length 389
[NX v22.3.3 Daemon Server] - 2026-01-14T13:44:04.143Z - Received json message of type GET_ESTIMATED_TASK_TIMINGS
[NX v22.3.3 Daemon Server] - 2026-01-14T13:44:04.143Z - Serializing response for GET_ESTIMATED_TASK_TIMINGS message in json mode
[NX v22.3.3 Daemon Server] - 2026-01-14T13:44:04.144Z - Responding to GET_ESTIMATED_TASK_TIMINGS message
[NX v22.3.3 Daemon Server] - 2026-01-14T13:44:04.144Z - [REQUEST]: Responding to the client. handleGetEstimatedTaskTimings
[NX v22.3.3 Daemon Server] - 2026-01-14T13:44:04.144Z - Done responding to the client handleGetEstimatedTaskTimings
[NX v22.3.3 Daemon Server] - 2026-01-14T13:44:04.144Z - Handled json message GET_ESTIMATED_TASK_TIMINGS. Handling time: 0. Response time: 1.
[NX v22.3.3 Daemon Server] - 2026-01-14T13:44:04.148Z - Received raw message of length 107
[NX v22.3.3 Daemon Server] - 2026-01-14T13:44:04.148Z - Received json message of type OUTPUTS_HASHES_MATCH
[NX v22.3.3 Daemon Server] - 2026-01-14T13:44:04.153Z - Serializing response for OUTPUTS_HASHES_MATCH message in json mode
[NX v22.3.3 Daemon Server] - 2026-01-14T13:44:04.153Z - Responding to OUTPUTS_HASHES_MATCH message
[NX v22.3.3 Daemon Server] - 2026-01-14T13:44:04.153Z - [REQUEST]: Responding to the client. outputsHashesMatch
[NX v22.3.3 Daemon Server] - 2026-01-14T13:44:04.153Z - Done responding to the client outputsHashesMatch
[NX v22.3.3 Daemon Server] - 2026-01-14T13:44:04.153Z - Handled json message OUTPUTS_HASHES_MATCH. Handling time: 5. Response time: 0.
[NX v22.3.3 Daemon Server] - 2026-01-14T13:44:04.154Z - Received raw message of length 104
[NX v22.3.3 Daemon Server] - 2026-01-14T13:44:04.154Z - Received json message of type OUTPUTS_HASHES_MATCH
[NX v22.3.3 Daemon Server] - 2026-01-14T13:44:04.157Z - Serializing response for OUTPUTS_HASHES_MATCH message in json mode
[NX v22.3.3 Daemon Server] - 2026-01-14T13:44:04.157Z - Responding to OUTPUTS_HASHES_MATCH message
[NX v22.3.3 Daemon Server] - 2026-01-14T13:44:04.157Z - [REQUEST]: Responding to the client. outputsHashesMatch
[NX v22.3.3 Daemon Server] - 2026-01-14T13:44:04.157Z - Done responding to the client outputsHashesMatch
[NX v22.3.3 Daemon Server] - 2026-01-14T13:44:04.157Z - Handled json message OUTPUTS_HASHES_MATCH. Handling time: 3. Response time: 0.
[NX v22.3.3 Daemon Server] - 2026-01-14T13:44:04.158Z - Received raw message of length 106
[NX v22.3.3 Daemon Server] - 2026-01-14T13:44:04.158Z - Received json message of type RECORD_OUTPUTS_HASH
[NX v22.3.3 Daemon Server] - 2026-01-14T13:44:04.162Z - Serializing response for RECORD_OUTPUTS_HASH message in json mode
[NX v22.3.3 Daemon Server] - 2026-01-14T13:44:04.162Z - Responding to RECORD_OUTPUTS_HASH message
[NX v22.3.3 Daemon Server] - 2026-01-14T13:44:04.162Z - [REQUEST]: Responding to the client. recordOutputsHash
[NX v22.3.3 Daemon Server] - 2026-01-14T13:44:04.162Z - Done responding to the client recordOutputsHash
[NX v22.3.3 Daemon Server] - 2026-01-14T13:44:04.162Z - Handled json message RECORD_OUTPUTS_HASH. Handling time: 4. Response time: 0.
[NX v22.3.3 Daemon Server] - 2026-01-14T13:44:04.163Z - Received raw message of length 103
[NX v22.3.3 Daemon Server] - 2026-01-14T13:44:04.163Z - Received json message of type RECORD_OUTPUTS_HASH
[NX v22.3.3 Daemon Server] - 2026-01-14T13:44:04.166Z - Serializing response for RECORD_OUTPUTS_HASH message in json mode
[NX v22.3.3 Daemon Server] - 2026-01-14T13:44:04.166Z - Responding to RECORD_OUTPUTS_HASH message
[NX v22.3.3 Daemon Server] - 2026-01-14T13:44:04.166Z - [REQUEST]: Responding to the client. recordOutputsHash
[NX v22.3.3 Daemon Server] - 2026-01-14T13:44:04.166Z - Done responding to the client recordOutputsHash
[NX v22.3.3 Daemon Server] - 2026-01-14T13:44:04.166Z - Handled json message RECORD_OUTPUTS_HASH. Handling time: 3. Response time: 0.
[NX v22.3.3 Daemon Server] - 2026-01-14T13:44:04.168Z - Received raw message of length 107
[NX v22.3.3 Daemon Server] - 2026-01-14T13:44:04.168Z - Received json message of type OUTPUTS_HASHES_MATCH
[NX v22.3.3 Daemon Server] - 2026-01-14T13:44:04.172Z - Serializing response for OUTPUTS_HASHES_MATCH message in json mode
[NX v22.3.3 Daemon Server] - 2026-01-14T13:44:04.173Z - Responding to OUTPUTS_HASHES_MATCH message
[NX v22.3.3 Daemon Server] - 2026-01-14T13:44:04.173Z - [REQUEST]: Responding to the client. outputsHashesMatch
[NX v22.3.3 Daemon Server] - 2026-01-14T13:44:04.173Z - Done responding to the client outputsHashesMatch
[NX v22.3.3 Daemon Server] - 2026-01-14T13:44:04.173Z - Handled json message OUTPUTS_HASHES_MATCH. Handling time: 4. Response time: 1.
[NX v22.3.3 Daemon Server] - 2026-01-14T13:44:04.173Z - Received raw message of length 106
[NX v22.3.3 Daemon Server] - 2026-01-14T13:44:04.173Z - Received json message of type RECORD_OUTPUTS_HASH
[NX v22.3.3 Daemon Server] - 2026-01-14T13:44:04.178Z - Serializing response for RECORD_OUTPUTS_HASH message in json mode
[NX v22.3.3 Daemon Server] - 2026-01-14T13:44:04.178Z - Responding to RECORD_OUTPUTS_HASH message
[NX v22.3.3 Daemon Server] - 2026-01-14T13:44:04.178Z - [REQUEST]: Responding to the client. recordOutputsHash
[NX v22.3.3 Daemon Server] - 2026-01-14T13:44:04.178Z - Done responding to the client recordOutputsHash
[NX v22.3.3 Daemon Server] - 2026-01-14T13:44:04.178Z - Handled json message RECORD_OUTPUTS_HASH. Handling time: 5. Response time: 0.
[NX v22.3.3 Daemon Server] - 2026-01-14T13:44:04.180Z - Received raw message of length 102
[NX v22.3.3 Daemon Server] - 2026-01-14T13:44:04.180Z - Received json message of type OUTPUTS_HASHES_MATCH
[NX v22.3.3 Daemon Server] - 2026-01-14T13:44:04.182Z - Serializing response for OUTPUTS_HASHES_MATCH message in json mode
[NX v22.3.3 Daemon Server] - 2026-01-14T13:44:04.182Z - Responding to OUTPUTS_HASHES_MATCH message
[NX v22.3.3 Daemon Server] - 2026-01-14T13:44:04.182Z - [REQUEST]: Responding to the client. outputsHashesMatch
[NX v22.3.3 Daemon Server] - 2026-01-14T13:44:04.182Z - Done responding to the client outputsHashesMatch
[NX v22.3.3 Daemon Server] - 2026-01-14T13:44:04.182Z - Handled json message OUTPUTS_HASHES_MATCH. Handling time: 2. Response time: 0.
[NX v22.3.3 Daemon Server] - 2026-01-14T13:44:04.183Z - Received raw message of length 101
[NX v22.3.3 Daemon Server] - 2026-01-14T13:44:04.183Z - Received json message of type RECORD_OUTPUTS_HASH
[NX v22.3.3 Daemon Server] - 2026-01-14T13:44:04.186Z - Serializing response for RECORD_OUTPUTS_HASH message in json mode
[NX v22.3.3 Daemon Server] - 2026-01-14T13:44:04.186Z - Responding to RECORD_OUTPUTS_HASH message
[NX v22.3.3 Daemon Server] - 2026-01-14T13:44:04.186Z - [REQUEST]: Responding to the client. recordOutputsHash
[NX v22.3.3 Daemon Server] - 2026-01-14T13:44:04.186Z - Done responding to the client recordOutputsHash
[NX v22.3.3 Daemon Server] - 2026-01-14T13:44:04.186Z - Handled json message RECORD_OUTPUTS_HASH. Handling time: 3. Response time: 0.
[NX v22.3.3 Daemon Server] - 2026-01-14T13:44:04.187Z - Received raw message of length 102
[NX v22.3.3 Daemon Server] - 2026-01-14T13:44:04.187Z - Received json message of type OUTPUTS_HASHES_MATCH
[NX v22.3.3 Daemon Server] - 2026-01-14T13:44:04.191Z - Serializing response for OUTPUTS_HASHES_MATCH message in json mode
[NX v22.3.3 Daemon Server] - 2026-01-14T13:44:04.191Z - Responding to OUTPUTS_HASHES_MATCH message
[NX v22.3.3 Daemon Server] - 2026-01-14T13:44:04.191Z - [REQUEST]: Responding to the client. outputsHashesMatch
[NX v22.3.3 Daemon Server] - 2026-01-14T13:44:04.191Z - Done responding to the client outputsHashesMatch
[NX v22.3.3 Daemon Server] - 2026-01-14T13:44:04.191Z - Handled json message OUTPUTS_HASHES_MATCH. Handling time: 4. Response time: 0.
[NX v22.3.3 Daemon Server] - 2026-01-14T13:44:04.191Z - Received raw message of length 101
[NX v22.3.3 Daemon Server] - 2026-01-14T13:44:04.191Z - Received json message of type RECORD_OUTPUTS_HASH
[NX v22.3.3 Daemon Server] - 2026-01-14T13:44:04.195Z - Serializing response for RECORD_OUTPUTS_HASH message in json mode
[NX v22.3.3 Daemon Server] - 2026-01-14T13:44:04.195Z - Responding to RECORD_OUTPUTS_HASH message
[NX v22.3.3 Daemon Server] - 2026-01-14T13:44:04.195Z - [REQUEST]: Responding to the client. recordOutputsHash
[NX v22.3.3 Daemon Server] - 2026-01-14T13:44:04.195Z - Done responding to the client recordOutputsHash
[NX v22.3.3 Daemon Server] - 2026-01-14T13:44:04.195Z - Handled json message RECORD_OUTPUTS_HASH. Handling time: 3. Response time: 0.
[NX v22.3.3 Daemon Server] - 2026-01-14T13:44:04.615Z - Established a connection. Number of open connections: 2
[NX v22.3.3 Daemon Server] - 2026-01-14T13:44:04.615Z - Closed a connection. Number of open connections: 1
[NX v22.3.3 Daemon Server] - 2026-01-14T13:44:04.615Z - Established a connection. Number of open connections: 2
[NX v22.3.3 Daemon Server] - 2026-01-14T13:44:04.622Z - Received raw message of length 32
[NX v22.3.3 Daemon Server] - 2026-01-14T13:44:04.622Z - Received json message of type REQUEST_PROJECT_GRAPH
[NX v22.3.3 Daemon Server] - 2026-01-14T13:44:04.622Z - [REQUEST]: Client Request for Project Graph Received
[NX v22.3.3 Daemon Server] - 2026-01-14T13:44:04.622Z - Reusing in-memory cached project graph because no files changed.
[NX v22.3.3 Daemon Server] - 2026-01-14T13:44:04.627Z - Wrote project graph cache to /Users/oliverschiessl/WebstormProjects/ngx-chat-new/ngx-chat/.nx/workspace-data/project-graph.json
[NX v22.3.3 Daemon Server] - 2026-01-14T13:44:04.627Z - Serializing response for REQUEST_PROJECT_GRAPH message in json mode
[NX v22.3.3 Daemon Server] - 2026-01-14T13:44:04.627Z - Responding to REQUEST_PROJECT_GRAPH message
[NX v22.3.3 Daemon Server] - 2026-01-14T13:44:04.627Z - [REQUEST]: Responding to the client. project-graph
[NX v22.3.3 Daemon Server] - 2026-01-14T13:44:04.627Z - Time taken for 'total for creating and serializing project graph' 4.358166999998502ms
[NX v22.3.3 Daemon Server] - 2026-01-14T13:44:04.629Z - Done responding to the client project-graph
[NX v22.3.3 Daemon Server] - 2026-01-14T13:44:04.629Z - Handled json message REQUEST_PROJECT_GRAPH. Handling time: 5. Response time: 2.
[NX v22.3.3 Daemon Server] - 2026-01-14T13:44:13.884Z - [WATCHER]: Processing file changes in outputs
[NX v22.3.3 Daemon Server] - 2026-01-14T13:44:14.356Z - [WATCHER]: Processing file changes in outputs
[NX v22.3.3 Daemon Server] - 2026-01-14T13:44:14.379Z - Closed a connection. Number of open connections: 1
[NX v22.3.3 Daemon Server] - 2026-01-14T13:44:14.384Z - Received raw message of length 101
[NX v22.3.3 Daemon Server] - 2026-01-14T13:44:14.384Z - Received json message of type RECORD_OUTPUTS_HASH
[NX v22.3.3 Daemon Server] - 2026-01-14T13:44:14.386Z - Serializing response for RECORD_OUTPUTS_HASH message in json mode
[NX v22.3.3 Daemon Server] - 2026-01-14T13:44:14.387Z - Responding to RECORD_OUTPUTS_HASH message
[NX v22.3.3 Daemon Server] - 2026-01-14T13:44:14.387Z - [REQUEST]: Responding to the client. recordOutputsHash
[NX v22.3.3 Daemon Server] - 2026-01-14T13:44:14.387Z - Done responding to the client recordOutputsHash
[NX v22.3.3 Daemon Server] - 2026-01-14T13:44:14.387Z - Handled json message RECORD_OUTPUTS_HASH. Handling time: 2. Response time: 1.
[NX v22.3.3 Daemon Server] - 2026-01-14T13:44:14.390Z - Received raw message of length 1129
[NX v22.3.3 Daemon Server] - 2026-01-14T13:44:14.390Z - Received json message of type RECORD_TASK_RUNS
[NX v22.3.3 Daemon Server] - 2026-01-14T13:44:14.390Z - Serializing response for RECORD_TASK_RUNS message in json mode
[NX v22.3.3 Daemon Server] - 2026-01-14T13:44:14.390Z - Responding to RECORD_TASK_RUNS message
[NX v22.3.3 Daemon Server] - 2026-01-14T13:44:14.390Z - [REQUEST]: Responding to the client. handleRecordTaskRuns
[NX v22.3.3 Daemon Server] - 2026-01-14T13:44:14.390Z - Done responding to the client handleRecordTaskRuns
[NX v22.3.3 Daemon Server] - 2026-01-14T13:44:14.390Z - Handled json message RECORD_TASK_RUNS. Handling time: 0. Response time: 0.
[NX v22.3.3 Daemon Server] - 2026-01-14T13:44:14.391Z - Received raw message of length 168
[NX v22.3.3 Daemon Server] - 2026-01-14T13:44:14.391Z - Received json message of type GET_FLAKY_TASKS
[NX v22.3.3 Daemon Server] - 2026-01-14T13:44:14.391Z - Serializing response for GET_FLAKY_TASKS message in json mode
[NX v22.3.3 Daemon Server] - 2026-01-14T13:44:14.391Z - Responding to GET_FLAKY_TASKS message
[NX v22.3.3 Daemon Server] - 2026-01-14T13:44:14.391Z - [REQUEST]: Responding to the client. handleGetFlakyTasks
[NX v22.3.3 Daemon Server] - 2026-01-14T13:44:14.391Z - Done responding to the client handleGetFlakyTasks
[NX v22.3.3 Daemon Server] - 2026-01-14T13:44:14.391Z - Handled json message GET_FLAKY_TASKS. Handling time: 0. Response time: 0.
[NX v22.3.3 Daemon Server] - 2026-01-14T13:44:14.413Z - [WATCHER]: Processing file changes in outputs
[NX v22.3.3 Daemon Server] - 2026-01-14T13:44:17.576Z - Received raw message of length 293071
[NX v22.3.3 Daemon Server] - 2026-01-14T13:44:17.577Z - Received json message of type POST_TASKS_EXECUTION
[NX v22.3.3 Daemon Server] - 2026-01-14T13:44:17.577Z - Serializing response for POST_TASKS_EXECUTION message in json mode
[NX v22.3.3 Daemon Server] - 2026-01-14T13:44:17.577Z - Responding to POST_TASKS_EXECUTION message
[NX v22.3.3 Daemon Server] - 2026-01-14T13:44:17.577Z - [REQUEST]: Responding to the client. handleRunPostTasksExecution
[NX v22.3.3 Daemon Server] - 2026-01-14T13:44:17.577Z - Done responding to the client handleRunPostTasksExecution
[NX v22.3.3 Daemon Server] - 2026-01-14T13:44:17.577Z - Handled json message POST_TASKS_EXECUTION. Handling time: 0. Response time: 0.
[NX v22.3.3 Daemon Server] - 2026-01-14T13:44:17.577Z - Time taken for 'postTasksExecution' 0.10462500000721775ms
[NX v22.3.3 Daemon Server] - 2026-01-14T13:44:17.582Z - Closed a connection. Number of open connections: 0
[NX v22.3.3 Daemon Server] - 2026-01-14T13:44:33.377Z - Established a connection. Number of open connections: 1
[NX v22.3.3 Daemon Server] - 2026-01-14T13:44:33.378Z - Closed a connection. Number of open connections: 0
[NX v22.3.3 Daemon Server] - 2026-01-14T13:44:33.378Z - Established a connection. Number of open connections: 1
[NX v22.3.3 Daemon Server] - 2026-01-14T13:44:33.385Z - Received raw message of length 32
[NX v22.3.3 Daemon Server] - 2026-01-14T13:44:33.385Z - Received json message of type GET_NX_CONSOLE_STATUS
[NX v22.3.3 Daemon Server] - 2026-01-14T13:44:33.385Z - Serializing response for GET_NX_CONSOLE_STATUS message in json mode
[NX v22.3.3 Daemon Server] - 2026-01-14T13:44:33.385Z - Responding to GET_NX_CONSOLE_STATUS message
[NX v22.3.3 Daemon Server] - 2026-01-14T13:44:33.385Z - [REQUEST]: Responding to the client. handleGetNxConsoleStatus
[NX v22.3.3 Daemon Server] - 2026-01-14T13:44:33.385Z - Done responding to the client handleGetNxConsoleStatus
[NX v22.3.3 Daemon Server] - 2026-01-14T13:44:33.385Z - Handled json message GET_NX_CONSOLE_STATUS. Handling time: 0. Response time: 0.
[NX v22.3.3 Daemon Server] - 2026-01-14T13:44:33.408Z - Received raw message of length 32
[NX v22.3.3 Daemon Server] - 2026-01-14T13:44:33.408Z - Received json message of type REQUEST_PROJECT_GRAPH
[NX v22.3.3 Daemon Server] - 2026-01-14T13:44:33.408Z - [REQUEST]: Client Request for Project Graph Received
[NX v22.3.3 Daemon Server] - 2026-01-14T13:44:33.408Z - Reusing in-memory cached project graph because no files changed.
[NX v22.3.3 Daemon Server] - 2026-01-14T13:44:33.413Z - Wrote project graph cache to /Users/oliverschiessl/WebstormProjects/ngx-chat-new/ngx-chat/.nx/workspace-data/project-graph.json
[NX v22.3.3 Daemon Server] - 2026-01-14T13:44:33.413Z - Serializing response for REQUEST_PROJECT_GRAPH message in json mode
[NX v22.3.3 Daemon Server] - 2026-01-14T13:44:33.413Z - Responding to REQUEST_PROJECT_GRAPH message
[NX v22.3.3 Daemon Server] - 2026-01-14T13:44:33.413Z - [REQUEST]: Responding to the client. project-graph
[NX v22.3.3 Daemon Server] - 2026-01-14T13:44:33.414Z - Time taken for 'total for creating and serializing project graph' 5.194000000003143ms
[NX v22.3.3 Daemon Server] - 2026-01-14T13:44:33.416Z - Done responding to the client project-graph
[NX v22.3.3 Daemon Server] - 2026-01-14T13:44:33.416Z - Handled json message REQUEST_PROJECT_GRAPH. Handling time: 5. Response time: 3.
[NX v22.3.3 Daemon Server] - 2026-01-14T13:44:33.421Z - Received raw message of length 1235
[NX v22.3.3 Daemon Server] - 2026-01-14T13:44:33.421Z - Received json message of type PRE_TASKS_EXECUTION
[NX v22.3.3 Daemon Server] - 2026-01-14T13:44:33.421Z - Serializing response for PRE_TASKS_EXECUTION message in json mode
[NX v22.3.3 Daemon Server] - 2026-01-14T13:44:33.421Z - Responding to PRE_TASKS_EXECUTION message
[NX v22.3.3 Daemon Server] - 2026-01-14T13:44:33.421Z - [REQUEST]: Responding to the client. handleRunPreTasksExecution
[NX v22.3.3 Daemon Server] - 2026-01-14T13:44:33.421Z - Done responding to the client handleRunPreTasksExecution
[NX v22.3.3 Daemon Server] - 2026-01-14T13:44:33.421Z - Handled json message PRE_TASKS_EXECUTION. Handling time: 0. Response time: 0.
[NX v22.3.3 Daemon Server] - 2026-01-14T13:44:33.421Z - Time taken for 'preTasksExecution' 0.07612499999231659ms
[NX v22.3.3 Daemon Server] - 2026-01-14T13:44:33.450Z - Received raw message of length 4992
[NX v22.3.3 Daemon Server] - 2026-01-14T13:44:33.450Z - Received json message of type HASH_TASKS
[NX v22.3.3 Daemon Server] - 2026-01-14T13:44:33.450Z - Reusing in-memory cached project graph because no files changed.
[NX v22.3.3 Daemon Server] - 2026-01-14T13:44:33.455Z - Wrote project graph cache to /Users/oliverschiessl/WebstormProjects/ngx-chat-new/ngx-chat/.nx/workspace-data/project-graph.json
DEBUG nx::native::tasks::hash_planner: get_plans_internal COMPLETED in 5.029292ms - processed 1 tasks (setup: 4.429584ms, parallel_planning: 590.875µs)
DEBUG nx::native::tasks::hashers::hash_workspace_files: Hashing workspace fileset{cache_key="karma.conf.js"}: Adding "13437455113659964198" ("karma.conf.js") to hash
DEBUG nx::native::tasks::hashers::hash_workspace_files: Hashing workspace fileset{cache_key="karma.conf.js"}: Hash Value: "6113536095847770814"
DEBUG nx::native::tasks::task_hasher: hash_plans COMPLETED in 3.755209ms - processed 1 plans (setup: 390.167µs, hashing: 3.363792ms, assembly: 1.049667ms)
[NX v22.3.3 Daemon Server] - 2026-01-14T13:44:33.466Z - Serializing response for HASH_TASKS message in json mode
[NX v22.3.3 Daemon Server] - 2026-01-14T13:44:33.466Z - Responding to HASH_TASKS message
[NX v22.3.3 Daemon Server] - 2026-01-14T13:44:33.466Z - [REQUEST]: Responding to the client. handleHashTasks
[NX v22.3.3 Daemon Server] - 2026-01-14T13:44:33.466Z - Time taken for 'write cache' 5.047707999998238ms
[NX v22.3.3 Daemon Server] - 2026-01-14T13:44:33.466Z - Done responding to the client handleHashTasks
[NX v22.3.3 Daemon Server] - 2026-01-14T13:44:33.466Z - Handled json message HASH_TASKS. Handling time: 16. Response time: 0.
[NX v22.3.3 Daemon Server] - 2026-01-14T13:44:33.503Z - Received raw message of length 88
[NX v22.3.3 Daemon Server] - 2026-01-14T13:44:33.503Z - Received json message of type GET_ESTIMATED_TASK_TIMINGS
[NX v22.3.3 Daemon Server] - 2026-01-14T13:44:33.503Z - Serializing response for GET_ESTIMATED_TASK_TIMINGS message in json mode
[NX v22.3.3 Daemon Server] - 2026-01-14T13:44:33.503Z - Responding to GET_ESTIMATED_TASK_TIMINGS message
[NX v22.3.3 Daemon Server] - 2026-01-14T13:44:33.503Z - [REQUEST]: Responding to the client. handleGetEstimatedTaskTimings
[NX v22.3.3 Daemon Server] - 2026-01-14T13:44:33.503Z - Done responding to the client handleGetEstimatedTaskTimings
[NX v22.3.3 Daemon Server] - 2026-01-14T13:44:33.503Z - Handled json message GET_ESTIMATED_TASK_TIMINGS. Handling time: 0. Response time: 0.
[NX v22.3.3 Daemon Server] - 2026-01-14T13:44:33.926Z - Established a connection. Number of open connections: 2
[NX v22.3.3 Daemon Server] - 2026-01-14T13:44:33.927Z - Closed a connection. Number of open connections: 1
[NX v22.3.3 Daemon Server] - 2026-01-14T13:44:33.928Z - Established a connection. Number of open connections: 2
[NX v22.3.3 Daemon Server] - 2026-01-14T13:44:33.934Z - Received raw message of length 32
[NX v22.3.3 Daemon Server] - 2026-01-14T13:44:33.934Z - Received json message of type REQUEST_PROJECT_GRAPH
[NX v22.3.3 Daemon Server] - 2026-01-14T13:44:33.934Z - [REQUEST]: Client Request for Project Graph Received
[NX v22.3.3 Daemon Server] - 2026-01-14T13:44:33.935Z - Reusing in-memory cached project graph because no files changed.
[NX v22.3.3 Daemon Server] - 2026-01-14T13:44:33.940Z - Wrote project graph cache to /Users/oliverschiessl/WebstormProjects/ngx-chat-new/ngx-chat/.nx/workspace-data/project-graph.json
[NX v22.3.3 Daemon Server] - 2026-01-14T13:44:33.940Z - Serializing response for REQUEST_PROJECT_GRAPH message in json mode
[NX v22.3.3 Daemon Server] - 2026-01-14T13:44:33.940Z - Responding to REQUEST_PROJECT_GRAPH message
[NX v22.3.3 Daemon Server] - 2026-01-14T13:44:33.940Z - [REQUEST]: Responding to the client. project-graph
[NX v22.3.3 Daemon Server] - 2026-01-14T13:44:33.940Z - Time taken for 'total for creating and serializing project graph' 5.368082999993931ms
[NX v22.3.3 Daemon Server] - 2026-01-14T13:44:33.942Z - Done responding to the client project-graph
[NX v22.3.3 Daemon Server] - 2026-01-14T13:44:33.942Z - Handled json message REQUEST_PROJECT_GRAPH. Handling time: 6. Response time: 2.
[NX v22.3.3 Daemon Server] - 2026-01-14T13:50:49.854Z - Closed a connection. Number of open connections: 1
[NX v22.3.3 Daemon Server] - 2026-01-14T13:50:49.861Z - Closed a connection. Number of open connections: 0
[NX v22.3.3 Daemon Server] - 2026-01-14T13:50:57.022Z - Established a connection. Number of open connections: 1
[NX v22.3.3 Daemon Server] - 2026-01-14T13:50:57.023Z - Established a connection. Number of open connections: 2
[NX v22.3.3 Daemon Server] - 2026-01-14T13:50:57.023Z - Closed a connection. Number of open connections: 1
[NX v22.3.3 Daemon Server] - 2026-01-14T13:50:57.031Z - Received raw message of length 32
[NX v22.3.3 Daemon Server] - 2026-01-14T13:50:57.031Z - Received json message of type GET_NX_CONSOLE_STATUS
[NX v22.3.3 Daemon Server] - 2026-01-14T13:50:57.031Z - Serializing response for GET_NX_CONSOLE_STATUS message in json mode
[NX v22.3.3 Daemon Server] - 2026-01-14T13:50:57.031Z - Responding to GET_NX_CONSOLE_STATUS message
[NX v22.3.3 Daemon Server] - 2026-01-14T13:50:57.031Z - [REQUEST]: Responding to the client. handleGetNxConsoleStatus
[NX v22.3.3 Daemon Server] - 2026-01-14T13:50:57.031Z - Done responding to the client handleGetNxConsoleStatus
[NX v22.3.3 Daemon Server] - 2026-01-14T13:50:57.031Z - Handled json message GET_NX_CONSOLE_STATUS. Handling time: 0. Response time: 0.
[NX v22.3.3 Daemon Server] - 2026-01-14T13:50:57.075Z - Received raw message of length 32
[NX v22.3.3 Daemon Server] - 2026-01-14T13:50:57.075Z - Received json message of type REQUEST_PROJECT_GRAPH
[NX v22.3.3 Daemon Server] - 2026-01-14T13:50:57.075Z - [REQUEST]: Client Request for Project Graph Received
[NX v22.3.3 Daemon Server] - 2026-01-14T13:50:57.075Z - Reusing in-memory cached project graph because no files changed.
[NX v22.3.3 Daemon Server] - 2026-01-14T13:50:57.081Z - Wrote project graph cache to /Users/oliverschiessl/WebstormProjects/ngx-chat-new/ngx-chat/.nx/workspace-data/project-graph.json
[NX v22.3.3 Daemon Server] - 2026-01-14T13:50:57.082Z - Serializing response for REQUEST_PROJECT_GRAPH message in json mode
[NX v22.3.3 Daemon Server] - 2026-01-14T13:50:57.082Z - Responding to REQUEST_PROJECT_GRAPH message
[NX v22.3.3 Daemon Server] - 2026-01-14T13:50:57.082Z - [REQUEST]: Responding to the client. project-graph
[NX v22.3.3 Daemon Server] - 2026-01-14T13:50:57.082Z - Time taken for 'total for creating and serializing project graph' 6.613874999980908ms
[NX v22.3.3 Daemon Server] - 2026-01-14T13:50:57.084Z - Done responding to the client project-graph
[NX v22.3.3 Daemon Server] - 2026-01-14T13:50:57.084Z - Handled json message REQUEST_PROJECT_GRAPH. Handling time: 7. Response time: 2.
[NX v22.3.3 Daemon Server] - 2026-01-14T13:50:57.089Z - Received raw message of length 1235
[NX v22.3.3 Daemon Server] - 2026-01-14T13:50:57.090Z - Received json message of type PRE_TASKS_EXECUTION
[NX v22.3.3 Daemon Server] - 2026-01-14T13:50:57.090Z - Serializing response for PRE_TASKS_EXECUTION message in json mode
[NX v22.3.3 Daemon Server] - 2026-01-14T13:50:57.090Z - Responding to PRE_TASKS_EXECUTION message
[NX v22.3.3 Daemon Server] - 2026-01-14T13:50:57.090Z - [REQUEST]: Responding to the client. handleRunPreTasksExecution
[NX v22.3.3 Daemon Server] - 2026-01-14T13:50:57.090Z - Done responding to the client handleRunPreTasksExecution
[NX v22.3.3 Daemon Server] - 2026-01-14T13:50:57.090Z - Handled json message PRE_TASKS_EXECUTION. Handling time: 0. Response time: 0.
[NX v22.3.3 Daemon Server] - 2026-01-14T13:50:57.090Z - Time taken for 'preTasksExecution' 0.17337499995483086ms
[NX v22.3.3 Daemon Server] - 2026-01-14T13:50:57.129Z - Received raw message of length 4992
[NX v22.3.3 Daemon Server] - 2026-01-14T13:50:57.129Z - Received json message of type HASH_TASKS
[NX v22.3.3 Daemon Server] - 2026-01-14T13:50:57.129Z - Reusing in-memory cached project graph because no files changed.
[NX v22.3.3 Daemon Server] - 2026-01-14T13:50:57.136Z - Wrote project graph cache to /Users/oliverschiessl/WebstormProjects/ngx-chat-new/ngx-chat/.nx/workspace-data/project-graph.json
DEBUG nx::native::tasks::hash_planner: get_plans_internal COMPLETED in 5.568417ms - processed 1 tasks (setup: 4.92825ms, parallel_planning: 632.75µs)
DEBUG nx::native::tasks::task_hasher: hash_plans COMPLETED in 5.632ms - processed 1 plans (setup: 418.625µs, hashing: 5.210917ms, assembly: 393.625µs)
[NX v22.3.3 Daemon Server] - 2026-01-14T13:50:57.148Z - Serializing response for HASH_TASKS message in json mode
[NX v22.3.3 Daemon Server] - 2026-01-14T13:50:57.148Z - Responding to HASH_TASKS message
[NX v22.3.3 Daemon Server] - 2026-01-14T13:50:57.148Z - [REQUEST]: Responding to the client. handleHashTasks
[NX v22.3.3 Daemon Server] - 2026-01-14T13:50:57.149Z - Time taken for 'write cache' 6.884374999965075ms
[NX v22.3.3 Daemon Server] - 2026-01-14T13:50:57.149Z - Done responding to the client handleHashTasks
[NX v22.3.3 Daemon Server] - 2026-01-14T13:50:57.149Z - Handled json message HASH_TASKS. Handling time: 19. Response time: 1.
[NX v22.3.3 Daemon Server] - 2026-01-14T13:50:57.182Z - Received raw message of length 88
[NX v22.3.3 Daemon Server] - 2026-01-14T13:50:57.182Z - Received json message of type GET_ESTIMATED_TASK_TIMINGS
[NX v22.3.3 Daemon Server] - 2026-01-14T13:50:57.182Z - Serializing response for GET_ESTIMATED_TASK_TIMINGS message in json mode
[NX v22.3.3 Daemon Server] - 2026-01-14T13:50:57.182Z - Responding to GET_ESTIMATED_TASK_TIMINGS message
[NX v22.3.3 Daemon Server] - 2026-01-14T13:50:57.182Z - [REQUEST]: Responding to the client. handleGetEstimatedTaskTimings
[NX v22.3.3 Daemon Server] - 2026-01-14T13:50:57.182Z - Done responding to the client handleGetEstimatedTaskTimings
[NX v22.3.3 Daemon Server] - 2026-01-14T13:50:57.182Z - Handled json message GET_ESTIMATED_TASK_TIMINGS. Handling time: 0. Response time: 0.
[NX v22.3.3 Daemon Server] - 2026-01-14T13:50:57.884Z - Established a connection. Number of open connections: 2
[NX v22.3.3 Daemon Server] - 2026-01-14T13:50:57.885Z - Closed a connection. Number of open connections: 1
[NX v22.3.3 Daemon Server] - 2026-01-14T13:50:57.886Z - Established a connection. Number of open connections: 2
[NX v22.3.3 Daemon Server] - 2026-01-14T13:50:57.894Z - Received raw message of length 32
[NX v22.3.3 Daemon Server] - 2026-01-14T13:50:57.894Z - Received json message of type REQUEST_PROJECT_GRAPH
[NX v22.3.3 Daemon Server] - 2026-01-14T13:50:57.894Z - [REQUEST]: Client Request for Project Graph Received
[NX v22.3.3 Daemon Server] - 2026-01-14T13:50:57.894Z - Reusing in-memory cached project graph because no files changed.
[NX v22.3.3 Daemon Server] - 2026-01-14T13:50:57.900Z - Wrote project graph cache to /Users/oliverschiessl/WebstormProjects/ngx-chat-new/ngx-chat/.nx/workspace-data/project-graph.json
[NX v22.3.3 Daemon Server] - 2026-01-14T13:50:57.900Z - Serializing response for REQUEST_PROJECT_GRAPH message in json mode
[NX v22.3.3 Daemon Server] - 2026-01-14T13:50:57.900Z - Responding to REQUEST_PROJECT_GRAPH message
[NX v22.3.3 Daemon Server] - 2026-01-14T13:50:57.900Z - [REQUEST]: Responding to the client. project-graph
[NX v22.3.3 Daemon Server] - 2026-01-14T13:50:57.900Z - Time taken for 'total for creating and serializing project graph' 5.881707999971695ms
[NX v22.3.3 Daemon Server] - 2026-01-14T13:50:57.902Z - Done responding to the client project-graph
[NX v22.3.3 Daemon Server] - 2026-01-14T13:50:57.902Z - Handled json message REQUEST_PROJECT_GRAPH. Handling time: 6. Response time: 2.
[NX v22.3.3 Daemon Server] - 2026-01-14T13:51:01.517Z - [WATCHER]: Processing file changes in outputs
[NX v22.3.3 Daemon Server] - 2026-01-14T13:51:01.572Z - [WATCHER]: Processing file changes in outputs
[NX v22.3.3 Daemon Server] - 2026-01-14T13:51:01.661Z - [WATCHER]: Processing file changes in outputs
[NX v22.3.3 Daemon Server] - 2026-01-14T13:51:01.714Z - [WATCHER]: Processing file changes in outputs
[NX v22.3.3 Daemon Server] - 2026-01-14T13:51:02.463Z - [WATCHER]: Processing file changes in outputs
[NX v22.3.3 Daemon Server] - 2026-01-14T13:51:02.523Z - [WATCHER]: Processing file changes in outputs
[NX v22.3.3 Daemon Server] - 2026-01-14T13:51:02.598Z - [WATCHER]: Processing file changes in outputs
[NX v22.3.3 Daemon Server] - 2026-01-14T13:51:02.683Z - [WATCHER]: Processing file changes in outputs
[NX v22.3.3 Daemon Server] - 2026-01-14T13:51:02.923Z - [WATCHER]: Processing file changes in outputs
[NX v22.3.3 Daemon Server] - 2026-01-14T13:51:02.979Z - [WATCHER]: Processing file changes in outputs
[NX v22.3.3 Daemon Server] - 2026-01-14T13:51:03.067Z - [WATCHER]: Processing file changes in outputs
[NX v22.3.3 Daemon Server] - 2026-01-14T13:51:03.132Z - [WATCHER]: Processing file changes in outputs
[NX v22.3.3 Daemon Server] - 2026-01-14T13:51:03.183Z - [WATCHER]: Processing file changes in outputs
[NX v22.3.3 Daemon Server] - 2026-01-14T13:51:03.241Z - [WATCHER]: Processing file changes in outputs
[NX v22.3.3 Daemon Server] - 2026-01-14T13:51:03.841Z - [WATCHER]: Processing file changes in outputs
[NX v22.3.3 Daemon Server] - 2026-01-14T13:51:03.893Z - [WATCHER]: Processing file changes in outputs
[NX v22.3.3 Daemon Server] - 2026-01-14T13:51:03.996Z - [WATCHER]: Processing file changes in outputs
[NX v22.3.3 Daemon Server] - 2026-01-14T13:51:04.161Z - [WATCHER]: Processing file changes in outputs
[NX v22.3.3 Daemon Server] - 2026-01-14T13:51:04.215Z - [WATCHER]: Processing file changes in outputs
[NX v22.3.3 Daemon Server] - 2026-01-14T13:51:04.268Z - [WATCHER]: Processing file changes in outputs
[NX v22.3.3 Daemon Server] - 2026-01-14T13:51:04.319Z - [WATCHER]: Processing file changes in outputs
[NX v22.3.3 Daemon Server] - 2026-01-14T13:51:04.371Z - [WATCHER]: Processing file changes in outputs
[NX v22.3.3 Daemon Server] - 2026-01-14T13:51:04.423Z - [WATCHER]: Processing file changes in outputs
[NX v22.3.3 Daemon Server] - 2026-01-14T13:51:04.477Z - [WATCHER]: Processing file changes in outputs
[NX v22.3.3 Daemon Server] - 2026-01-14T13:51:04.571Z - [WATCHER]: Processing file changes in outputs
[NX v22.3.3 Daemon Server] - 2026-01-14T13:51:04.624Z - [WATCHER]: Processing file changes in outputs
[NX v22.3.3 Daemon Server] - 2026-01-14T13:51:04.678Z - [WATCHER]: Processing file changes in outputs
[NX v22.3.3 Daemon Server] - 2026-01-14T13:51:04.729Z - [WATCHER]: Processing file changes in outputs
[NX v22.3.3 Daemon Server] - 2026-01-14T13:51:04.781Z - [WATCHER]: Processing file changes in outputs
[NX v22.3.3 Daemon Server] - 2026-01-14T13:51:04.872Z - [WATCHER]: Processing file changes in outputs
[NX v22.3.3 Daemon Server] - 2026-01-14T13:51:04.931Z - [WATCHER]: Processing file changes in outputs
[NX v22.3.3 Daemon Server] - 2026-01-14T13:51:04.984Z - [WATCHER]: Processing file changes in outputs
[NX v22.3.3 Daemon Server] - 2026-01-14T13:51:05.039Z - [WATCHER]: Processing file changes in outputs
[NX v22.3.3 Daemon Server] - 2026-01-14T13:51:05.091Z - [WATCHER]: Processing file changes in outputs
[NX v22.3.3 Daemon Server] - 2026-01-14T13:51:05.148Z - [WATCHER]: Processing file changes in outputs
[NX v22.3.3 Daemon Server] - 2026-01-14T13:51:05.200Z - [WATCHER]: Processing file changes in outputs
[NX v22.3.3 Daemon Server] - 2026-01-14T13:51:05.260Z - [WATCHER]: Processing file changes in outputs
[NX v22.3.3 Daemon Server] - 2026-01-14T13:51:05.324Z - [WATCHER]: Processing file changes in outputs
[NX v22.3.3 Daemon Server] - 2026-01-14T13:51:05.377Z - [WATCHER]: Processing file changes in outputs
[NX v22.3.3 Daemon Server] - 2026-01-14T13:51:05.443Z - [WATCHER]: Processing file changes in outputs
[NX v22.3.3 Daemon Server] - 2026-01-14T13:51:05.505Z - [WATCHER]: Processing file changes in outputs
[NX v22.3.3 Daemon Server] - 2026-01-14T13:51:05.592Z - [WATCHER]: Processing file changes in outputs
[NX v22.3.3 Daemon Server] - 2026-01-14T13:51:05.654Z - [WATCHER]: Processing file changes in outputs
[NX v22.3.3 Daemon Server] - 2026-01-14T13:51:05.706Z - [WATCHER]: Processing file changes in outputs
[NX v22.3.3 Daemon Server] - 2026-01-14T13:51:08.667Z - [WATCHER]: Processing file changes in outputs
[NX v22.3.3 Daemon Server] - 2026-01-14T13:51:08.755Z - [WATCHER]: Processing file changes in outputs
[NX v22.3.3 Daemon Server] - 2026-01-14T13:53:28.828Z - Closed a connection. Number of open connections: 1
[NX v22.3.3 Daemon Server] - 2026-01-14T13:53:28.872Z - Closed a connection. Number of open connections: 0
[NX v22.3.3 Daemon Server] - 2026-01-14T13:53:47.851Z - Established a connection. Number of open connections: 1
[NX v22.3.3 Daemon Server] - 2026-01-14T13:53:47.851Z - Closed a connection. Number of open connections: 0
[NX v22.3.3 Daemon Server] - 2026-01-14T13:53:47.851Z - Established a connection. Number of open connections: 1
[NX v22.3.3 Daemon Server] - 2026-01-14T13:53:47.860Z - Received raw message of length 32
[NX v22.3.3 Daemon Server] - 2026-01-14T13:53:47.860Z - Received json message of type GET_NX_CONSOLE_STATUS
[NX v22.3.3 Daemon Server] - 2026-01-14T13:53:47.860Z - Serializing response for GET_NX_CONSOLE_STATUS message in json mode
[NX v22.3.3 Daemon Server] - 2026-01-14T13:53:47.860Z - Responding to GET_NX_CONSOLE_STATUS message
[NX v22.3.3 Daemon Server] - 2026-01-14T13:53:47.860Z - [REQUEST]: Responding to the client. handleGetNxConsoleStatus
[NX v22.3.3 Daemon Server] - 2026-01-14T13:53:47.860Z - Done responding to the client handleGetNxConsoleStatus
[NX v22.3.3 Daemon Server] - 2026-01-14T13:53:47.860Z - Handled json message GET_NX_CONSOLE_STATUS. Handling time: 0. Response time: 0.
[NX v22.3.3 Daemon Server] - 2026-01-14T13:53:47.937Z - Received raw message of length 32
[NX v22.3.3 Daemon Server] - 2026-01-14T13:53:47.937Z - Received json message of type REQUEST_PROJECT_GRAPH
[NX v22.3.3 Daemon Server] - 2026-01-14T13:53:47.937Z - [REQUEST]: Client Request for Project Graph Received
[NX v22.3.3 Daemon Server] - 2026-01-14T13:53:47.938Z - Reusing in-memory cached project graph because no files changed.
[NX v22.3.3 Daemon Server] - 2026-01-14T13:53:47.957Z - Wrote project graph cache to /Users/oliverschiessl/WebstormProjects/ngx-chat-new/ngx-chat/.nx/workspace-data/project-graph.json
[NX v22.3.3 Daemon Server] - 2026-01-14T13:53:47.957Z - Serializing response for REQUEST_PROJECT_GRAPH message in json mode
[NX v22.3.3 Daemon Server] - 2026-01-14T13:53:47.957Z - Responding to REQUEST_PROJECT_GRAPH message
[NX v22.3.3 Daemon Server] - 2026-01-14T13:53:47.957Z - [REQUEST]: Responding to the client. project-graph
[NX v22.3.3 Daemon Server] - 2026-01-14T13:53:47.958Z - Time taken for 'total for creating and serializing project graph' 19.967875000089407ms
[NX v22.3.3 Daemon Server] - 2026-01-14T13:53:47.961Z - Done responding to the client project-graph
[NX v22.3.3 Daemon Server] - 2026-01-14T13:53:47.961Z - Handled json message REQUEST_PROJECT_GRAPH. Handling time: 20. Response time: 4.
[NX v22.3.3 Daemon Server] - 2026-01-14T13:53:47.967Z - Received raw message of length 1233
[NX v22.3.3 Daemon Server] - 2026-01-14T13:53:47.967Z - Received json message of type PRE_TASKS_EXECUTION
[NX v22.3.3 Daemon Server] - 2026-01-14T13:53:47.967Z - Serializing response for PRE_TASKS_EXECUTION message in json mode
[NX v22.3.3 Daemon Server] - 2026-01-14T13:53:47.967Z - Responding to PRE_TASKS_EXECUTION message
[NX v22.3.3 Daemon Server] - 2026-01-14T13:53:47.967Z - [REQUEST]: Responding to the client. handleRunPreTasksExecution
[NX v22.3.3 Daemon Server] - 2026-01-14T13:53:47.967Z - Done responding to the client handleRunPreTasksExecution
[NX v22.3.3 Daemon Server] - 2026-01-14T13:53:47.967Z - Handled json message PRE_TASKS_EXECUTION. Handling time: 0. Response time: 0.
[NX v22.3.3 Daemon Server] - 2026-01-14T13:53:47.967Z - Time taken for 'preTasksExecution' 0.08374999999068677ms
[NX v22.3.3 Daemon Server] - 2026-01-14T13:53:48.007Z - Received raw message of length 4983
[NX v22.3.3 Daemon Server] - 2026-01-14T13:53:48.007Z - Received json message of type HASH_TASKS
[NX v22.3.3 Daemon Server] - 2026-01-14T13:53:48.007Z - Reusing in-memory cached project graph because no files changed.
[NX v22.3.3 Daemon Server] - 2026-01-14T13:53:48.012Z - Wrote project graph cache to /Users/oliverschiessl/WebstormProjects/ngx-chat-new/ngx-chat/.nx/workspace-data/project-graph.json
DEBUG nx::native::tasks::hash_planner: get_plans_internal COMPLETED in 5.283833ms - processed 1 tasks (setup: 4.032416ms, parallel_planning: 1.248416ms)
DEBUG nx::native::tasks::task_hasher: hash_plans COMPLETED in 4.541708ms - processed 1 plans (setup: 851.458µs, hashing: 3.689333ms, assembly: 1.106375ms)
[NX v22.3.3 Daemon Server] - 2026-01-14T13:53:48.024Z - Serializing response for HASH_TASKS message in json mode
[NX v22.3.3 Daemon Server] - 2026-01-14T13:53:48.024Z - Responding to HASH_TASKS message
[NX v22.3.3 Daemon Server] - 2026-01-14T13:53:48.024Z - [REQUEST]: Responding to the client. handleHashTasks
[NX v22.3.3 Daemon Server] - 2026-01-14T13:53:48.024Z - Time taken for 'write cache' 5.128415999934077ms
[NX v22.3.3 Daemon Server] - 2026-01-14T13:53:48.024Z - Done responding to the client handleHashTasks
[NX v22.3.3 Daemon Server] - 2026-01-14T13:53:48.024Z - Handled json message HASH_TASKS. Handling time: 17. Response time: 0.
[NX v22.3.3 Daemon Server] - 2026-01-14T13:53:48.056Z - Received raw message of length 87
[NX v22.3.3 Daemon Server] - 2026-01-14T13:53:48.056Z - Received json message of type GET_ESTIMATED_TASK_TIMINGS
[NX v22.3.3 Daemon Server] - 2026-01-14T13:53:48.056Z - Serializing response for GET_ESTIMATED_TASK_TIMINGS message in json mode
[NX v22.3.3 Daemon Server] - 2026-01-14T13:53:48.056Z - Responding to GET_ESTIMATED_TASK_TIMINGS message
[NX v22.3.3 Daemon Server] - 2026-01-14T13:53:48.056Z - [REQUEST]: Responding to the client. handleGetEstimatedTaskTimings
[NX v22.3.3 Daemon Server] - 2026-01-14T13:53:48.056Z - Done responding to the client handleGetEstimatedTaskTimings
[NX v22.3.3 Daemon Server] - 2026-01-14T13:53:48.056Z - Handled json message GET_ESTIMATED_TASK_TIMINGS. Handling time: 0. Response time: 0.
[NX v22.3.3 Daemon Server] - 2026-01-14T13:53:48.769Z - Established a connection. Number of open connections: 2
[NX v22.3.3 Daemon Server] - 2026-01-14T13:53:48.770Z - Closed a connection. Number of open connections: 1
[NX v22.3.3 Daemon Server] - 2026-01-14T13:53:48.770Z - Established a connection. Number of open connections: 2
[NX v22.3.3 Daemon Server] - 2026-01-14T13:53:48.776Z - Received raw message of length 32
[NX v22.3.3 Daemon Server] - 2026-01-14T13:53:48.776Z - Received json message of type REQUEST_PROJECT_GRAPH
[NX v22.3.3 Daemon Server] - 2026-01-14T13:53:48.776Z - [REQUEST]: Client Request for Project Graph Received
[NX v22.3.3 Daemon Server] - 2026-01-14T13:53:48.777Z - Reusing in-memory cached project graph because no files changed.
[NX v22.3.3 Daemon Server] - 2026-01-14T13:53:48.782Z - Wrote project graph cache to /Users/oliverschiessl/WebstormProjects/ngx-chat-new/ngx-chat/.nx/workspace-data/project-graph.json
[NX v22.3.3 Daemon Server] - 2026-01-14T13:53:48.782Z - Serializing response for REQUEST_PROJECT_GRAPH message in json mode
[NX v22.3.3 Daemon Server] - 2026-01-14T13:53:48.782Z - Responding to REQUEST_PROJECT_GRAPH message
[NX v22.3.3 Daemon Server] - 2026-01-14T13:53:48.782Z - [REQUEST]: Responding to the client. project-graph
[NX v22.3.3 Daemon Server] - 2026-01-14T13:53:48.783Z - Time taken for 'total for creating and serializing project graph' 5.402457999996841ms
[NX v22.3.3 Daemon Server] - 2026-01-14T13:53:48.785Z - Done responding to the client project-graph
[NX v22.3.3 Daemon Server] - 2026-01-14T13:53:48.785Z - Handled json message REQUEST_PROJECT_GRAPH. Handling time: 6. Response time: 3.
[NX v22.3.3 Daemon Server] - 2026-01-14T13:53:51.811Z - [WATCHER]: Processing file changes in outputs
[NX v22.3.3 Daemon Server] - 2026-01-14T13:53:51.871Z - [WATCHER]: Processing file changes in outputs
[NX v22.3.3 Daemon Server] - 2026-01-14T13:53:51.926Z - [WATCHER]: Processing file changes in outputs
[NX v22.3.3 Daemon Server] - 2026-01-14T13:53:51.978Z - [WATCHER]: Processing file changes in outputs
[NX v22.3.3 Daemon Server] - 2026-01-14T13:53:52.034Z - [WATCHER]: Processing file changes in outputs
[NX v22.3.3 Daemon Server] - 2026-01-14T13:53:52.089Z - [WATCHER]: Processing file changes in outputs
[NX v22.3.3 Daemon Server] - 2026-01-14T13:53:52.179Z - [WATCHER]: Processing file changes in outputs
[NX v22.3.3 Daemon Server] - 2026-01-14T13:53:52.754Z - [WATCHER]: Processing file changes in outputs
[NX v22.3.3 Daemon Server] - 2026-01-14T13:53:52.816Z - [WATCHER]: Processing file changes in outputs
[NX v22.3.3 Daemon Server] - 2026-01-14T13:53:52.884Z - [WATCHER]: Processing file changes in outputs
[NX v22.3.3 Daemon Server] - 2026-01-14T13:53:52.965Z - [WATCHER]: Processing file changes in outputs
[NX v22.3.3 Daemon Server] - 2026-01-14T13:53:53.043Z - [WATCHER]: Processing file changes in outputs
[NX v22.3.3 Daemon Server] - 2026-01-14T13:53:53.141Z - [WATCHER]: Processing file changes in outputs
[NX v22.3.3 Daemon Server] - 2026-01-14T13:53:53.199Z - [WATCHER]: Processing file changes in outputs
[NX v22.3.3 Daemon Server] - 2026-01-14T13:53:53.516Z - [WATCHER]: Processing file changes in outputs
[NX v22.3.3 Daemon Server] - 2026-01-14T13:53:53.590Z - [WATCHER]: Processing file changes in outputs
[NX v22.3.3 Daemon Server] - 2026-01-14T13:53:53.674Z - [WATCHER]: Processing file changes in outputs
[NX v22.3.3 Daemon Server] - 2026-01-14T13:53:53.811Z - [WATCHER]: Processing file changes in outputs
[NX v22.3.3 Daemon Server] - 2026-01-14T13:53:53.947Z - [WATCHER]: Processing file changes in outputs
[NX v22.3.3 Daemon Server] - 2026-01-14T13:53:54.106Z - [WATCHER]: Processing file changes in outputs
[NX v22.3.3 Daemon Server] - 2026-01-14T13:53:54.166Z - [WATCHER]: Processing file changes in outputs
[NX v22.3.3 Daemon Server] - 2026-01-14T13:53:54.227Z - [WATCHER]: Processing file changes in outputs
[NX v22.3.3 Daemon Server] - 2026-01-14T13:53:54.283Z - [WATCHER]: Processing file changes in outputs
[NX v22.3.3 Daemon Server] - 2026-01-14T13:53:54.347Z - [WATCHER]: Processing file changes in outputs
[NX v22.3.3 Daemon Server] - 2026-01-14T13:53:54.399Z - [WATCHER]: Processing file changes in outputs
[NX v22.3.3 Daemon Server] - 2026-01-14T13:53:54.490Z - [WATCHER]: Processing file changes in outputs
[NX v22.3.3 Daemon Server] - 2026-01-14T13:53:54.657Z - [WATCHER]: Processing file changes in outputs
[NX v22.3.3 Daemon Server] - 2026-01-14T13:53:54.711Z - [WATCHER]: Processing file changes in outputs
[NX v22.3.3 Daemon Server] - 2026-01-14T13:53:54.765Z - [WATCHER]: Processing file changes in outputs
[NX v22.3.3 Daemon Server] - 2026-01-14T13:53:54.824Z - [WATCHER]: Processing file changes in outputs
[NX v22.3.3 Daemon Server] - 2026-01-14T13:53:54.883Z - [WATCHER]: Processing file changes in outputs
[NX v22.3.3 Daemon Server] - 2026-01-14T13:53:54.975Z - [WATCHER]: Processing file changes in outputs
[NX v22.3.3 Daemon Server] - 2026-01-14T13:53:55.035Z - [WATCHER]: Processing file changes in outputs
[NX v22.3.3 Daemon Server] - 2026-01-14T13:53:55.087Z - [WATCHER]: Processing file changes in outputs
[NX v22.3.3 Daemon Server] - 2026-01-14T13:53:55.904Z - Closed a connection. Number of open connections: 1
[NX v22.3.3 Daemon Server] - 2026-01-14T13:53:55.938Z - Received raw message of length 81
[NX v22.3.3 Daemon Server] - 2026-01-14T13:53:55.938Z - Received json message of type RECORD_OUTPUTS_HASH
[NX v22.3.3 Daemon Server] - 2026-01-14T13:53:55.938Z - Serializing response for RECORD_OUTPUTS_HASH message in json mode
[NX v22.3.3 Daemon Server] - 2026-01-14T13:53:55.938Z - Responding to RECORD_OUTPUTS_HASH message
[NX v22.3.3 Daemon Server] - 2026-01-14T13:53:55.938Z - [REQUEST]: Responding to the client. recordOutputsHash
[NX v22.3.3 Daemon Server] - 2026-01-14T13:53:55.938Z - Done responding to the client recordOutputsHash
[NX v22.3.3 Daemon Server] - 2026-01-14T13:53:55.938Z - Handled json message RECORD_OUTPUTS_HASH. Handling time: 0. Response time: 0.
[NX v22.3.3 Daemon Server] - 2026-01-14T13:53:55.942Z - Received raw message of length 188
[NX v22.3.3 Daemon Server] - 2026-01-14T13:53:55.942Z - Received json message of type RECORD_TASK_RUNS
[NX v22.3.3 Daemon Server] - 2026-01-14T13:53:55.942Z - Serializing response for RECORD_TASK_RUNS message in json mode
[NX v22.3.3 Daemon Server] - 2026-01-14T13:53:55.942Z - Responding to RECORD_TASK_RUNS message
[NX v22.3.3 Daemon Server] - 2026-01-14T13:53:55.942Z - [REQUEST]: Responding to the client. handleRecordTaskRuns
[NX v22.3.3 Daemon Server] - 2026-01-14T13:53:55.942Z - Done responding to the client handleRecordTaskRuns
[NX v22.3.3 Daemon Server] - 2026-01-14T13:53:55.942Z - Handled json message RECORD_TASK_RUNS. Handling time: 0. Response time: 0.
[NX v22.3.3 Daemon Server] - 2026-01-14T13:53:55.943Z - Received raw message of length 59
[NX v22.3.3 Daemon Server] - 2026-01-14T13:53:55.943Z - Received json message of type GET_FLAKY_TASKS
[NX v22.3.3 Daemon Server] - 2026-01-14T13:53:55.944Z - Serializing response for GET_FLAKY_TASKS message in json mode
[NX v22.3.3 Daemon Server] - 2026-01-14T13:53:55.944Z - Responding to GET_FLAKY_TASKS message
[NX v22.3.3 Daemon Server] - 2026-01-14T13:53:55.944Z - [REQUEST]: Responding to the client. handleGetFlakyTasks
[NX v22.3.3 Daemon Server] - 2026-01-14T13:53:55.944Z - Done responding to the client handleGetFlakyTasks
[NX v22.3.3 Daemon Server] - 2026-01-14T13:53:55.944Z - Handled json message GET_FLAKY_TASKS. Handling time: 1. Response time: 0.
[NX v22.3.3 Daemon Server] - 2026-01-14T13:53:55.947Z - Received raw message of length 69064
[NX v22.3.3 Daemon Server] - 2026-01-14T13:53:55.947Z - Received json message of type POST_TASKS_EXECUTION
[NX v22.3.3 Daemon Server] - 2026-01-14T13:53:55.947Z - Serializing response for POST_TASKS_EXECUTION message in json mode
[NX v22.3.3 Daemon Server] - 2026-01-14T13:53:55.947Z - Responding to POST_TASKS_EXECUTION message
[NX v22.3.3 Daemon Server] - 2026-01-14T13:53:55.947Z - [REQUEST]: Responding to the client. handleRunPostTasksExecution
[NX v22.3.3 Daemon Server] - 2026-01-14T13:53:55.948Z - Done responding to the client handleRunPostTasksExecution
[NX v22.3.3 Daemon Server] - 2026-01-14T13:53:55.948Z - Handled json message POST_TASKS_EXECUTION. Handling time: 0. Response time: 1.
[NX v22.3.3 Daemon Server] - 2026-01-14T13:53:55.948Z - Time taken for 'postTasksExecution' 0.08079200005158782ms
[NX v22.3.3 Daemon Server] - 2026-01-14T13:53:55.952Z - Closed a connection. Number of open connections: 0
[NX v22.3.3 Daemon Server] - 2026-01-14T13:54:18.318Z - [WATCHER]: apps/demo/src/app/components/stanza/stanza.component.ts was modified
[NX v22.3.3 Daemon Server] - 2026-01-14T13:54:18.318Z - [SYNC]: clearing sync generators cache due to file changes
[NX v22.3.3 Daemon Server] - 2026-01-14T13:54:18.318Z - [WATCHER]: Processing file changes in outputs
[NX v22.3.3 Daemon Server] - 2026-01-14T13:54:18.421Z - [REQUEST]: Updated workspace context based on watched changes, recomputing project graph...
[NX v22.3.3 Daemon Server] - 2026-01-14T13:54:18.421Z - [REQUEST]: apps/demo/src/app/components/stanza/stanza.component.ts
[NX v22.3.3 Daemon Server] - 2026-01-14T13:54:18.421Z - [REQUEST]: 
[NX v22.3.3 Daemon Server] - 2026-01-14T13:54:18.425Z - Time taken for 'hash changed files from watcher' 1.8894169999985024ms
Time for 'nx/core/package-json:createNodes' 3.591167000005953
Time for 'nx/core/project-json:createNodes' 3.1800409998977557
Time for 'nx/js/dependencies-and-lockfile:createNodes' 13.236040999996476
[NX v22.3.3 Daemon Server] - 2026-01-14T13:54:18.465Z - Time taken for 'build-project-configs' 25.066042000078596ms
Time for 'build typescript dependencies' 3.766624999931082
[NX v22.3.3 Daemon Server] - 2026-01-14T13:54:18.490Z - [SYNC]: collect registered sync generators
[NX v22.3.3 Daemon Server] - 2026-01-14T13:54:18.491Z - [SYNC]: project graph hash is the same, not collecting task sync generators
[NX v22.3.3 Daemon Server] - 2026-01-14T13:54:18.491Z - [SYNC]: nx.json hash is the same, not collecting global sync generators
[NX v22.3.3 Daemon Server] - 2026-01-14T13:54:18.491Z - Time taken for 'total execution time for createProjectGraph()' 35.8519999999553ms
[NX v22.3.3 Daemon Server] - 2026-01-14T13:54:20.293Z - Established a connection. Number of open connections: 1
[NX v22.3.3 Daemon Server] - 2026-01-14T13:54:20.293Z - Closed a connection. Number of open connections: 0
[NX v22.3.3 Daemon Server] - 2026-01-14T13:54:20.293Z - Established a connection. Number of open connections: 1
[NX v22.3.3 Daemon Server] - 2026-01-14T13:54:20.301Z - Received raw message of length 32
[NX v22.3.3 Daemon Server] - 2026-01-14T13:54:20.301Z - Received json message of type GET_NX_CONSOLE_STATUS
[NX v22.3.3 Daemon Server] - 2026-01-14T13:54:20.301Z - Serializing response for GET_NX_CONSOLE_STATUS message in json mode
[NX v22.3.3 Daemon Server] - 2026-01-14T13:54:20.301Z - Responding to GET_NX_CONSOLE_STATUS message
[NX v22.3.3 Daemon Server] - 2026-01-14T13:54:20.301Z - [REQUEST]: Responding to the client. handleGetNxConsoleStatus
[NX v22.3.3 Daemon Server] - 2026-01-14T13:54:20.301Z - Done responding to the client handleGetNxConsoleStatus
[NX v22.3.3 Daemon Server] - 2026-01-14T13:54:20.301Z - Handled json message GET_NX_CONSOLE_STATUS. Handling time: 0. Response time: 0.
[NX v22.3.3 Daemon Server] - 2026-01-14T13:54:20.333Z - Received raw message of length 32
[NX v22.3.3 Daemon Server] - 2026-01-14T13:54:20.333Z - Received json message of type REQUEST_PROJECT_GRAPH
[NX v22.3.3 Daemon Server] - 2026-01-14T13:54:20.333Z - [REQUEST]: Client Request for Project Graph Received
[NX v22.3.3 Daemon Server] - 2026-01-14T13:54:20.333Z - Reusing in-memory cached project graph because no files changed.
[NX v22.3.3 Daemon Server] - 2026-01-14T13:54:20.340Z - Wrote project graph cache to /Users/oliverschiessl/WebstormProjects/ngx-chat-new/ngx-chat/.nx/workspace-data/project-graph.json
[NX v22.3.3 Daemon Server] - 2026-01-14T13:54:20.340Z - Serializing response for REQUEST_PROJECT_GRAPH message in json mode
[NX v22.3.3 Daemon Server] - 2026-01-14T13:54:20.340Z - Responding to REQUEST_PROJECT_GRAPH message
[NX v22.3.3 Daemon Server] - 2026-01-14T13:54:20.340Z - [REQUEST]: Responding to the client. project-graph
[NX v22.3.3 Daemon Server] - 2026-01-14T13:54:20.341Z - Time taken for 'total for creating and serializing project graph' 7.51762499997858ms
[NX v22.3.3 Daemon Server] - 2026-01-14T13:54:20.343Z - Done responding to the client project-graph
[NX v22.3.3 Daemon Server] - 2026-01-14T13:54:20.343Z - Handled json message REQUEST_PROJECT_GRAPH. Handling time: 7. Response time: 3.
[NX v22.3.3 Daemon Server] - 2026-01-14T13:54:20.348Z - Received raw message of length 1233
[NX v22.3.3 Daemon Server] - 2026-01-14T13:54:20.348Z - Received json message of type PRE_TASKS_EXECUTION
[NX v22.3.3 Daemon Server] - 2026-01-14T13:54:20.348Z - Serializing response for PRE_TASKS_EXECUTION message in json mode
[NX v22.3.3 Daemon Server] - 2026-01-14T13:54:20.348Z - Responding to PRE_TASKS_EXECUTION message
[NX v22.3.3 Daemon Server] - 2026-01-14T13:54:20.348Z - [REQUEST]: Responding to the client. handleRunPreTasksExecution
[NX v22.3.3 Daemon Server] - 2026-01-14T13:54:20.348Z - Done responding to the client handleRunPreTasksExecution
[NX v22.3.3 Daemon Server] - 2026-01-14T13:54:20.348Z - Handled json message PRE_TASKS_EXECUTION. Handling time: 0. Response time: 0.
[NX v22.3.3 Daemon Server] - 2026-01-14T13:54:20.348Z - Time taken for 'preTasksExecution' 0.060834000003524125ms
[NX v22.3.3 Daemon Server] - 2026-01-14T13:54:20.377Z - Received raw message of length 4983
[NX v22.3.3 Daemon Server] - 2026-01-14T13:54:20.377Z - Received json message of type HASH_TASKS
[NX v22.3.3 Daemon Server] - 2026-01-14T13:54:20.377Z - Reusing in-memory cached project graph because no files changed.
[NX v22.3.3 Daemon Server] - 2026-01-14T13:54:20.382Z - Wrote project graph cache to /Users/oliverschiessl/WebstormProjects/ngx-chat-new/ngx-chat/.nx/workspace-data/project-graph.json
DEBUG nx::native::tasks::hash_planner: get_plans_internal COMPLETED in 4.884167ms - processed 1 tasks (setup: 3.886ms, parallel_planning: 995.5µs)
DEBUG nx::native::tasks::hashers::hash_workspace_files: Hashing workspace fileset{cache_key="nx.json,.gitignore,.nxignore"}: Adding "6921474174629748121" (".gitignore") to hash
DEBUG nx::native::tasks::hashers::hash_workspace_files: Hashing workspace fileset{cache_key="nx.json,.gitignore,.nxignore"}: Adding "11090693485628831218" ("nx.json") to hash
DEBUG nx::native::tasks::hashers::hash_workspace_files: Hashing workspace fileset{cache_key="nx.json,.gitignore,.nxignore"}: Hash Value: "5861842607570332289"
DEBUG nx::native::tasks::task_hasher: hash_plans COMPLETED in 3.96225ms - processed 1 plans (setup: 371.708µs, hashing: 3.589458ms, assembly: 1.289458ms)
[NX v22.3.3 Daemon Server] - 2026-01-14T13:54:20.397Z - Serializing response for HASH_TASKS message in json mode
[NX v22.3.3 Daemon Server] - 2026-01-14T13:54:20.397Z - Responding to HASH_TASKS message
[NX v22.3.3 Daemon Server] - 2026-01-14T13:54:20.397Z - [REQUEST]: Responding to the client. handleHashTasks
[NX v22.3.3 Daemon Server] - 2026-01-14T13:54:20.398Z - Time taken for 'write cache' 4.470333999954164ms
[NX v22.3.3 Daemon Server] - 2026-01-14T13:54:20.398Z - Done responding to the client handleHashTasks
[NX v22.3.3 Daemon Server] - 2026-01-14T13:54:20.398Z - Handled json message HASH_TASKS. Handling time: 20. Response time: 1.
[NX v22.3.3 Daemon Server] - 2026-01-14T13:54:20.434Z - Received raw message of length 87
[NX v22.3.3 Daemon Server] - 2026-01-14T13:54:20.434Z - Received json message of type GET_ESTIMATED_TASK_TIMINGS
[NX v22.3.3 Daemon Server] - 2026-01-14T13:54:20.434Z - Serializing response for GET_ESTIMATED_TASK_TIMINGS message in json mode
[NX v22.3.3 Daemon Server] - 2026-01-14T13:54:20.434Z - Responding to GET_ESTIMATED_TASK_TIMINGS message
[NX v22.3.3 Daemon Server] - 2026-01-14T13:54:20.434Z - [REQUEST]: Responding to the client. handleGetEstimatedTaskTimings
[NX v22.3.3 Daemon Server] - 2026-01-14T13:54:20.434Z - Done responding to the client handleGetEstimatedTaskTimings
[NX v22.3.3 Daemon Server] - 2026-01-14T13:54:20.434Z - Handled json message GET_ESTIMATED_TASK_TIMINGS. Handling time: 0. Response time: 0.
[NX v22.3.3 Daemon Server] - 2026-01-14T13:54:21.079Z - Established a connection. Number of open connections: 2
[NX v22.3.3 Daemon Server] - 2026-01-14T13:54:21.081Z - Closed a connection. Number of open connections: 1
[NX v22.3.3 Daemon Server] - 2026-01-14T13:54:21.081Z - Established a connection. Number of open connections: 2
[NX v22.3.3 Daemon Server] - 2026-01-14T13:54:21.095Z - Received raw message of length 32
[NX v22.3.3 Daemon Server] - 2026-01-14T13:54:21.096Z - Received json message of type REQUEST_PROJECT_GRAPH
[NX v22.3.3 Daemon Server] - 2026-01-14T13:54:21.096Z - [REQUEST]: Client Request for Project Graph Received
[NX v22.3.3 Daemon Server] - 2026-01-14T13:54:21.098Z - Reusing in-memory cached project graph because no files changed.
[NX v22.3.3 Daemon Server] - 2026-01-14T13:54:21.105Z - Wrote project graph cache to /Users/oliverschiessl/WebstormProjects/ngx-chat-new/ngx-chat/.nx/workspace-data/project-graph.json
[NX v22.3.3 Daemon Server] - 2026-01-14T13:54:21.105Z - Serializing response for REQUEST_PROJECT_GRAPH message in json mode
[NX v22.3.3 Daemon Server] - 2026-01-14T13:54:21.105Z - Responding to REQUEST_PROJECT_GRAPH message
[NX v22.3.3 Daemon Server] - 2026-01-14T13:54:21.105Z - [REQUEST]: Responding to the client. project-graph
[NX v22.3.3 Daemon Server] - 2026-01-14T13:54:21.106Z - Time taken for 'total for creating and serializing project graph' 9.022624999983236ms
[NX v22.3.3 Daemon Server] - 2026-01-14T13:54:21.108Z - Done responding to the client project-graph
[NX v22.3.3 Daemon Server] - 2026-01-14T13:54:21.108Z - Handled json message REQUEST_PROJECT_GRAPH. Handling time: 9. Response time: 3.
[NX v22.3.3 Daemon Server] - 2026-01-14T13:54:25.219Z - [WATCHER]: Processing file changes in outputs
[NX v22.3.3 Daemon Server] - 2026-01-14T13:54:29.702Z - [WATCHER]: Processing file changes in outputs
[NX v22.3.3 Daemon Server] - 2026-01-14T13:54:29.769Z - [WATCHER]: Processing file changes in outputs
[NX v22.3.3 Daemon Server] - 2026-01-14T13:55:41.698Z - [WATCHER]: Processing file changes in outputs
[NX v22.3.3 Daemon Server] - 2026-01-14T13:55:41.707Z - Closed a connection. Number of open connections: 1
[NX v22.3.3 Daemon Server] - 2026-01-14T13:55:41.714Z - Received raw message of length 81
[NX v22.3.3 Daemon Server] - 2026-01-14T13:55:41.715Z - Received json message of type RECORD_OUTPUTS_HASH
[NX v22.3.3 Daemon Server] - 2026-01-14T13:55:41.715Z - Serializing response for RECORD_OUTPUTS_HASH message in json mode
[NX v22.3.3 Daemon Server] - 2026-01-14T13:55:41.715Z - Responding to RECORD_OUTPUTS_HASH message
[NX v22.3.3 Daemon Server] - 2026-01-14T13:55:41.715Z - [REQUEST]: Responding to the client. recordOutputsHash
[NX v22.3.3 Daemon Server] - 2026-01-14T13:55:41.715Z - Done responding to the client recordOutputsHash
[NX v22.3.3 Daemon Server] - 2026-01-14T13:55:41.715Z - Handled json message RECORD_OUTPUTS_HASH. Handling time: 0. Response time: 0.
[NX v22.3.3 Daemon Server] - 2026-01-14T13:55:41.719Z - Received raw message of length 188
[NX v22.3.3 Daemon Server] - 2026-01-14T13:55:41.719Z - Received json message of type RECORD_TASK_RUNS
[NX v22.3.3 Daemon Server] - 2026-01-14T13:55:41.719Z - Serializing response for RECORD_TASK_RUNS message in json mode
[NX v22.3.3 Daemon Server] - 2026-01-14T13:55:41.719Z - Responding to RECORD_TASK_RUNS message
[NX v22.3.3 Daemon Server] - 2026-01-14T13:55:41.719Z - [REQUEST]: Responding to the client. handleRecordTaskRuns
[NX v22.3.3 Daemon Server] - 2026-01-14T13:55:41.719Z - Done responding to the client handleRecordTaskRuns
[NX v22.3.3 Daemon Server] - 2026-01-14T13:55:41.719Z - Handled json message RECORD_TASK_RUNS. Handling time: 0. Response time: 0.
[NX v22.3.3 Daemon Server] - 2026-01-14T13:55:41.720Z - Received raw message of length 59
[NX v22.3.3 Daemon Server] - 2026-01-14T13:55:41.720Z - Received json message of type GET_FLAKY_TASKS
[NX v22.3.3 Daemon Server] - 2026-01-14T13:55:41.720Z - Serializing response for GET_FLAKY_TASKS message in json mode
[NX v22.3.3 Daemon Server] - 2026-01-14T13:55:41.720Z - Responding to GET_FLAKY_TASKS message
[NX v22.3.3 Daemon Server] - 2026-01-14T13:55:41.721Z - [REQUEST]: Responding to the client. handleGetFlakyTasks
[NX v22.3.3 Daemon Server] - 2026-01-14T13:55:41.721Z - Done responding to the client handleGetFlakyTasks
[NX v22.3.3 Daemon Server] - 2026-01-14T13:55:41.721Z - Handled json message GET_FLAKY_TASKS. Handling time: 0. Response time: 1.
[NX v22.3.3 Daemon Server] - 2026-01-14T13:55:41.723Z - Received raw message of length 75235
[NX v22.3.3 Daemon Server] - 2026-01-14T13:55:41.724Z - Received json message of type POST_TASKS_EXECUTION
[NX v22.3.3 Daemon Server] - 2026-01-14T13:55:41.724Z - Serializing response for POST_TASKS_EXECUTION message in json mode
[NX v22.3.3 Daemon Server] - 2026-01-14T13:55:41.724Z - Responding to POST_TASKS_EXECUTION message
[NX v22.3.3 Daemon Server] - 2026-01-14T13:55:41.724Z - [REQUEST]: Responding to the client. handleRunPostTasksExecution
[NX v22.3.3 Daemon Server] - 2026-01-14T13:55:41.724Z - Done responding to the client handleRunPostTasksExecution
[NX v22.3.3 Daemon Server] - 2026-01-14T13:55:41.724Z - Handled json message POST_TASKS_EXECUTION. Handling time: 0. Response time: 0.
[NX v22.3.3 Daemon Server] - 2026-01-14T13:55:41.724Z - Time taken for 'postTasksExecution' 0.16700000001583248ms
[NX v22.3.3 Daemon Server] - 2026-01-14T13:55:41.728Z - Closed a connection. Number of open connections: 0
[NX v22.3.3 Daemon Server] - 2026-01-14T13:55:51.758Z - Established a connection. Number of open connections: 1
[NX v22.3.3 Daemon Server] - 2026-01-14T13:55:51.758Z - Closed a connection. Number of open connections: 0
[NX v22.3.3 Daemon Server] - 2026-01-14T13:55:51.759Z - Established a connection. Number of open connections: 1
[NX v22.3.3 Daemon Server] - 2026-01-14T13:55:51.766Z - Received raw message of length 32
[NX v22.3.3 Daemon Server] - 2026-01-14T13:55:51.766Z - Received json message of type GET_NX_CONSOLE_STATUS
[NX v22.3.3 Daemon Server] - 2026-01-14T13:55:51.766Z - Serializing response for GET_NX_CONSOLE_STATUS message in json mode
[NX v22.3.3 Daemon Server] - 2026-01-14T13:55:51.766Z - Responding to GET_NX_CONSOLE_STATUS message
[NX v22.3.3 Daemon Server] - 2026-01-14T13:55:51.766Z - [REQUEST]: Responding to the client. handleGetNxConsoleStatus
[NX v22.3.3 Daemon Server] - 2026-01-14T13:55:51.766Z - Done responding to the client handleGetNxConsoleStatus
[NX v22.3.3 Daemon Server] - 2026-01-14T13:55:51.766Z - Handled json message GET_NX_CONSOLE_STATUS. Handling time: 0. Response time: 0.
[NX v22.3.3 Daemon Server] - 2026-01-14T13:55:51.801Z - Received raw message of length 32
[NX v22.3.3 Daemon Server] - 2026-01-14T13:55:51.801Z - Received json message of type REQUEST_PROJECT_GRAPH
[NX v22.3.3 Daemon Server] - 2026-01-14T13:55:51.801Z - [REQUEST]: Client Request for Project Graph Received
[NX v22.3.3 Daemon Server] - 2026-01-14T13:55:51.802Z - Reusing in-memory cached project graph because no files changed.
[NX v22.3.3 Daemon Server] - 2026-01-14T13:55:51.808Z - Wrote project graph cache to /Users/oliverschiessl/WebstormProjects/ngx-chat-new/ngx-chat/.nx/workspace-data/project-graph.json
[NX v22.3.3 Daemon Server] - 2026-01-14T13:55:51.808Z - Serializing response for REQUEST_PROJECT_GRAPH message in json mode
[NX v22.3.3 Daemon Server] - 2026-01-14T13:55:51.808Z - Responding to REQUEST_PROJECT_GRAPH message
[NX v22.3.3 Daemon Server] - 2026-01-14T13:55:51.808Z - [REQUEST]: Responding to the client. project-graph
[NX v22.3.3 Daemon Server] - 2026-01-14T13:55:51.809Z - Time taken for 'total for creating and serializing project graph' 6.652000000001863ms
[NX v22.3.3 Daemon Server] - 2026-01-14T13:55:51.811Z - Done responding to the client project-graph
[NX v22.3.3 Daemon Server] - 2026-01-14T13:55:51.811Z - Handled json message REQUEST_PROJECT_GRAPH. Handling time: 7. Response time: 3.
[NX v22.3.3 Daemon Server] - 2026-01-14T13:55:51.817Z - Received raw message of length 1241
[NX v22.3.3 Daemon Server] - 2026-01-14T13:55:51.817Z - Received json message of type PRE_TASKS_EXECUTION
[NX v22.3.3 Daemon Server] - 2026-01-14T13:55:51.817Z - Serializing response for PRE_TASKS_EXECUTION message in json mode
[NX v22.3.3 Daemon Server] - 2026-01-14T13:55:51.817Z - Responding to PRE_TASKS_EXECUTION message
[NX v22.3.3 Daemon Server] - 2026-01-14T13:55:51.817Z - [REQUEST]: Responding to the client. handleRunPreTasksExecution
[NX v22.3.3 Daemon Server] - 2026-01-14T13:55:51.817Z - Done responding to the client handleRunPreTasksExecution
[NX v22.3.3 Daemon Server] - 2026-01-14T13:55:51.817Z - Handled json message PRE_TASKS_EXECUTION. Handling time: 0. Response time: 0.
[NX v22.3.3 Daemon Server] - 2026-01-14T13:55:51.817Z - Time taken for 'preTasksExecution' 0.08962500002235174ms
[NX v22.3.3 Daemon Server] - 2026-01-14T13:55:51.863Z - Received raw message of length 5063
[NX v22.3.3 Daemon Server] - 2026-01-14T13:55:51.864Z - Received json message of type HASH_TASKS
[NX v22.3.3 Daemon Server] - 2026-01-14T13:55:51.864Z - Reusing in-memory cached project graph because no files changed.
[NX v22.3.3 Daemon Server] - 2026-01-14T13:55:51.876Z - Wrote project graph cache to /Users/oliverschiessl/WebstormProjects/ngx-chat-new/ngx-chat/.nx/workspace-data/project-graph.json
DEBUG nx::native::tasks::hash_planner: get_plans_internal COMPLETED in 13.471625ms - processed 1 tasks (setup: 7.59875ms, parallel_planning: 5.863583ms)
DEBUG nx::native::tasks::task_hasher: hash_plans COMPLETED in 8.264041ms - processed 1 plans (setup: 2.034166ms, hashing: 6.228375ms, assembly: 1.256084ms)
[NX v22.3.3 Daemon Server] - 2026-01-14T13:55:51.900Z - Serializing response for HASH_TASKS message in json mode
[NX v22.3.3 Daemon Server] - 2026-01-14T13:55:51.901Z - Responding to HASH_TASKS message
[NX v22.3.3 Daemon Server] - 2026-01-14T13:55:51.901Z - [REQUEST]: Responding to the client. handleHashTasks
[NX v22.3.3 Daemon Server] - 2026-01-14T13:55:51.902Z - Time taken for 'write cache' 12.543458000058308ms
[NX v22.3.3 Daemon Server] - 2026-01-14T13:55:51.902Z - Done responding to the client handleHashTasks
[NX v22.3.3 Daemon Server] - 2026-01-14T13:55:51.903Z - Handled json message HASH_TASKS. Handling time: 36. Response time: 3.
[NX v22.3.3 Daemon Server] - 2026-01-14T13:55:51.937Z - Received raw message of length 95
[NX v22.3.3 Daemon Server] - 2026-01-14T13:55:51.937Z - Received json message of type GET_ESTIMATED_TASK_TIMINGS
[NX v22.3.3 Daemon Server] - 2026-01-14T13:55:51.937Z - Serializing response for GET_ESTIMATED_TASK_TIMINGS message in json mode
[NX v22.3.3 Daemon Server] - 2026-01-14T13:55:51.937Z - Responding to GET_ESTIMATED_TASK_TIMINGS message
[NX v22.3.3 Daemon Server] - 2026-01-14T13:55:51.937Z - [REQUEST]: Responding to the client. handleGetEstimatedTaskTimings
[NX v22.3.3 Daemon Server] - 2026-01-14T13:55:51.937Z - Done responding to the client handleGetEstimatedTaskTimings
[NX v22.3.3 Daemon Server] - 2026-01-14T13:55:51.937Z - Handled json message GET_ESTIMATED_TASK_TIMINGS. Handling time: 0. Response time: 0.
[NX v22.3.3 Daemon Server] - 2026-01-14T13:55:52.535Z - Established a connection. Number of open connections: 2
[NX v22.3.3 Daemon Server] - 2026-01-14T13:55:52.535Z - Closed a connection. Number of open connections: 1
[NX v22.3.3 Daemon Server] - 2026-01-14T13:55:52.535Z - Established a connection. Number of open connections: 2
[NX v22.3.3 Daemon Server] - 2026-01-14T13:55:52.543Z - Received raw message of length 32
[NX v22.3.3 Daemon Server] - 2026-01-14T13:55:52.543Z - Received json message of type REQUEST_PROJECT_GRAPH
[NX v22.3.3 Daemon Server] - 2026-01-14T13:55:52.543Z - [REQUEST]: Client Request for Project Graph Received
[NX v22.3.3 Daemon Server] - 2026-01-14T13:55:52.543Z - Reusing in-memory cached project graph because no files changed.
[NX v22.3.3 Daemon Server] - 2026-01-14T13:55:52.549Z - Wrote project graph cache to /Users/oliverschiessl/WebstormProjects/ngx-chat-new/ngx-chat/.nx/workspace-data/project-graph.json
[NX v22.3.3 Daemon Server] - 2026-01-14T13:55:52.549Z - Serializing response for REQUEST_PROJECT_GRAPH message in json mode
[NX v22.3.3 Daemon Server] - 2026-01-14T13:55:52.549Z - Responding to REQUEST_PROJECT_GRAPH message
[NX v22.3.3 Daemon Server] - 2026-01-14T13:55:52.549Z - [REQUEST]: Responding to the client. project-graph
[NX v22.3.3 Daemon Server] - 2026-01-14T13:55:52.550Z - Time taken for 'total for creating and serializing project graph' 6.1670000000158325ms
[NX v22.3.3 Daemon Server] - 2026-01-14T13:55:52.551Z - Done responding to the client project-graph
[NX v22.3.3 Daemon Server] - 2026-01-14T13:55:52.551Z - Handled json message REQUEST_PROJECT_GRAPH. Handling time: 6. Response time: 2.
[NX v22.3.3 Daemon Server] - 2026-01-14T13:55:56.127Z - [WATCHER]: Processing file changes in outputs
[NX v22.3.3 Daemon Server] - 2026-01-14T13:55:56.212Z - [WATCHER]: Processing file changes in outputs
[NX v22.3.3 Daemon Server] - 2026-01-14T13:55:56.273Z - [WATCHER]: Processing file changes in outputs
[NX v22.3.3 Daemon Server] - 2026-01-14T13:55:56.336Z - [WATCHER]: Processing file changes in outputs
[NX v22.3.3 Daemon Server] - 2026-01-14T13:56:00.489Z - [WATCHER]: Processing file changes in outputs
[NX v22.3.3 Daemon Server] - 2026-01-14T13:56:00.629Z - [WATCHER]: Processing file changes in outputs
[NX v22.3.3 Daemon Server] - 2026-01-14T14:07:44.329Z - [WATCHER]: Processing file changes in outputs
[NX v22.3.3 Daemon Server] - 2026-01-14T14:07:44.384Z - Closed a connection. Number of open connections: 1
[NX v22.3.3 Daemon Server] - 2026-01-14T14:07:44.392Z - Received raw message of length 80
[NX v22.3.3 Daemon Server] - 2026-01-14T14:07:44.393Z - Received json message of type RECORD_OUTPUTS_HASH
[NX v22.3.3 Daemon Server] - 2026-01-14T14:07:44.393Z - Serializing response for RECORD_OUTPUTS_HASH message in json mode
[NX v22.3.3 Daemon Server] - 2026-01-14T14:07:44.393Z - Responding to RECORD_OUTPUTS_HASH message
[NX v22.3.3 Daemon Server] - 2026-01-14T14:07:44.393Z - [REQUEST]: Responding to the client. recordOutputsHash
[NX v22.3.3 Daemon Server] - 2026-01-14T14:07:44.393Z - Done responding to the client recordOutputsHash
[NX v22.3.3 Daemon Server] - 2026-01-14T14:07:44.393Z - Handled json message RECORD_OUTPUTS_HASH. Handling time: 0. Response time: 0.
[NX v22.3.3 Daemon Server] - 2026-01-14T14:07:44.398Z - Received raw message of length 195
[NX v22.3.3 Daemon Server] - 2026-01-14T14:07:44.398Z - Received json message of type RECORD_TASK_RUNS
[NX v22.3.3 Daemon Server] - 2026-01-14T14:07:44.398Z - Serializing response for RECORD_TASK_RUNS message in json mode
[NX v22.3.3 Daemon Server] - 2026-01-14T14:07:44.398Z - Responding to RECORD_TASK_RUNS message
[NX v22.3.3 Daemon Server] - 2026-01-14T14:07:44.398Z - [REQUEST]: Responding to the client. handleRecordTaskRuns
[NX v22.3.3 Daemon Server] - 2026-01-14T14:07:44.398Z - Done responding to the client handleRecordTaskRuns
[NX v22.3.3 Daemon Server] - 2026-01-14T14:07:44.398Z - Handled json message RECORD_TASK_RUNS. Handling time: 0. Response time: 0.
[NX v22.3.3 Daemon Server] - 2026-01-14T14:07:44.399Z - Received raw message of length 58
[NX v22.3.3 Daemon Server] - 2026-01-14T14:07:44.399Z - Received json message of type GET_FLAKY_TASKS
[NX v22.3.3 Daemon Server] - 2026-01-14T14:07:44.399Z - Serializing response for GET_FLAKY_TASKS message in json mode
[NX v22.3.3 Daemon Server] - 2026-01-14T14:07:44.399Z - Responding to GET_FLAKY_TASKS message
[NX v22.3.3 Daemon Server] - 2026-01-14T14:07:44.399Z - [REQUEST]: Responding to the client. handleGetFlakyTasks
[NX v22.3.3 Daemon Server] - 2026-01-14T14:07:44.399Z - Done responding to the client handleGetFlakyTasks
[NX v22.3.3 Daemon Server] - 2026-01-14T14:07:44.399Z - Handled json message GET_FLAKY_TASKS. Handling time: 0. Response time: 0.
[NX v22.3.3 Daemon Server] - 2026-01-14T14:07:44.403Z - Received raw message of length 187817
[NX v22.3.3 Daemon Server] - 2026-01-14T14:07:44.404Z - Received json message of type POST_TASKS_EXECUTION
[NX v22.3.3 Daemon Server] - 2026-01-14T14:07:44.404Z - Serializing response for POST_TASKS_EXECUTION message in json mode
[NX v22.3.3 Daemon Server] - 2026-01-14T14:07:44.404Z - Responding to POST_TASKS_EXECUTION message
[NX v22.3.3 Daemon Server] - 2026-01-14T14:07:44.404Z - [REQUEST]: Responding to the client. handleRunPostTasksExecution
[NX v22.3.3 Daemon Server] - 2026-01-14T14:07:44.404Z - Done responding to the client handleRunPostTasksExecution
[NX v22.3.3 Daemon Server] - 2026-01-14T14:07:44.404Z - Handled json message POST_TASKS_EXECUTION. Handling time: 0. Response time: 0.
[NX v22.3.3 Daemon Server] - 2026-01-14T14:07:44.404Z - Time taken for 'postTasksExecution' 0.15087500005029142ms
[NX v22.3.3 Daemon Server] - 2026-01-14T14:07:44.408Z - Closed a connection. Number of open connections: 0
[NX v22.3.3 Daemon Server] - 2026-01-14T14:15:08.480Z - Established a connection. Number of open connections: 1
[NX v22.3.3 Daemon Server] - 2026-01-14T14:15:08.480Z - Established a connection. Number of open connections: 2
[NX v22.3.3 Daemon Server] - 2026-01-14T14:15:08.480Z - Closed a connection. Number of open connections: 1
[NX v22.3.3 Daemon Server] - 2026-01-14T14:15:08.488Z - Received raw message of length 32
[NX v22.3.3 Daemon Server] - 2026-01-14T14:15:08.488Z - Received json message of type GET_NX_CONSOLE_STATUS
[NX v22.3.3 Daemon Server] - 2026-01-14T14:15:08.488Z - Serializing response for GET_NX_CONSOLE_STATUS message in json mode
[NX v22.3.3 Daemon Server] - 2026-01-14T14:15:08.488Z - Responding to GET_NX_CONSOLE_STATUS message
[NX v22.3.3 Daemon Server] - 2026-01-14T14:15:08.488Z - [REQUEST]: Responding to the client. handleGetNxConsoleStatus
[NX v22.3.3 Daemon Server] - 2026-01-14T14:15:08.488Z - Done responding to the client handleGetNxConsoleStatus
[NX v22.3.3 Daemon Server] - 2026-01-14T14:15:08.488Z - Handled json message GET_NX_CONSOLE_STATUS. Handling time: 0. Response time: 0.
[NX v22.3.3 Daemon Server] - 2026-01-14T14:15:08.527Z - Received raw message of length 32
[NX v22.3.3 Daemon Server] - 2026-01-14T14:15:08.527Z - Received json message of type REQUEST_PROJECT_GRAPH
[NX v22.3.3 Daemon Server] - 2026-01-14T14:15:08.527Z - [REQUEST]: Client Request for Project Graph Received
[NX v22.3.3 Daemon Server] - 2026-01-14T14:15:08.527Z - Reusing in-memory cached project graph because no files changed.
[NX v22.3.3 Daemon Server] - 2026-01-14T14:15:08.534Z - Wrote project graph cache to /Users/oliverschiessl/WebstormProjects/ngx-chat-new/ngx-chat/.nx/workspace-data/project-graph.json
[NX v22.3.3 Daemon Server] - 2026-01-14T14:15:08.534Z - Serializing response for REQUEST_PROJECT_GRAPH message in json mode
[NX v22.3.3 Daemon Server] - 2026-01-14T14:15:08.534Z - Responding to REQUEST_PROJECT_GRAPH message
[NX v22.3.3 Daemon Server] - 2026-01-14T14:15:08.534Z - [REQUEST]: Responding to the client. project-graph
[NX v22.3.3 Daemon Server] - 2026-01-14T14:15:08.534Z - Time taken for 'total for creating and serializing project graph' 6.930625000037253ms
[NX v22.3.3 Daemon Server] - 2026-01-14T14:15:08.536Z - Done responding to the client project-graph
[NX v22.3.3 Daemon Server] - 2026-01-14T14:15:08.536Z - Handled json message REQUEST_PROJECT_GRAPH. Handling time: 7. Response time: 2.
[NX v22.3.3 Daemon Server] - 2026-01-14T14:15:08.542Z - Received raw message of length 1238
[NX v22.3.3 Daemon Server] - 2026-01-14T14:15:08.542Z - Received json message of type PRE_TASKS_EXECUTION
[NX v22.3.3 Daemon Server] - 2026-01-14T14:15:08.542Z - Serializing response for PRE_TASKS_EXECUTION message in json mode
[NX v22.3.3 Daemon Server] - 2026-01-14T14:15:08.542Z - Responding to PRE_TASKS_EXECUTION message
[NX v22.3.3 Daemon Server] - 2026-01-14T14:15:08.542Z - [REQUEST]: Responding to the client. handleRunPreTasksExecution
[NX v22.3.3 Daemon Server] - 2026-01-14T14:15:08.542Z - Done responding to the client handleRunPreTasksExecution
[NX v22.3.3 Daemon Server] - 2026-01-14T14:15:08.542Z - Handled json message PRE_TASKS_EXECUTION. Handling time: 0. Response time: 0.
[NX v22.3.3 Daemon Server] - 2026-01-14T14:15:08.542Z - Time taken for 'preTasksExecution' 0.19762500002980232ms
[NX v22.3.3 Daemon Server] - 2026-01-14T14:15:08.582Z - Received raw message of length 5088
[NX v22.3.3 Daemon Server] - 2026-01-14T14:15:08.582Z - Received json message of type HASH_TASKS
[NX v22.3.3 Daemon Server] - 2026-01-14T14:15:08.582Z - Reusing in-memory cached project graph because no files changed.
[NX v22.3.3 Daemon Server] - 2026-01-14T14:15:08.587Z - Wrote project graph cache to /Users/oliverschiessl/WebstormProjects/ngx-chat-new/ngx-chat/.nx/workspace-data/project-graph.json
DEBUG nx::native::tasks::hash_planner: get_plans_internal COMPLETED in 4.412334ms - processed 1 tasks (setup: 3.815042ms, parallel_planning: 595.042µs)
DEBUG nx::native::tasks::hashers::hash_workspace_files: Hashing workspace fileset{cache_key="karma.conf.js"}: Adding "13437455113659964198" ("karma.conf.js") to hash
DEBUG nx::native::tasks::hashers::hash_workspace_files: Hashing workspace fileset{cache_key="karma.conf.js"}: Hash Value: "6113536095847770814"
DEBUG nx::native::tasks::task_hasher: hash_plans COMPLETED in 1.865208ms - processed 1 plans (setup: 321.875µs, hashing: 1.542209ms, assembly: 615.792µs)
[NX v22.3.3 Daemon Server] - 2026-01-14T14:15:08.595Z - Serializing response for HASH_TASKS message in json mode
[NX v22.3.3 Daemon Server] - 2026-01-14T14:15:08.595Z - Responding to HASH_TASKS message
[NX v22.3.3 Daemon Server] - 2026-01-14T14:15:08.595Z - [REQUEST]: Responding to the client. handleHashTasks
[NX v22.3.3 Daemon Server] - 2026-01-14T14:15:08.595Z - Time taken for 'write cache' 5.172916000010446ms
[NX v22.3.3 Daemon Server] - 2026-01-14T14:15:08.595Z - Done responding to the client handleHashTasks
[NX v22.3.3 Daemon Server] - 2026-01-14T14:15:08.595Z - Handled json message HASH_TASKS. Handling time: 13. Response time: 0.
[NX v22.3.3 Daemon Server] - 2026-01-14T14:15:08.627Z - Received raw message of length 92
[NX v22.3.3 Daemon Server] - 2026-01-14T14:15:08.627Z - Received json message of type GET_ESTIMATED_TASK_TIMINGS
[NX v22.3.3 Daemon Server] - 2026-01-14T14:15:08.628Z - Serializing response for GET_ESTIMATED_TASK_TIMINGS message in json mode
[NX v22.3.3 Daemon Server] - 2026-01-14T14:15:08.628Z - Responding to GET_ESTIMATED_TASK_TIMINGS message
[NX v22.3.3 Daemon Server] - 2026-01-14T14:15:08.628Z - [REQUEST]: Responding to the client. handleGetEstimatedTaskTimings
[NX v22.3.3 Daemon Server] - 2026-01-14T14:15:08.628Z - Done responding to the client handleGetEstimatedTaskTimings
[NX v22.3.3 Daemon Server] - 2026-01-14T14:15:08.628Z - Handled json message GET_ESTIMATED_TASK_TIMINGS. Handling time: 1. Response time: 0.
[NX v22.3.3 Daemon Server] - 2026-01-14T14:15:11.093Z - Received raw message of length 110
[NX v22.3.3 Daemon Server] - 2026-01-14T14:15:11.093Z - Received json message of type RECORD_OUTPUTS_HASH
[NX v22.3.3 Daemon Server] - 2026-01-14T14:15:11.093Z - Serializing response for RECORD_OUTPUTS_HASH message in json mode
[NX v22.3.3 Daemon Server] - 2026-01-14T14:15:11.093Z - Responding to RECORD_OUTPUTS_HASH message
[NX v22.3.3 Daemon Server] - 2026-01-14T14:15:11.093Z - [REQUEST]: Responding to the client. recordOutputsHash
[NX v22.3.3 Daemon Server] - 2026-01-14T14:15:11.093Z - Done responding to the client recordOutputsHash
[NX v22.3.3 Daemon Server] - 2026-01-14T14:15:11.093Z - Handled json message RECORD_OUTPUTS_HASH. Handling time: 0. Response time: 0.
[NX v22.3.3 Daemon Server] - 2026-01-14T14:15:11.096Z - Received raw message of length 194
[NX v22.3.3 Daemon Server] - 2026-01-14T14:15:11.097Z - Received json message of type RECORD_TASK_RUNS
[NX v22.3.3 Daemon Server] - 2026-01-14T14:15:11.097Z - Serializing response for RECORD_TASK_RUNS message in json mode
[NX v22.3.3 Daemon Server] - 2026-01-14T14:15:11.097Z - Responding to RECORD_TASK_RUNS message
[NX v22.3.3 Daemon Server] - 2026-01-14T14:15:11.097Z - [REQUEST]: Responding to the client. handleRecordTaskRuns
[NX v22.3.3 Daemon Server] - 2026-01-14T14:15:11.097Z - Done responding to the client handleRecordTaskRuns
[NX v22.3.3 Daemon Server] - 2026-01-14T14:15:11.097Z - Handled json message RECORD_TASK_RUNS. Handling time: 0. Response time: 0.
[NX v22.3.3 Daemon Server] - 2026-01-14T14:15:11.098Z - Received raw message of length 60
[NX v22.3.3 Daemon Server] - 2026-01-14T14:15:11.098Z - Received json message of type GET_FLAKY_TASKS
[NX v22.3.3 Daemon Server] - 2026-01-14T14:15:11.099Z - Serializing response for GET_FLAKY_TASKS message in json mode
[NX v22.3.3 Daemon Server] - 2026-01-14T14:15:11.099Z - Responding to GET_FLAKY_TASKS message
[NX v22.3.3 Daemon Server] - 2026-01-14T14:15:11.099Z - [REQUEST]: Responding to the client. handleGetFlakyTasks
[NX v22.3.3 Daemon Server] - 2026-01-14T14:15:11.099Z - Done responding to the client handleGetFlakyTasks
[NX v22.3.3 Daemon Server] - 2026-01-14T14:15:11.099Z - Handled json message GET_FLAKY_TASKS. Handling time: 1. Response time: 0.
[NX v22.3.3 Daemon Server] - 2026-01-14T14:15:11.100Z - Received raw message of length 43056
[NX v22.3.3 Daemon Server] - 2026-01-14T14:15:11.101Z - Received json message of type POST_TASKS_EXECUTION
[NX v22.3.3 Daemon Server] - 2026-01-14T14:15:11.101Z - Serializing response for POST_TASKS_EXECUTION message in json mode
[NX v22.3.3 Daemon Server] - 2026-01-14T14:15:11.101Z - Responding to POST_TASKS_EXECUTION message
[NX v22.3.3 Daemon Server] - 2026-01-14T14:15:11.101Z - [REQUEST]: Responding to the client. handleRunPostTasksExecution
[NX v22.3.3 Daemon Server] - 2026-01-14T14:15:11.101Z - Done responding to the client handleRunPostTasksExecution
[NX v22.3.3 Daemon Server] - 2026-01-14T14:15:11.101Z - Handled json message POST_TASKS_EXECUTION. Handling time: 0. Response time: 0.
[NX v22.3.3 Daemon Server] - 2026-01-14T14:15:11.101Z - Time taken for 'postTasksExecution' 0.06283299997448921ms
[NX v22.3.3 Daemon Server] - 2026-01-14T14:15:11.104Z - Closed a connection. Number of open connections: 0
[NX v22.3.3 Daemon Server] - 2026-01-14T14:15:55.583Z - [WATCHER]: libs/xmpp-adapter/src/service/unread-message-count.service.spec.ts was modified
[NX v22.3.3 Daemon Server] - 2026-01-14T14:15:55.583Z - [SYNC]: clearing sync generators cache due to file changes
[NX v22.3.3 Daemon Server] - 2026-01-14T14:15:55.583Z - [WATCHER]: Processing file changes in outputs
[NX v22.3.3 Daemon Server] - 2026-01-14T14:15:55.685Z - [REQUEST]: Updated workspace context based on watched changes, recomputing project graph...
[NX v22.3.3 Daemon Server] - 2026-01-14T14:15:55.685Z - [REQUEST]: libs/xmpp-adapter/src/service/unread-message-count.service.spec.ts
[NX v22.3.3 Daemon Server] - 2026-01-14T14:15:55.685Z - [REQUEST]: 
[NX v22.3.3 Daemon Server] - 2026-01-14T14:15:55.689Z - Time taken for 'hash changed files from watcher' 1.484457999933511ms
Time for 'nx/core/project-json:createNodes' 2.99350000009872
Time for 'nx/core/package-json:createNodes' 3.3550829999148846
Time for 'nx/js/dependencies-and-lockfile:createNodes' 10.034125000005588
[NX v22.3.3 Daemon Server] - 2026-01-14T14:15:55.714Z - Time taken for 'build-project-configs' 17.58491600002162ms
Time for 'build typescript dependencies' 3.7383339998777956
[NX v22.3.3 Daemon Server] - 2026-01-14T14:15:55.742Z - [SYNC]: collect registered sync generators
[NX v22.3.3 Daemon Server] - 2026-01-14T14:15:55.742Z - [SYNC]: project graph hash is the same, not collecting task sync generators
[NX v22.3.3 Daemon Server] - 2026-01-14T14:15:55.742Z - [SYNC]: nx.json hash is the same, not collecting global sync generators
[NX v22.3.3 Daemon Server] - 2026-01-14T14:15:55.742Z - Time taken for 'total execution time for createProjectGraph()' 31.57404200010933ms
[NX v22.3.3 Daemon Server] - 2026-01-14T14:15:57.134Z - Established a connection. Number of open connections: 1
[NX v22.3.3 Daemon Server] - 2026-01-14T14:15:57.134Z - Closed a connection. Number of open connections: 0
[NX v22.3.3 Daemon Server] - 2026-01-14T14:15:57.134Z - Established a connection. Number of open connections: 1
[NX v22.3.3 Daemon Server] - 2026-01-14T14:15:57.142Z - Received raw message of length 32
[NX v22.3.3 Daemon Server] - 2026-01-14T14:15:57.142Z - Received json message of type GET_NX_CONSOLE_STATUS
[NX v22.3.3 Daemon Server] - 2026-01-14T14:15:57.142Z - Serializing response for GET_NX_CONSOLE_STATUS message in json mode
[NX v22.3.3 Daemon Server] - 2026-01-14T14:15:57.142Z - Responding to GET_NX_CONSOLE_STATUS message
[NX v22.3.3 Daemon Server] - 2026-01-14T14:15:57.142Z - [REQUEST]: Responding to the client. handleGetNxConsoleStatus
[NX v22.3.3 Daemon Server] - 2026-01-14T14:15:57.142Z - Done responding to the client handleGetNxConsoleStatus
[NX v22.3.3 Daemon Server] - 2026-01-14T14:15:57.142Z - Handled json message GET_NX_CONSOLE_STATUS. Handling time: 0. Response time: 0.
[NX v22.3.3 Daemon Server] - 2026-01-14T14:15:57.164Z - Received raw message of length 32
[NX v22.3.3 Daemon Server] - 2026-01-14T14:15:57.164Z - Received json message of type REQUEST_PROJECT_GRAPH
[NX v22.3.3 Daemon Server] - 2026-01-14T14:15:57.164Z - [REQUEST]: Client Request for Project Graph Received
[NX v22.3.3 Daemon Server] - 2026-01-14T14:15:57.164Z - Reusing in-memory cached project graph because no files changed.
[NX v22.3.3 Daemon Server] - 2026-01-14T14:15:57.170Z - Wrote project graph cache to /Users/oliverschiessl/WebstormProjects/ngx-chat-new/ngx-chat/.nx/workspace-data/project-graph.json
[NX v22.3.3 Daemon Server] - 2026-01-14T14:15:57.170Z - Serializing response for REQUEST_PROJECT_GRAPH message in json mode
[NX v22.3.3 Daemon Server] - 2026-01-14T14:15:57.170Z - Responding to REQUEST_PROJECT_GRAPH message
[NX v22.3.3 Daemon Server] - 2026-01-14T14:15:57.170Z - [REQUEST]: Responding to the client. project-graph
[NX v22.3.3 Daemon Server] - 2026-01-14T14:15:57.171Z - Time taken for 'total for creating and serializing project graph' 5.959500000113621ms
[NX v22.3.3 Daemon Server] - 2026-01-14T14:15:57.174Z - Done responding to the client project-graph
[NX v22.3.3 Daemon Server] - 2026-01-14T14:15:57.174Z - Handled json message REQUEST_PROJECT_GRAPH. Handling time: 6. Response time: 4.
[NX v22.3.3 Daemon Server] - 2026-01-14T14:15:57.179Z - Received raw message of length 1239
[NX v22.3.3 Daemon Server] - 2026-01-14T14:15:57.179Z - Received json message of type PRE_TASKS_EXECUTION
[NX v22.3.3 Daemon Server] - 2026-01-14T14:15:57.179Z - Serializing response for PRE_TASKS_EXECUTION message in json mode
[NX v22.3.3 Daemon Server] - 2026-01-14T14:15:57.179Z - Responding to PRE_TASKS_EXECUTION message
[NX v22.3.3 Daemon Server] - 2026-01-14T14:15:57.179Z - [REQUEST]: Responding to the client. handleRunPreTasksExecution
[NX v22.3.3 Daemon Server] - 2026-01-14T14:15:57.179Z - Done responding to the client handleRunPreTasksExecution
[NX v22.3.3 Daemon Server] - 2026-01-14T14:15:57.179Z - Handled json message PRE_TASKS_EXECUTION. Handling time: 0. Response time: 0.
[NX v22.3.3 Daemon Server] - 2026-01-14T14:15:57.179Z - Time taken for 'preTasksExecution' 0.06958300014957786ms
[NX v22.3.3 Daemon Server] - 2026-01-14T14:15:57.208Z - Received raw message of length 5088
[NX v22.3.3 Daemon Server] - 2026-01-14T14:15:57.208Z - Received json message of type HASH_TASKS
[NX v22.3.3 Daemon Server] - 2026-01-14T14:15:57.208Z - Reusing in-memory cached project graph because no files changed.
[NX v22.3.3 Daemon Server] - 2026-01-14T14:15:57.213Z - Wrote project graph cache to /Users/oliverschiessl/WebstormProjects/ngx-chat-new/ngx-chat/.nx/workspace-data/project-graph.json
DEBUG nx::native::tasks::hash_planner: get_plans_internal COMPLETED in 3.595ms - processed 1 tasks (setup: 3.358209ms, parallel_planning: 235.125µs)
DEBUG nx::native::tasks::hashers::hash_workspace_files: Hashing workspace fileset{cache_key="nx.json,.gitignore,.nxignore"}: Adding "6921474174629748121" (".gitignore") to hash
DEBUG nx::native::tasks::hashers::hash_workspace_files: Hashing workspace fileset{cache_key="karma.conf.js"}: Adding "13437455113659964198" ("karma.conf.js") to hash
DEBUG nx::native::tasks::hashers::hash_workspace_files: Hashing workspace fileset{cache_key="karma.conf.js"}: Hash Value: "6113536095847770814"
DEBUG nx::native::tasks::hashers::hash_workspace_files: Hashing workspace fileset{cache_key="nx.json,.gitignore,.nxignore"}: Adding "11090693485628831218" ("nx.json") to hash
DEBUG nx::native::tasks::hashers::hash_workspace_files: Hashing workspace fileset{cache_key="nx.json,.gitignore,.nxignore"}: Hash Value: "5861842607570332289"
DEBUG nx::native::tasks::task_hasher: hash_plans COMPLETED in 1.799542ms - processed 1 plans (setup: 314.917µs, hashing: 1.483583ms, assembly: 599µs)
[NX v22.3.3 Daemon Server] - 2026-01-14T14:15:57.224Z - Serializing response for HASH_TASKS message in json mode
[NX v22.3.3 Daemon Server] - 2026-01-14T14:15:57.224Z - Responding to HASH_TASKS message
[NX v22.3.3 Daemon Server] - 2026-01-14T14:15:57.224Z - [REQUEST]: Responding to the client. handleHashTasks
[NX v22.3.3 Daemon Server] - 2026-01-14T14:15:57.224Z - Time taken for 'write cache' 4.887334000086412ms
[NX v22.3.3 Daemon Server] - 2026-01-14T14:15:57.225Z - Done responding to the client handleHashTasks
[NX v22.3.3 Daemon Server] - 2026-01-14T14:15:57.225Z - Handled json message HASH_TASKS. Handling time: 16. Response time: 1.
[NX v22.3.3 Daemon Server] - 2026-01-14T14:15:57.255Z - Received raw message of length 92
[NX v22.3.3 Daemon Server] - 2026-01-14T14:15:57.255Z - Received json message of type GET_ESTIMATED_TASK_TIMINGS
[NX v22.3.3 Daemon Server] - 2026-01-14T14:15:57.255Z - Serializing response for GET_ESTIMATED_TASK_TIMINGS message in json mode
[NX v22.3.3 Daemon Server] - 2026-01-14T14:15:57.255Z - Responding to GET_ESTIMATED_TASK_TIMINGS message
[NX v22.3.3 Daemon Server] - 2026-01-14T14:15:57.255Z - [REQUEST]: Responding to the client. handleGetEstimatedTaskTimings
[NX v22.3.3 Daemon Server] - 2026-01-14T14:15:57.255Z - Done responding to the client handleGetEstimatedTaskTimings
[NX v22.3.3 Daemon Server] - 2026-01-14T14:15:57.255Z - Handled json message GET_ESTIMATED_TASK_TIMINGS. Handling time: 0. Response time: 0.
[NX v22.3.3 Daemon Server] - 2026-01-14T14:15:58.225Z - Received raw message of length 110
[NX v22.3.3 Daemon Server] - 2026-01-14T14:15:58.225Z - Received json message of type RECORD_OUTPUTS_HASH
[NX v22.3.3 Daemon Server] - 2026-01-14T14:15:58.225Z - Serializing response for RECORD_OUTPUTS_HASH message in json mode
[NX v22.3.3 Daemon Server] - 2026-01-14T14:15:58.225Z - Responding to RECORD_OUTPUTS_HASH message
[NX v22.3.3 Daemon Server] - 2026-01-14T14:15:58.225Z - [REQUEST]: Responding to the client. recordOutputsHash
[NX v22.3.3 Daemon Server] - 2026-01-14T14:15:58.225Z - Done responding to the client recordOutputsHash
[NX v22.3.3 Daemon Server] - 2026-01-14T14:15:58.225Z - Handled json message RECORD_OUTPUTS_HASH. Handling time: 0. Response time: 0.
[NX v22.3.3 Daemon Server] - 2026-01-14T14:15:58.228Z - Received raw message of length 194
[NX v22.3.3 Daemon Server] - 2026-01-14T14:15:58.228Z - Received json message of type RECORD_TASK_RUNS
[NX v22.3.3 Daemon Server] - 2026-01-14T14:15:58.228Z - Serializing response for RECORD_TASK_RUNS message in json mode
[NX v22.3.3 Daemon Server] - 2026-01-14T14:15:58.228Z - Responding to RECORD_TASK_RUNS message
[NX v22.3.3 Daemon Server] - 2026-01-14T14:15:58.228Z - [REQUEST]: Responding to the client. handleRecordTaskRuns
[NX v22.3.3 Daemon Server] - 2026-01-14T14:15:58.228Z - Done responding to the client handleRecordTaskRuns
[NX v22.3.3 Daemon Server] - 2026-01-14T14:15:58.228Z - Handled json message RECORD_TASK_RUNS. Handling time: 0. Response time: 0.
[NX v22.3.3 Daemon Server] - 2026-01-14T14:15:58.229Z - Received raw message of length 60
[NX v22.3.3 Daemon Server] - 2026-01-14T14:15:58.229Z - Received json message of type GET_FLAKY_TASKS
[NX v22.3.3 Daemon Server] - 2026-01-14T14:15:58.229Z - Serializing response for GET_FLAKY_TASKS message in json mode
[NX v22.3.3 Daemon Server] - 2026-01-14T14:15:58.229Z - Responding to GET_FLAKY_TASKS message
[NX v22.3.3 Daemon Server] - 2026-01-14T14:15:58.229Z - [REQUEST]: Responding to the client. handleGetFlakyTasks
[NX v22.3.3 Daemon Server] - 2026-01-14T14:15:58.229Z - Done responding to the client handleGetFlakyTasks
[NX v22.3.3 Daemon Server] - 2026-01-14T14:15:58.229Z - Handled json message GET_FLAKY_TASKS. Handling time: 0. Response time: 0.
[NX v22.3.3 Daemon Server] - 2026-01-14T14:15:58.231Z - Received raw message of length 40893
[NX v22.3.3 Daemon Server] - 2026-01-14T14:15:58.231Z - Received json message of type POST_TASKS_EXECUTION
[NX v22.3.3 Daemon Server] - 2026-01-14T14:15:58.231Z - Serializing response for POST_TASKS_EXECUTION message in json mode
[NX v22.3.3 Daemon Server] - 2026-01-14T14:15:58.231Z - Responding to POST_TASKS_EXECUTION message
[NX v22.3.3 Daemon Server] - 2026-01-14T14:15:58.231Z - [REQUEST]: Responding to the client. handleRunPostTasksExecution
[NX v22.3.3 Daemon Server] - 2026-01-14T14:15:58.231Z - Done responding to the client handleRunPostTasksExecution
[NX v22.3.3 Daemon Server] - 2026-01-14T14:15:58.231Z - Handled json message POST_TASKS_EXECUTION. Handling time: 0. Response time: 0.
[NX v22.3.3 Daemon Server] - 2026-01-14T14:15:58.231Z - Time taken for 'postTasksExecution' 0.0556250000372529ms
[NX v22.3.3 Daemon Server] - 2026-01-14T14:15:58.235Z - Closed a connection. Number of open connections: 0
[NX v22.3.3 Daemon Server] - 2026-01-14T14:16:05.721Z - Established a connection. Number of open connections: 1
[NX v22.3.3 Daemon Server] - 2026-01-14T14:16:05.722Z - Closed a connection. Number of open connections: 0
[NX v22.3.3 Daemon Server] - 2026-01-14T14:16:05.722Z - Established a connection. Number of open connections: 1
[NX v22.3.3 Daemon Server] - 2026-01-14T14:16:05.729Z - Received raw message of length 32
[NX v22.3.3 Daemon Server] - 2026-01-14T14:16:05.729Z - Received json message of type GET_NX_CONSOLE_STATUS
[NX v22.3.3 Daemon Server] - 2026-01-14T14:16:05.730Z - Serializing response for GET_NX_CONSOLE_STATUS message in json mode
[NX v22.3.3 Daemon Server] - 2026-01-14T14:16:05.730Z - Responding to GET_NX_CONSOLE_STATUS message
[NX v22.3.3 Daemon Server] - 2026-01-14T14:16:05.730Z - [REQUEST]: Responding to the client. handleGetNxConsoleStatus
[NX v22.3.3 Daemon Server] - 2026-01-14T14:16:05.730Z - Done responding to the client handleGetNxConsoleStatus
[NX v22.3.3 Daemon Server] - 2026-01-14T14:16:05.730Z - Handled json message GET_NX_CONSOLE_STATUS. Handling time: 0. Response time: 0.
[NX v22.3.3 Daemon Server] - 2026-01-14T14:16:05.752Z - Received raw message of length 32
[NX v22.3.3 Daemon Server] - 2026-01-14T14:16:05.752Z - Received json message of type REQUEST_PROJECT_GRAPH
[NX v22.3.3 Daemon Server] - 2026-01-14T14:16:05.752Z - [REQUEST]: Client Request for Project Graph Received
[NX v22.3.3 Daemon Server] - 2026-01-14T14:16:05.753Z - Reusing in-memory cached project graph because no files changed.
[NX v22.3.3 Daemon Server] - 2026-01-14T14:16:05.757Z - Wrote project graph cache to /Users/oliverschiessl/WebstormProjects/ngx-chat-new/ngx-chat/.nx/workspace-data/project-graph.json
[NX v22.3.3 Daemon Server] - 2026-01-14T14:16:05.757Z - Serializing response for REQUEST_PROJECT_GRAPH message in json mode
[NX v22.3.3 Daemon Server] - 2026-01-14T14:16:05.757Z - Responding to REQUEST_PROJECT_GRAPH message
[NX v22.3.3 Daemon Server] - 2026-01-14T14:16:05.757Z - [REQUEST]: Responding to the client. project-graph
[NX v22.3.3 Daemon Server] - 2026-01-14T14:16:05.758Z - Time taken for 'total for creating and serializing project graph' 5.043458000058308ms
[NX v22.3.3 Daemon Server] - 2026-01-14T14:16:05.760Z - Done responding to the client project-graph
[NX v22.3.3 Daemon Server] - 2026-01-14T14:16:05.760Z - Handled json message REQUEST_PROJECT_GRAPH. Handling time: 5. Response time: 3.
[NX v22.3.3 Daemon Server] - 2026-01-14T14:16:05.766Z - Received raw message of length 1241
[NX v22.3.3 Daemon Server] - 2026-01-14T14:16:05.766Z - Received json message of type PRE_TASKS_EXECUTION
[NX v22.3.3 Daemon Server] - 2026-01-14T14:16:05.766Z - Serializing response for PRE_TASKS_EXECUTION message in json mode
[NX v22.3.3 Daemon Server] - 2026-01-14T14:16:05.766Z - Responding to PRE_TASKS_EXECUTION message
[NX v22.3.3 Daemon Server] - 2026-01-14T14:16:05.766Z - [REQUEST]: Responding to the client. handleRunPreTasksExecution
[NX v22.3.3 Daemon Server] - 2026-01-14T14:16:05.766Z - Done responding to the client handleRunPreTasksExecution
[NX v22.3.3 Daemon Server] - 2026-01-14T14:16:05.766Z - Handled json message PRE_TASKS_EXECUTION. Handling time: 0. Response time: 0.
[NX v22.3.3 Daemon Server] - 2026-01-14T14:16:05.766Z - Time taken for 'preTasksExecution' 0.06454099994152784ms
[NX v22.3.3 Daemon Server] - 2026-01-14T14:16:05.794Z - Received raw message of length 5124
[NX v22.3.3 Daemon Server] - 2026-01-14T14:16:05.794Z - Received json message of type HASH_TASKS
[NX v22.3.3 Daemon Server] - 2026-01-14T14:16:05.794Z - Reusing in-memory cached project graph because no files changed.
[NX v22.3.3 Daemon Server] - 2026-01-14T14:16:05.799Z - Wrote project graph cache to /Users/oliverschiessl/WebstormProjects/ngx-chat-new/ngx-chat/.nx/workspace-data/project-graph.json
DEBUG nx::native::tasks::hash_planner: get_plans_internal COMPLETED in 4.152083ms - processed 1 tasks (setup: 3.908333ms, parallel_planning: 238.375µs)
DEBUG nx::native::tasks::task_hasher: hash_plans COMPLETED in 1.871166ms - processed 1 plans (setup: 337µs, hashing: 1.529625ms, assembly: 612.417µs)
[NX v22.3.3 Daemon Server] - 2026-01-14T14:16:05.806Z - Serializing response for HASH_TASKS message in json mode
[NX v22.3.3 Daemon Server] - 2026-01-14T14:16:05.806Z - Responding to HASH_TASKS message
[NX v22.3.3 Daemon Server] - 2026-01-14T14:16:05.806Z - [REQUEST]: Responding to the client. handleHashTasks
[NX v22.3.3 Daemon Server] - 2026-01-14T14:16:05.806Z - Time taken for 'write cache' 5.125040999846533ms
[NX v22.3.3 Daemon Server] - 2026-01-14T14:16:05.806Z - Done responding to the client handleHashTasks
[NX v22.3.3 Daemon Server] - 2026-01-14T14:16:05.806Z - Handled json message HASH_TASKS. Handling time: 12. Response time: 0.
[NX v22.3.3 Daemon Server] - 2026-01-14T14:16:05.836Z - Received raw message of length 95
[NX v22.3.3 Daemon Server] - 2026-01-14T14:16:05.836Z - Received json message of type GET_ESTIMATED_TASK_TIMINGS
[NX v22.3.3 Daemon Server] - 2026-01-14T14:16:05.836Z - Serializing response for GET_ESTIMATED_TASK_TIMINGS message in json mode
[NX v22.3.3 Daemon Server] - 2026-01-14T14:16:05.836Z - Responding to GET_ESTIMATED_TASK_TIMINGS message
[NX v22.3.3 Daemon Server] - 2026-01-14T14:16:05.836Z - [REQUEST]: Responding to the client. handleGetEstimatedTaskTimings
[NX v22.3.3 Daemon Server] - 2026-01-14T14:16:05.836Z - Done responding to the client handleGetEstimatedTaskTimings
[NX v22.3.3 Daemon Server] - 2026-01-14T14:16:05.837Z - Handled json message GET_ESTIMATED_TASK_TIMINGS. Handling time: 0. Response time: 1.
[NX v22.3.3 Daemon Server] - 2026-01-14T14:16:06.612Z - Received raw message of length 112
[NX v22.3.3 Daemon Server] - 2026-01-14T14:16:06.612Z - Received json message of type RECORD_OUTPUTS_HASH
[NX v22.3.3 Daemon Server] - 2026-01-14T14:16:06.612Z - Serializing response for RECORD_OUTPUTS_HASH message in json mode
[NX v22.3.3 Daemon Server] - 2026-01-14T14:16:06.612Z - Responding to RECORD_OUTPUTS_HASH message
[NX v22.3.3 Daemon Server] - 2026-01-14T14:16:06.612Z - [REQUEST]: Responding to the client. recordOutputsHash
[NX v22.3.3 Daemon Server] - 2026-01-14T14:16:06.612Z - Done responding to the client recordOutputsHash
[NX v22.3.3 Daemon Server] - 2026-01-14T14:16:06.612Z - Handled json message RECORD_OUTPUTS_HASH. Handling time: 0. Response time: 0.
[NX v22.3.3 Daemon Server] - 2026-01-14T14:16:06.616Z - Received raw message of length 196
[NX v22.3.3 Daemon Server] - 2026-01-14T14:16:06.617Z - Received json message of type RECORD_TASK_RUNS
[NX v22.3.3 Daemon Server] - 2026-01-14T14:16:06.617Z - Serializing response for RECORD_TASK_RUNS message in json mode
[NX v22.3.3 Daemon Server] - 2026-01-14T14:16:06.617Z - Responding to RECORD_TASK_RUNS message
[NX v22.3.3 Daemon Server] - 2026-01-14T14:16:06.617Z - [REQUEST]: Responding to the client. handleRecordTaskRuns
[NX v22.3.3 Daemon Server] - 2026-01-14T14:16:06.617Z - Done responding to the client handleRecordTaskRuns
[NX v22.3.3 Daemon Server] - 2026-01-14T14:16:06.617Z - Handled json message RECORD_TASK_RUNS. Handling time: 0. Response time: 0.
[NX v22.3.3 Daemon Server] - 2026-01-14T14:16:06.619Z - Received raw message of length 59
[NX v22.3.3 Daemon Server] - 2026-01-14T14:16:06.619Z - Received json message of type GET_FLAKY_TASKS
[NX v22.3.3 Daemon Server] - 2026-01-14T14:16:06.619Z - Serializing response for GET_FLAKY_TASKS message in json mode
[NX v22.3.3 Daemon Server] - 2026-01-14T14:16:06.619Z - Responding to GET_FLAKY_TASKS message
[NX v22.3.3 Daemon Server] - 2026-01-14T14:16:06.619Z - [REQUEST]: Responding to the client. handleGetFlakyTasks
[NX v22.3.3 Daemon Server] - 2026-01-14T14:16:06.619Z - Done responding to the client handleGetFlakyTasks
[NX v22.3.3 Daemon Server] - 2026-01-14T14:16:06.619Z - Handled json message GET_FLAKY_TASKS. Handling time: 0. Response time: 0.
[NX v22.3.3 Daemon Server] - 2026-01-14T14:16:06.622Z - Received raw message of length 43227
[NX v22.3.3 Daemon Server] - 2026-01-14T14:16:06.622Z - Received json message of type POST_TASKS_EXECUTION
[NX v22.3.3 Daemon Server] - 2026-01-14T14:16:06.622Z - Serializing response for POST_TASKS_EXECUTION message in json mode
[NX v22.3.3 Daemon Server] - 2026-01-14T14:16:06.622Z - Responding to POST_TASKS_EXECUTION message
[NX v22.3.3 Daemon Server] - 2026-01-14T14:16:06.622Z - [REQUEST]: Responding to the client. handleRunPostTasksExecution
[NX v22.3.3 Daemon Server] - 2026-01-14T14:16:06.622Z - Done responding to the client handleRunPostTasksExecution
[NX v22.3.3 Daemon Server] - 2026-01-14T14:16:06.622Z - Handled json message POST_TASKS_EXECUTION. Handling time: 0. Response time: 0.
[NX v22.3.3 Daemon Server] - 2026-01-14T14:16:06.622Z - Time taken for 'postTasksExecution' 0.17916700011119246ms
[NX v22.3.3 Daemon Server] - 2026-01-14T14:16:06.626Z - Closed a connection. Number of open connections: 0
[NX v22.3.3 Daemon Server] - 2026-01-14T14:18:11.178Z - [WATCHER]: libs/ngx-chat/package.json was modified
[NX v22.3.3 Daemon Server] - 2026-01-14T14:18:11.178Z - [SYNC]: clearing sync generators cache due to file changes
[NX v22.3.3 Daemon Server] - 2026-01-14T14:18:11.178Z - [WATCHER]: Processing file changes in outputs
[NX v22.3.3 Daemon Server] - 2026-01-14T14:18:11.283Z - [REQUEST]: Updated workspace context based on watched changes, recomputing project graph...
[NX v22.3.3 Daemon Server] - 2026-01-14T14:18:11.283Z - [REQUEST]: libs/ngx-chat/package.json
[NX v22.3.3 Daemon Server] - 2026-01-14T14:18:11.283Z - [REQUEST]: 
[NX v22.3.3 Daemon Server] - 2026-01-14T14:18:11.285Z - Time taken for 'hash changed files from watcher' 1.7301670000888407ms
Time for 'nx/core/project-json:createNodes' 1.2700829999521375
Time for 'nx/core/package-json:createNodes' 1.8146660001948476
Time for 'nx/js/dependencies-and-lockfile:createNodes' 8.84670800017193
[NX v22.3.3 Daemon Server] - 2026-01-14T14:18:11.310Z - Time taken for 'build-project-configs' 15.348708000034094ms
Time for 'build typescript dependencies' 2.0931669999845326
[NX v22.3.3 Daemon Server] - 2026-01-14T14:18:11.329Z - [SYNC]: collect registered sync generators
[NX v22.3.3 Daemon Server] - 2026-01-14T14:18:11.330Z - [SYNC]: project graph hash is the same, not collecting task sync generators
[NX v22.3.3 Daemon Server] - 2026-01-14T14:18:11.330Z - [SYNC]: nx.json hash is the same, not collecting global sync generators
[NX v22.3.3 Daemon Server] - 2026-01-14T14:18:11.330Z - Time taken for 'total execution time for createProjectGraph()' 23.90091700013727ms
[NX v22.3.3 Daemon Server] - 2026-01-14T14:18:13.293Z - [WATCHER]: libs/ngx-xmpp/package.json was modified
[NX v22.3.3 Daemon Server] - 2026-01-14T14:18:13.293Z - [SYNC]: clearing sync generators cache due to file changes
[NX v22.3.3 Daemon Server] - 2026-01-14T14:18:13.293Z - [WATCHER]: Processing file changes in outputs
[NX v22.3.3 Daemon Server] - 2026-01-14T14:18:13.501Z - [REQUEST]: Updated workspace context based on watched changes, recomputing project graph...
[NX v22.3.3 Daemon Server] - 2026-01-14T14:18:13.501Z - [REQUEST]: libs/ngx-xmpp/package.json
[NX v22.3.3 Daemon Server] - 2026-01-14T14:18:13.501Z - [REQUEST]: 
[NX v22.3.3 Daemon Server] - 2026-01-14T14:18:13.507Z - Time taken for 'hash changed files from watcher' 5.468208000063896ms
Time for 'nx/core/project-json:createNodes' 0.6712090000510216
Time for 'nx/core/package-json:createNodes' 1.4731670003384352
Time for 'nx/js/dependencies-and-lockfile:createNodes' 7.908708000089973
[NX v22.3.3 Daemon Server] - 2026-01-14T14:18:13.535Z - Time taken for 'build-project-configs' 18.520124999806285ms
Time for 'build typescript dependencies' 2.1712090000510216
[NX v22.3.3 Daemon Server] - 2026-01-14T14:18:13.555Z - [SYNC]: collect registered sync generators
[NX v22.3.3 Daemon Server] - 2026-01-14T14:18:13.555Z - [SYNC]: project graph hash is the same, not collecting task sync generators
[NX v22.3.3 Daemon Server] - 2026-01-14T14:18:13.555Z - [SYNC]: nx.json hash is the same, not collecting global sync generators
[NX v22.3.3 Daemon Server] - 2026-01-14T14:18:13.555Z - Time taken for 'total execution time for createProjectGraph()' 24.949417000170797ms
[NX v22.3.3 Daemon Server] - 2026-01-14T14:24:43.581Z - [WATCHER]: README.md was modified
[NX v22.3.3 Daemon Server] - 2026-01-14T14:24:43.581Z - [SYNC]: clearing sync generators cache due to file changes
[NX v22.3.3 Daemon Server] - 2026-01-14T14:24:43.581Z - [WATCHER]: Processing file changes in outputs
[NX v22.3.3 Daemon Server] - 2026-01-14T14:24:43.987Z - [REQUEST]: Updated workspace context based on watched changes, recomputing project graph...
[NX v22.3.3 Daemon Server] - 2026-01-14T14:24:43.987Z - [REQUEST]: README.md
[NX v22.3.3 Daemon Server] - 2026-01-14T14:24:43.987Z - [REQUEST]: 
[NX v22.3.3 Daemon Server] - 2026-01-14T14:24:43.992Z - Time taken for 'hash changed files from watcher' 3.4139580000191927ms
Time for 'nx/core/project-json:createNodes' 2.133583000395447
Time for 'nx/core/package-json:createNodes' 3.302790999878198
Time for 'nx/js/dependencies-and-lockfile:createNodes' 10.372250000014901
[NX v22.3.3 Daemon Server] - 2026-01-14T14:24:44.021Z - Time taken for 'build-project-configs' 19.182166999671608ms
Time for 'build typescript dependencies' 0.018875000067055225
[NX v22.3.3 Daemon Server] - 2026-01-14T14:24:44.038Z - [SYNC]: collect registered sync generators
[NX v22.3.3 Daemon Server] - 2026-01-14T14:24:44.039Z - [SYNC]: project graph hash is the same, not collecting task sync generators
[NX v22.3.3 Daemon Server] - 2026-01-14T14:24:44.039Z - [SYNC]: nx.json hash is the same, not collecting global sync generators
[NX v22.3.3 Daemon Server] - 2026-01-14T14:24:44.039Z - Time taken for 'total execution time for createProjectGraph()' 23.190790999680758ms
[NX v22.3.3 Daemon Server] - 2026-01-14T14:31:39.949Z - [WATCHER]: package.json was modified
[NX v22.3.3 Daemon Server] - 2026-01-14T14:31:39.950Z - [SYNC]: clearing sync generators cache due to file changes
[NX v22.3.3 Daemon Server] - 2026-01-14T14:31:39.950Z - [WATCHER]: Processing file changes in outputs
[NX v22.3.3 Daemon Server] - 2026-01-14T14:31:40.758Z - [REQUEST]: Updated workspace context based on watched changes, recomputing project graph...
[NX v22.3.3 Daemon Server] - 2026-01-14T14:31:40.759Z - [REQUEST]: package.json
[NX v22.3.3 Daemon Server] - 2026-01-14T14:31:40.759Z - [REQUEST]: 
[NX v22.3.3 Daemon Server] - 2026-01-14T14:31:40.764Z - Time taken for 'hash changed files from watcher' 4.497208000160754ms
Time for 'nx/core/project-json:createNodes' 3.509874999988824
Time for 'nx/core/package-json:createNodes' 5.48008400015533
Time for 'nx/js/dependencies-and-lockfile:createNodes' 21.641333000268787
[NX v22.3.3 Daemon Server] - 2026-01-14T14:31:40.808Z - Time taken for 'build-project-configs' 33.64416699996218ms
Time for 'build typescript dependencies' 0.018917000386863947
[NX v22.3.3 Daemon Server] - 2026-01-14T14:31:40.832Z - [SYNC]: collect registered sync generators
[NX v22.3.3 Daemon Server] - 2026-01-14T14:31:40.833Z - [SYNC]: project graph hash is the same, not collecting task sync generators
[NX v22.3.3 Daemon Server] - 2026-01-14T14:31:40.833Z - [SYNC]: nx.json hash is the same, not collecting global sync generators
[NX v22.3.3 Daemon Server] - 2026-01-14T14:31:40.833Z - Time taken for 'total execution time for createProjectGraph()' 29.41904200008139ms
[NX v22.3.3 Daemon Server] - 2026-01-14T14:31:41.979Z - [WATCHER]: libs/ngx-chat/package.json was modified
[NX v22.3.3 Daemon Server] - 2026-01-14T14:31:41.979Z - [SYNC]: clearing sync generators cache due to file changes
[NX v22.3.3 Daemon Server] - 2026-01-14T14:31:41.979Z - [WATCHER]: Processing file changes in outputs
[NX v22.3.3 Daemon Server] - 2026-01-14T14:31:43.581Z - [REQUEST]: Updated workspace context based on watched changes, recomputing project graph...
[NX v22.3.3 Daemon Server] - 2026-01-14T14:31:43.581Z - [REQUEST]: libs/ngx-chat/package.json
[NX v22.3.3 Daemon Server] - 2026-01-14T14:31:43.581Z - [REQUEST]: 
[NX v22.3.3 Daemon Server] - 2026-01-14T14:31:43.584Z - Time taken for 'hash changed files from watcher' 1.8084579999558628ms
Time for 'nx/core/project-json:createNodes' 0.50054100016132
Time for 'nx/core/package-json:createNodes' 1.9497919999994338
Time for 'nx/js/dependencies-and-lockfile:createNodes' 6.922292000148445
[NX v22.3.3 Daemon Server] - 2026-01-14T14:31:43.606Z - Time taken for 'build-project-configs' 13.42641600035131ms
Time for 'build typescript dependencies' 4.01175000006333
[NX v22.3.3 Daemon Server] - 2026-01-14T14:31:43.632Z - [SYNC]: collect registered sync generators
[NX v22.3.3 Daemon Server] - 2026-01-14T14:31:43.633Z - [SYNC]: nx.json hash is the same, not collecting global sync generators
[NX v22.3.3 Daemon Server] - 2026-01-14T14:31:43.633Z - Time taken for 'total execution time for createProjectGraph()' 29.47945800004527ms
[NX v22.3.3 Daemon Server] - 2026-01-14T14:31:44.062Z - [WATCHER]: libs/ngx-xmpp/package.json was modified
[NX v22.3.3 Daemon Server] - 2026-01-14T14:31:44.062Z - [SYNC]: clearing sync generators cache due to file changes
[NX v22.3.3 Daemon Server] - 2026-01-14T14:31:44.062Z - [WATCHER]: Processing file changes in outputs
[NX v22.3.3 Daemon Server] - 2026-01-14T14:31:46.445Z - [WATCHER]: libs/xmpp-adapter/package.json was modified
[NX v22.3.3 Daemon Server] - 2026-01-14T14:31:46.446Z - [SYNC]: clearing sync generators cache due to file changes
[NX v22.3.3 Daemon Server] - 2026-01-14T14:31:46.446Z - [WATCHER]: Processing file changes in outputs
[NX v22.3.3 Daemon Server] - 2026-01-14T14:31:47.268Z - [REQUEST]: Updated workspace context based on watched changes, recomputing project graph...
[NX v22.3.3 Daemon Server] - 2026-01-14T14:31:47.268Z - [REQUEST]: libs/ngx-xmpp/package.json,libs/xmpp-adapter/package.json
[NX v22.3.3 Daemon Server] - 2026-01-14T14:31:47.268Z - [REQUEST]: 
[NX v22.3.3 Daemon Server] - 2026-01-14T14:31:47.274Z - Time taken for 'hash changed files from watcher' 3.4521250003017485ms
Time for 'nx/core/project-json:createNodes' 1.318415999878198
Time for 'nx/core/package-json:createNodes' 2.440041999798268
Time for 'nx/js/dependencies-and-lockfile:createNodes' 14.814082999713719
[NX v22.3.3 Daemon Server] - 2026-01-14T14:31:47.308Z - Time taken for 'build-project-configs' 23.205792000051588ms
Time for 'build typescript dependencies' 2.6751250000670552
[NX v22.3.3 Daemon Server] - 2026-01-14T14:31:47.335Z - [SYNC]: collect registered sync generators
[NX v22.3.3 Daemon Server] - 2026-01-14T14:31:47.335Z - [SYNC]: nx.json hash is the same, not collecting global sync generators
[NX v22.3.3 Daemon Server] - 2026-01-14T14:31:47.335Z - Time taken for 'total execution time for createProjectGraph()' 33.76529200002551ms
[NX v22.3.3 Daemon Server] - 2026-01-14T14:31:48.404Z - [WATCHER]: Processing file changes in outputs
[NX v22.3.3 Daemon Server] - 2026-01-14T14:31:48.404Z - [WATCHER]: libs/ngx-chat-shared/package.json was modified
[NX v22.3.3 Daemon Server] - 2026-01-14T14:31:48.404Z - [SYNC]: clearing sync generators cache due to file changes
[NX v22.3.3 Daemon Server] - 2026-01-14T14:31:54.814Z - [REQUEST]: Updated workspace context based on watched changes, recomputing project graph...
[NX v22.3.3 Daemon Server] - 2026-01-14T14:31:54.814Z - [REQUEST]: libs/ngx-chat-shared/package.json
[NX v22.3.3 Daemon Server] - 2026-01-14T14:31:54.814Z - [REQUEST]: 
[NX v22.3.3 Daemon Server] - 2026-01-14T14:31:54.819Z - Time taken for 'hash changed files from watcher' 3.3111250000074506ms
Time for 'nx/core/project-json:createNodes' 0.9481669999659061
Time for 'nx/core/package-json:createNodes' 1.9463749998249114
Time for 'nx/js/dependencies-and-lockfile:createNodes' 10.545207999646664
[NX v22.3.3 Daemon Server] - 2026-01-14T14:31:54.851Z - Time taken for 'build-project-configs' 19.902207999955863ms
Time for 'build typescript dependencies' 1.9812079998664558
[NX v22.3.3 Daemon Server] - 2026-01-14T14:31:54.869Z - [SYNC]: collect registered sync generators
[NX v22.3.3 Daemon Server] - 2026-01-14T14:31:54.870Z - [SYNC]: nx.json hash is the same, not collecting global sync generators
[NX v22.3.3 Daemon Server] - 2026-01-14T14:31:54.870Z - Time taken for 'total execution time for createProjectGraph()' 26.04329099971801ms
[NX v22.3.3 Daemon Server] - 2026-01-14T14:38:54.795Z - [WATCHER]: libs/ngx-chat/package.json was modified
[NX v22.3.3 Daemon Server] - 2026-01-14T14:38:54.795Z - [SYNC]: clearing sync generators cache due to file changes
[NX v22.3.3 Daemon Server] - 2026-01-14T14:38:54.795Z - [WATCHER]: Processing file changes in outputs
[NX v22.3.3 Daemon Server] - 2026-01-14T14:38:56.810Z - [WATCHER]: libs/ngx-xmpp/package.json was modified
[NX v22.3.3 Daemon Server] - 2026-01-14T14:38:56.810Z - [SYNC]: clearing sync generators cache due to file changes
[NX v22.3.3 Daemon Server] - 2026-01-14T14:38:56.810Z - [WATCHER]: Processing file changes in outputs
[NX v22.3.3 Daemon Server] - 2026-01-14T14:38:58.933Z - [WATCHER]: libs/xmpp-adapter/package.json was modified
[NX v22.3.3 Daemon Server] - 2026-01-14T14:38:58.933Z - [SYNC]: clearing sync generators cache due to file changes
[NX v22.3.3 Daemon Server] - 2026-01-14T14:38:58.933Z - [WATCHER]: Processing file changes in outputs
[NX v22.3.3 Daemon Server] - 2026-01-14T14:39:01.050Z - [WATCHER]: libs/ngx-chat-shared/package.json was modified
[NX v22.3.3 Daemon Server] - 2026-01-14T14:39:01.051Z - [SYNC]: clearing sync generators cache due to file changes
[NX v22.3.3 Daemon Server] - 2026-01-14T14:39:01.051Z - [WATCHER]: Processing file changes in outputs
[NX v22.3.3 Daemon Server] - 2026-01-14T14:39:01.199Z - [REQUEST]: Updated workspace context based on watched changes, recomputing project graph...
[NX v22.3.3 Daemon Server] - 2026-01-14T14:39:01.199Z - [REQUEST]: libs/ngx-chat/package.json,libs/ngx-xmpp/package.json,libs/xmpp-adapter/package.json,libs/ngx-chat-shared/package.json
[NX v22.3.3 Daemon Server] - 2026-01-14T14:39:01.199Z - [REQUEST]: 
[NX v22.3.3 Daemon Server] - 2026-01-14T14:39:01.213Z - Time taken for 'hash changed files from watcher' 1.930332999676466ms
Time for 'nx/core/project-json:createNodes' 14.17608299991116
Time for 'nx/core/package-json:createNodes' 13.006667000241578
Time for 'nx/js/dependencies-and-lockfile:createNodes' 35.73666699975729
[NX v22.3.3 Daemon Server] - 2026-01-14T14:39:01.272Z - Time taken for 'build-project-configs' 53.26620800001547ms
Time for 'build typescript dependencies' 2.6837500003166497
[NX v22.3.3 Daemon Server] - 2026-01-14T14:39:01.292Z - [SYNC]: collect registered sync generators
[NX v22.3.3 Daemon Server] - 2026-01-14T14:39:01.292Z - [SYNC]: nx.json hash is the same, not collecting global sync generators
[NX v22.3.3 Daemon Server] - 2026-01-14T14:39:01.292Z - Time taken for 'total execution time for createProjectGraph()' 24.364874999970198ms
[NX v22.3.3 Daemon Server] - 2026-01-14T14:39:03.111Z - [WATCHER]: README.md was modified
[NX v22.3.3 Daemon Server] - 2026-01-14T14:39:03.111Z - [SYNC]: clearing sync generators cache due to file changes
[NX v22.3.3 Daemon Server] - 2026-01-14T14:39:03.111Z - [WATCHER]: Processing file changes in outputs
[NX v22.3.3 Daemon Server] - 2026-01-14T14:39:09.523Z - [REQUEST]: Updated workspace context based on watched changes, recomputing project graph...
[NX v22.3.3 Daemon Server] - 2026-01-14T14:39:09.524Z - [REQUEST]: README.md
[NX v22.3.3 Daemon Server] - 2026-01-14T14:39:09.524Z - [REQUEST]: 
[NX v22.3.3 Daemon Server] - 2026-01-14T14:39:09.530Z - Time taken for 'hash changed files from watcher' 9.542832999955863ms
Time for 'nx/core/project-json:createNodes' 2.0790420002304018
Time for 'nx/core/package-json:createNodes' 3.3032920002005994
Time for 'nx/js/dependencies-and-lockfile:createNodes' 11.844500000122935
[NX v22.3.3 Daemon Server] - 2026-01-14T14:39:09.566Z - Time taken for 'build-project-configs' 27.30245800036937ms
Time for 'build typescript dependencies' 0.020250000059604645
[NX v22.3.3 Daemon Server] - 2026-01-14T14:39:09.594Z - [SYNC]: collect registered sync generators
[NX v22.3.3 Daemon Server] - 2026-01-14T14:39:09.594Z - [SYNC]: project graph hash is the same, not collecting task sync generators
[NX v22.3.3 Daemon Server] - 2026-01-14T14:39:09.594Z - [SYNC]: nx.json hash is the same, not collecting global sync generators
[NX v22.3.3 Daemon Server] - 2026-01-14T14:39:09.594Z - Time taken for 'total execution time for createProjectGraph()' 33.295291000045836ms
[NX v22.3.3 Daemon Server] - 2026-01-14T14:43:25.180Z - [WATCHER]: libs/ngx-chat/package.json was modified
[NX v22.3.3 Daemon Server] - 2026-01-14T14:43:25.181Z - [SYNC]: clearing sync generators cache due to file changes
[NX v22.3.3 Daemon Server] - 2026-01-14T14:43:25.181Z - [WATCHER]: Processing file changes in outputs
[NX v22.3.3 Daemon Server] - 2026-01-14T14:43:27.211Z - [WATCHER]: libs/ngx-xmpp/package.json was modified
[NX v22.3.3 Daemon Server] - 2026-01-14T14:43:27.211Z - [SYNC]: clearing sync generators cache due to file changes
[NX v22.3.3 Daemon Server] - 2026-01-14T14:43:27.211Z - [WATCHER]: Processing file changes in outputs
[NX v22.3.3 Daemon Server] - 2026-01-14T14:43:29.306Z - [WATCHER]: libs/xmpp-adapter/package.json was modified
[NX v22.3.3 Daemon Server] - 2026-01-14T14:43:29.307Z - [SYNC]: clearing sync generators cache due to file changes
[NX v22.3.3 Daemon Server] - 2026-01-14T14:43:29.307Z - [WATCHER]: Processing file changes in outputs
[NX v22.3.3 Daemon Server] - 2026-01-14T14:43:31.405Z - [WATCHER]: Processing file changes in outputs
[NX v22.3.3 Daemon Server] - 2026-01-14T14:43:31.406Z - [WATCHER]: libs/ngx-chat-shared/package.json was modified
[NX v22.3.3 Daemon Server] - 2026-01-14T14:43:31.406Z - [SYNC]: clearing sync generators cache due to file changes
[NX v22.3.3 Daemon Server] - 2026-01-14T14:43:31.590Z - [REQUEST]: Updated workspace context based on watched changes, recomputing project graph...
[NX v22.3.3 Daemon Server] - 2026-01-14T14:43:31.590Z - [REQUEST]: libs/ngx-chat/package.json,libs/ngx-xmpp/package.json,libs/xmpp-adapter/package.json,libs/ngx-chat-shared/package.json
[NX v22.3.3 Daemon Server] - 2026-01-14T14:43:31.590Z - [REQUEST]: 
[NX v22.3.3 Daemon Server] - 2026-01-14T14:43:31.599Z - Time taken for 'hash changed files from watcher' 3.936542000155896ms
Time for 'nx/core/project-json:createNodes' 7.369332999922335
Time for 'nx/core/package-json:createNodes' 10.536583000328392
Time for 'nx/js/dependencies-and-lockfile:createNodes' 15.99645800003782
[NX v22.3.3 Daemon Server] - 2026-01-14T14:43:31.635Z - Time taken for 'build-project-configs' 25.483667000196874ms
Time for 'build typescript dependencies' 2.9233329999260604
[NX v22.3.3 Daemon Server] - 2026-01-14T14:43:31.657Z - [SYNC]: collect registered sync generators
[NX v22.3.3 Daemon Server] - 2026-01-14T14:43:31.657Z - [SYNC]: nx.json hash is the same, not collecting global sync generators
[NX v22.3.3 Daemon Server] - 2026-01-14T14:43:31.657Z - Time taken for 'total execution time for createProjectGraph()' 30.95595799991861ms
[NX v22.3.3 Daemon Server] - 2026-01-14T14:43:33.449Z - [WATCHER]: README.md was modified
[NX v22.3.3 Daemon Server] - 2026-01-14T14:43:33.449Z - [SYNC]: clearing sync generators cache due to file changes
[NX v22.3.3 Daemon Server] - 2026-01-14T14:43:33.449Z - [WATCHER]: Processing file changes in outputs
[NX v22.3.3 Daemon Server] - 2026-01-14T14:43:39.861Z - [REQUEST]: Updated workspace context based on watched changes, recomputing project graph...
[NX v22.3.3 Daemon Server] - 2026-01-14T14:43:39.861Z - [REQUEST]: README.md
[NX v22.3.3 Daemon Server] - 2026-01-14T14:43:39.861Z - [REQUEST]: 
[NX v22.3.3 Daemon Server] - 2026-01-14T14:43:39.867Z - Time taken for 'hash changed files from watcher' 9.401334000285715ms
Time for 'nx/core/project-json:createNodes' 0.6914169997908175
Time for 'nx/core/package-json:createNodes' 1.8252920000813901
Time for 'nx/js/dependencies-and-lockfile:createNodes' 10.523792000021785
[NX v22.3.3 Daemon Server] - 2026-01-14T14:43:39.898Z - Time taken for 'build-project-configs' 18.790874999947846ms
Time for 'build typescript dependencies' 0.016750000417232513
[NX v22.3.3 Daemon Server] - 2026-01-14T14:43:39.923Z - [SYNC]: collect registered sync generators
[NX v22.3.3 Daemon Server] - 2026-01-14T14:43:39.923Z - [SYNC]: project graph hash is the same, not collecting task sync generators
[NX v22.3.3 Daemon Server] - 2026-01-14T14:43:39.923Z - [SYNC]: nx.json hash is the same, not collecting global sync generators
[NX v22.3.3 Daemon Server] - 2026-01-14T14:43:39.923Z - Time taken for 'total execution time for createProjectGraph()' 30.644666000269353ms
